Source,Target
0,58
0,209
0,230
0,307
0,330
0,392
0,463
0,571
0,578
0,609
0,663
0,733
0,780
4,207
4,255
4,343
4,541
4,769
6,7
6,8
6,12
6,13
6,14
6,17
6,28
6,37
6,49
6,53
6,54
6,55
6,56
6,57
6,59
6,60
6,61
6,70
6,71
6,72
6,77
6,82
6,91
6,95
6,104
6,108
6,126
6,127
6,128
6,129
6,132
6,133
6,134
6,135
6,138
6,141
6,164
6,165
6,166
6,177
6,178
6,182
6,188
6,191
6,211
6,212
6,216
6,218
6,222
6,240
6,241
6,242
6,243
6,259
6,275
6,295
6,297
6,315
6,323
6,327
6,351
6,354
6,360
6,368
6,379
6,381
6,382
6,383
6,384
6,385
6,386
6,391
6,396
6,398
6,399
6,400
6,402
6,405
6,415
6,416
6,417
6,436
6,442
6,451
6,470
6,473
6,474
6,475
6,477
6,484
6,500
6,501
6,507
6,555
6,569
6,582
6,590
6,592
6,596
6,611
6,616
6,643
6,651
6,663
6,684
6,689
6,693
6,694
6,745
6,746
6,750
6,751
6,753
6,758
6,781
6,786
6,797
7,8
7,12
7,13
7,14
7,17
7,28
7,37
7,43
7,49
7,53
7,54
7,55
7,56
7,57
7,59
7,60
7,61
7,70
7,71
7,72
7,77
7,82
7,90
7,91
7,95
7,98
7,104
7,108
7,114
7,116
7,126
7,127
7,128
7,129
7,132
7,133
7,134
7,135
7,138
7,141
7,153
7,159
7,160
7,164
7,165
7,166
7,177
7,178
7,179
7,182
7,188
7,191
7,199
7,209
7,211
7,212
7,214
7,218
7,222
7,240
7,241
7,242
7,243
7,259
7,263
7,274
7,275
7,289
7,295
7,297
7,302
7,303
7,304
7,309
7,315
7,316
7,322
7,323
7,330
7,344
7,351
7,354
7,359
7,360
7,368
7,371
7,379
7,381
7,382
7,383
7,384
7,385
7,386
7,387
7,391
7,396
7,398
7,399
7,400
7,402
7,405
7,415
7,416
7,417
7,425
7,436
7,438
7,442
7,451
7,453
7,470
7,473
7,474
7,475
7,477
7,484
7,485
7,487
7,507
7,519
7,555
7,569
7,581
7,582
7,590
7,591
7,592
7,593
7,596
7,600
7,608
7,611
7,612
7,616
7,629
7,643
7,651
7,663
7,669
7,684
7,689
7,693
7,694
7,697
7,737
7,745
7,746
7,750
7,751
7,753
7,759
7,774
7,776
7,781
7,786
7,797
8,12
8,13
8,17
8,28
8,37
8,43
8,49
8,53
8,54
8,55
8,56
8,57
8,59
8,60
8,61
8,70
8,71
8,72
8,77
8,82
8,91
8,104
8,108
8,126
8,127
8,128
8,129
8,132
8,133
8,134
8,135
8,138
8,141
8,157
8,165
8,166
8,177
8,178
8,182
8,188
8,191
8,211
8,212
8,215
8,218
8,220
8,222
8,240
8,241
8,242
8,243
8,251
8,259
8,263
8,275
8,289
8,295
8,297
8,302
8,303
8,304
8,312
8,315
8,323
8,331
8,351
8,354
8,359
8,360
8,368
8,371
8,379
8,381
8,383
8,384
8,385
8,386
8,387
8,391
8,395
8,396
8,398
8,399
8,400
8,402
8,405
8,415
8,425
8,442
8,470
8,473
8,474
8,475
8,477
8,484
8,555
8,569
8,578
8,590
8,593
8,596
8,611
8,612
8,616
8,643
8,663
8,669
8,684
8,689
8,693
8,694
8,695
8,697
8,700
8,745
8,746
8,750
8,751
8,753
8,781
8,786
8,797
9,16
9,42
9,52
9,75
9,78
9,80
9,100
9,101
9,105
9,106
9,117
9,119
9,120
9,121
9,122
9,124
9,125
9,151
9,154
9,168
9,176
9,185
9,187
9,202
9,208
9,234
9,254
9,255
9,257
9,261
9,276
9,277
9,285
9,287
9,292
9,299
9,300
9,320
9,333
9,341
9,343
9,347
9,348
9,356
9,365
9,366
9,373
9,375
9,389
9,390
9,397
9,404
9,412
9,420
9,421
9,422
9,424
9,426
9,428
9,429
9,430
9,431
9,433
9,434
9,435
9,437
9,439
9,461
9,464
9,467
9,471
9,472
9,486
9,488
9,490
9,492
9,498
9,505
9,508
9,509
9,524
9,526
9,527
9,589
9,598
9,613
9,628
9,631
9,632
9,633
9,635
9,656
9,667
9,690
9,701
9,717
9,720
9,740
9,741
9,744
9,747
9,762
9,763
9,783
9,792
9,794
9,800
9,801
12,13
12,14
12,17
12,28
12,35
12,37
12,43
12,49
12,53
12,54
12,55
12,56
12,57
12,59
12,60
12,61
12,70
12,71
12,72
12,77
12,82
12,90
12,91
12,95
12,98
12,104
12,108
12,114
12,116
12,123
12,126
12,127
12,128
12,129
12,132
12,133
12,134
12,135
12,138
12,141
12,153
12,159
12,160
12,164
12,165
12,166
12,177
12,178
12,179
12,182
12,188
12,191
12,199
12,209
12,211
12,212
12,214
12,215
12,216
12,218
12,222
12,223
12,240
12,241
12,242
12,243
12,250
12,251
12,259
12,263
12,274
12,275
12,289
12,295
12,297
12,303
12,307
12,315
12,316
12,322
12,329
12,330
12,331
12,344
12,351
12,354
12,359
12,360
12,362
12,368
12,371
12,377
12,379
12,381
12,382
12,383
12,384
12,385
12,386
12,387
12,391
12,395
12,396
12,398
12,399
12,400
12,402
12,405
12,415
12,416
12,417
12,425
12,436
12,438
12,442
12,451
12,470
12,473
12,474
12,475
12,477
12,484
12,485
12,487
12,496
12,501
12,507
12,511
12,519
12,555
12,569
12,581
12,582
12,590
12,591
12,592
12,593
12,596
12,608
12,611
12,612
12,616
12,629
12,643
12,651
12,663
12,684
12,689
12,693
12,694
12,696
12,697
12,745
12,746
12,750
12,751
12,753
12,759
12,774
12,776
12,781
12,786
12,797
12,811
13,14
13,17
13,28
13,37
13,43
13,49
13,53
13,54
13,55
13,56
13,57
13,59
13,60
13,61
13,70
13,71
13,72
13,77
13,82
13,90
13,91
13,95
13,98
13,104
13,108
13,114
13,126
13,127
13,128
13,129
13,132
13,133
13,134
13,135
13,138
13,141
13,153
13,159
13,160
13,164
13,165
13,166
13,177
13,178
13,179
13,182
13,188
13,191
13,199
13,209
13,211
13,212
13,214
13,215
13,216
13,218
13,222
13,223
13,240
13,241
13,242
13,243
13,250
13,251
13,259
13,263
13,274
13,275
13,289
13,295
13,297
13,303
13,307
13,315
13,316
13,322
13,327
13,330
13,331
13,344
13,351
13,354
13,359
13,360
13,362
13,368
13,371
13,377
13,379
13,381
13,382
13,383
13,384
13,385
13,386
13,387
13,391
13,392
13,396
13,398
13,399
13,400
13,402
13,403
13,405
13,415
13,416
13,417
13,425
13,436
13,438
13,442
13,451
13,470
13,473
13,474
13,475
13,477
13,482
13,484
13,485
13,487
13,501
13,511
13,519
13,555
13,556
13,569
13,581
13,582
13,590
13,591
13,592
13,593
13,596
13,611
13,612
13,616
13,629
13,643
13,651
13,663
13,684
13,689
13,693
13,694
13,696
13,697
13,700
13,745
13,746
13,750
13,751
13,753
13,759
13,774
13,776
13,781
13,786
13,797
13,811
14,17
14,53
14,54
14,56
14,61
14,70
14,72
14,82
14,104
14,126
14,127
14,128
14,129
14,133
14,134
14,138
14,164
14,177
14,178
14,182
14,188
14,241
14,243
14,259
14,274
14,295
14,312
14,315
14,322
14,344
14,351
14,360
14,384
14,385
14,386
14,387
14,391
14,395
14,396
14,398
14,400
14,402
14,470
14,474
14,477
14,484
14,569
14,592
14,596
14,600
14,611
14,616
14,629
14,643
14,689
14,694
14,745
14,746
14,750
14,751
14,753
14,774
14,797
15,46
15,83
15,186
15,197
15,234
15,246
15,291
15,302
15,303
15,311
15,332
15,367
15,372
15,374
15,385
15,395
15,427
15,455
15,494
15,514
15,528
15,536
15,539
15,543
15,544
15,591
15,600
15,608
15,614
15,618
15,626
15,653
15,660
15,667
15,669
15,706
15,712
15,788
16,32
16,66
16,75
16,100
16,106
16,117
16,124
16,125
16,147
16,148
16,163
16,168
16,171
16,172
16,185
16,187
16,208
16,226
16,249
16,255
16,276
16,277
16,299
16,320
16,341
16,345
16,356
16,380
16,408
16,412
16,413
16,420
16,421
16,424
16,429
16,431
16,433
16,439
16,457
16,459
16,461
16,464
16,467
16,472
16,490
16,526
16,566
16,583
16,585
16,589
16,613
16,619
16,628
16,698
16,707
16,717
16,762
16,763
16,773
16,792
16,794
17,28
17,29
17,37
17,43
17,49
17,53
17,54
17,55
17,56
17,57
17,59
17,60
17,61
17,70
17,71
17,72
17,77
17,82
17,90
17,91
17,95
17,98
17,99
17,104
17,108
17,114
17,116
17,123
17,126
17,127
17,128
17,129
17,132
17,133
17,134
17,135
17,138
17,141
17,153
17,159
17,160
17,164
17,165
17,166
17,170
17,177
17,178
17,179
17,182
17,188
17,191
17,199
17,209
17,211
17,212
17,214
17,215
17,216
17,218
17,220
17,222
17,240
17,241
17,242
17,243
17,250
17,259
17,263
17,274
17,275
17,289
17,295
17,297
17,302
17,303
17,307
17,315
17,316
17,322
17,323
17,329
17,330
17,344
17,351
17,354
17,359
17,360
17,362
17,368
17,371
17,377
17,379
17,381
17,382
17,383
17,384
17,385
17,386
17,387
17,391
17,395
17,396
17,398
17,399
17,400
17,402
17,403
17,405
17,415
17,416
17,417
17,425
17,436
17,438
17,442
17,451
17,453
17,470
17,473
17,474
17,475
17,477
17,484
17,485
17,487
17,493
17,495
17,496
17,501
17,507
17,511
17,519
17,555
17,569
17,582
17,590
17,591
17,592
17,593
17,596
17,608
17,611
17,612
17,616
17,629
17,643
17,651
17,663
17,684
17,689
17,693
17,694
17,696
17,697
17,745
17,746
17,750
17,751
17,753
17,759
17,774
17,776
17,781
17,784
17,785
17,786
17,797
17,811
18,304
18,324
18,594
28,37
28,43
28,49
28,53
28,54
28,55
28,56
28,57
28,59
28,60
28,61
28,70
28,71
28,72
28,77
28,82
28,90
28,91
28,95
28,98
28,104
28,108
28,114
28,116
28,123
28,126
28,127
28,128
28,129
28,132
28,133
28,134
28,135
28,138
28,141
28,153
28,159
28,160
28,165
28,166
28,177
28,178
28,179
28,182
28,188
28,191
28,199
28,209
28,211
28,212
28,214
28,215
28,218
28,222
28,230
28,240
28,241
28,242
28,243
28,250
28,263
28,274
28,275
28,289
28,295
28,297
28,303
28,307
28,309
28,315
28,316
28,322
28,323
28,329
28,330
28,351
28,354
28,359
28,360
28,362
28,368
28,371
28,377
28,378
28,379
28,381
28,382
28,383
28,384
28,385
28,386
28,387
28,391
28,395
28,396
28,398
28,399
28,400
28,402
28,405
28,415
28,416
28,417
28,425
28,436
28,438
28,442
28,451
28,470
28,473
28,474
28,475
28,477
28,482
28,484
28,485
28,487
28,493
28,495
28,496
28,501
28,511
28,517
28,519
28,555
28,569
28,581
28,582
28,590
28,591
28,592
28,593
28,596
28,608
28,611
28,612
28,616
28,643
28,651
28,663
28,684
28,689
28,693
28,694
28,696
28,697
28,745
28,746
28,750
28,751
28,753
28,759
28,776
28,781
28,786
28,797
28,804
29,35
29,38
29,43
29,60
29,62
29,67
29,68
29,69
29,72
29,76
29,82
29,85
29,99
29,103
29,110
29,114
29,116
29,123
29,128
29,129
29,136
29,137
29,138
29,140
29,164
29,166
29,177
29,180
29,183
29,188
29,199
29,204
29,214
29,215
29,220
29,225
29,228
29,232
29,235
29,242
29,268
29,270
29,271
29,272
29,273
29,275
29,286
29,293
29,297
29,315
29,316
29,326
29,331
29,335
29,340
29,342
29,346
29,352
29,358
29,359
29,360
29,361
29,364
29,368
29,379
29,381
29,382
29,383
29,391
29,396
29,399
29,400
29,402
29,416
29,436
29,438
29,441
29,444
29,445
29,447
29,448
29,449
29,450
29,454
29,462
29,476
29,478
29,479
29,480
29,484
29,485
29,487
29,489
29,491
29,493
29,496
29,497
29,500
29,503
29,504
29,511
29,512
29,518
29,521
29,525
29,530
29,532
29,534
29,537
29,547
29,555
29,556
29,557
29,558
29,559
29,564
29,570
29,574
29,599
29,608
29,616
29,617
29,624
29,641
29,684
29,686
29,691
29,692
29,694
29,696
29,697
29,702
29,703
29,704
29,705
29,714
29,721
29,735
29,737
29,738
29,739
29,742
29,743
29,745
29,746
29,758
29,767
29,771
29,781
29,782
29,784
29,785
29,790
29,795
29,797
29,798
29,809
29,810
30,41
30,46
30,64
30,80
30,94
30,117
30,120
30,121
30,139
30,148
30,149
30,154
30,168
30,172
30,176
30,186
30,195
30,234
30,239
30,246
30,255
30,260
30,274
30,277
30,285
30,291
30,298
30,299
30,302
30,365
30,367
30,374
30,375
30,406
30,408
30,413
30,421
30,424
30,426
30,435
30,453
30,477
30,494
30,509
30,514
30,531
30,538
30,541
30,542
30,543
30,544
30,566
30,578
30,595
30,600
30,610
30,631
30,660
30,669
30,676
30,698
30,699
30,701
30,706
30,716
30,717
30,747
30,752
30,762
31,43
31,55
31,69
31,71
31,82
31,95
31,99
31,103
31,123
31,128
31,136
31,141
31,153
31,159
31,164
31,166
31,170
31,177
31,179
31,216
31,220
31,225
31,232
31,240
31,250
31,268
31,273
31,274
31,275
31,315
31,322
31,334
31,340
31,344
31,351
31,352
31,360
31,361
31,386
31,387
31,388
31,391
31,399
31,400
31,438
31,453
31,470
31,473
31,487
31,493
31,494
31,495
31,570
31,574
31,582
31,593
31,596
31,600
31,604
31,612
31,617
31,623
31,624
31,625
31,643
31,691
31,737
31,738
31,749
31,755
31,767
31,774
31,776
31,782
31,784
31,790
31,795
32,63
32,66
32,148
32,154
32,155
32,163
32,168
32,172
32,176
32,221
32,226
32,227
32,255
32,258
32,260
32,265
32,276
32,277
32,298
32,299
32,306
32,308
32,345
32,406
32,408
32,434
32,435
32,439
32,457
32,468
32,472
32,509
32,535
32,566
32,583
32,585
32,610
32,619
32,632
32,636
32,666
32,698
32,707
32,717
32,725
32,754
32,762
32,773
33,156
33,338
33,419
33,463
33,465
33,466
33,502
33,506
33,510
33,516
33,529
33,540
33,791
33,792
33,793
34,42
34,75
34,78
34,80
34,101
34,103
34,105
34,110
34,122
34,143
34,151
34,202
34,220
34,225
34,228
34,231
34,232
34,287
34,292
34,300
34,332
34,333
34,334
34,339
34,340
34,348
34,352
34,357
34,389
34,390
34,437
34,486
34,488
34,492
34,493
34,515
34,524
34,563
34,570
34,573
34,574
34,575
34,617
34,618
34,623
34,624
34,625
34,633
34,635
34,656
34,667
34,674
34,701
34,720
34,732
34,734
34,738
34,740
34,741
34,795
34,799
35,38
35,43
35,62
35,67
35,68
35,69
35,76
35,82
35,85
35,98
35,104
35,110
35,114
35,116
35,128
35,129
35,136
35,137
35,140
35,180
35,183
35,188
35,199
35,204
35,214
35,215
35,216
35,218
35,220
35,235
35,241
35,268
35,270
35,271
35,272
35,273
35,275
35,286
35,293
35,297
35,315
35,316
35,326
35,331
35,335
35,346
35,354
35,358
35,359
35,364
35,368
35,371
35,377
35,379
35,381
35,382
35,383
35,396
35,399
35,400
35,403
35,405
35,415
35,416
35,417
35,436
35,438
35,442
35,443
35,444
35,445
35,446
35,447
35,448
35,449
35,450
35,454
35,462
35,476
35,478
35,479
35,480
35,485
35,487
35,489
35,491
35,493
35,496
35,497
35,500
35,503
35,504
35,511
35,512
35,518
35,521
35,525
35,530
35,534
35,537
35,547
35,556
35,557
35,558
35,559
35,564
35,599
35,616
35,641
35,686
35,691
35,692
35,694
35,696
35,697
35,702
35,703
35,735
35,738
35,742
35,743
35,746
35,751
35,753
35,758
35,767
35,771
35,782
35,784
35,785
35,790
35,797
35,798
35,809
35,810
36,94
36,172
36,203
36,206
36,207
36,317
36,345
36,456
36,583
36,610
36,628
36,752
36,770
36,773
37,43
37,49
37,53
37,54
37,55
37,56
37,57
37,59
37,60
37,61
37,70
37,71
37,72
37,77
37,82
37,90
37,91
37,95
37,104
37,108
37,114
37,123
37,126
37,127
37,128
37,129
37,132
37,133
37,134
37,135
37,138
37,141
37,153
37,159
37,160
37,164
37,165
37,166
37,170
37,177
37,178
37,179
37,182
37,188
37,191
37,199
37,209
37,211
37,212
37,214
37,218
37,222
37,223
37,240
37,241
37,242
37,243
37,250
37,259
37,263
37,274
37,275
37,289
37,295
37,297
37,302
37,304
37,309
37,311
37,315
37,316
37,322
37,323
37,327
37,344
37,351
37,354
37,360
37,368
37,379
37,381
37,382
37,384
37,385
37,386
37,387
37,391
37,395
37,396
37,398
37,399
37,400
37,402
37,405
37,415
37,416
37,438
37,442
37,451
37,453
37,470
37,473
37,474
37,475
37,477
37,484
37,485
37,487
37,501
37,507
37,519
37,542
37,555
37,569
37,578
37,581
37,582
37,590
37,591
37,592
37,593
37,596
37,600
37,604
37,611
37,612
37,616
37,643
37,651
37,663
37,669
37,684
37,689
37,693
37,694
37,737
37,745
37,746
37,749
37,750
37,751
37,753
37,759
37,774
37,776
37,781
37,786
37,797
38,43
38,62
38,67
38,68
38,69
38,76
38,85
38,99
38,103
38,110
38,116
38,123
38,136
38,137
38,139
38,140
38,164
38,170
38,175
38,179
38,180
38,183
38,199
38,216
38,220
38,225
38,228
38,231
38,232
38,235
38,259
38,268
38,270
38,271
38,272
38,273
38,275
38,286
38,293
38,297
38,315
38,316
38,322
38,331
38,334
38,340
38,342
38,346
38,352
38,358
38,360
38,364
38,391
38,409
38,436
38,438
38,444
38,462
38,476
38,478
38,479
38,480
38,485
38,487
38,489
38,491
38,493
38,496
38,497
38,500
38,503
38,504
38,511
38,512
38,518
38,521
38,525
38,530
38,532
38,534
38,545
38,547
38,556
38,557
38,558
38,559
38,564
38,570
38,574
38,592
38,599
38,600
38,617
38,624
38,686
38,691
38,702
38,703
38,704
38,705
38,714
38,735
38,737
38,738
38,742
38,743
38,758
38,767
38,771
38,782
38,784
38,785
38,790
38,795
38,798
38,810
41,46
41,63
41,66
41,84
41,91
41,102
41,121
41,122
41,139
41,141
41,148
41,149
41,157
41,163
41,186
41,195
41,206
41,207
41,213
41,220
41,221
41,234
41,236
41,237
41,238
41,246
41,258
41,259
41,260
41,265
41,267
41,277
41,285
41,291
41,299
41,302
41,308
41,310
41,312
41,321
41,345
41,361
41,365
41,367
41,372
41,374
41,380
41,388
41,390
41,406
41,413
41,421
41,453
41,457
41,483
41,494
41,514
41,538
41,541
41,542
41,543
41,544
41,566
41,595
41,596
41,602
41,610
41,635
41,660
41,669
41,698
41,707
41,725
41,737
41,752
41,755
41,770
41,786
42,75
42,78
42,80
42,100
42,101
42,105
42,106
42,117
42,119
42,124
42,125
42,143
42,151
42,154
42,168
42,176
42,185
42,187
42,202
42,254
42,257
42,261
42,276
42,287
42,292
42,300
42,320
42,332
42,333
42,339
42,341
42,347
42,348
42,356
42,357
42,366
42,373
42,375
42,389
42,390
42,397
42,404
42,412
42,420
42,421
42,422
42,424
42,428
42,429
42,430
42,431
42,433
42,434
42,437
42,439
42,461
42,464
42,467
42,472
42,486
42,488
42,490
42,492
42,498
42,505
42,509
42,524
42,526
42,527
42,589
42,598
42,613
42,618
42,631
42,633
42,635
42,656
42,667
42,674
42,690
42,701
42,717
42,720
42,732
42,734
42,740
42,741
42,744
42,762
42,763
42,783
42,792
42,794
42,799
43,53
43,54
43,56
43,57
43,60
43,61
43,71
43,72
43,82
43,91
43,99
43,104
43,116
43,123
43,126
43,127
43,128
43,129
43,132
43,134
43,135
43,137
43,138
43,140
43,141
43,164
43,177
43,179
43,188
43,199
43,214
43,216
43,218
43,220
43,240
43,241
43,243
43,259
43,268
43,270
43,271
43,273
43,275
43,295
43,297
43,315
43,316
43,322
43,323
43,331
43,344
43,354
43,360
43,361
43,368
43,379
43,381
43,385
43,386
43,387
43,391
43,396
43,398
43,399
43,400
43,402
43,436
43,438
43,442
43,462
43,470
43,473
43,474
43,476
43,477
43,479
43,480
43,484
43,485
43,487
43,489
43,491
43,493
43,494
43,495
43,496
43,497
43,500
43,503
43,504
43,511
43,512
43,518
43,521
43,525
43,555
43,556
43,569
43,590
43,592
43,596
43,611
43,612
43,616
43,643
43,663
43,684
43,689
43,691
43,693
43,694
43,735
43,742
43,745
43,746
43,751
43,753
43,767
43,774
43,781
43,784
43,785
43,790
43,797
44,57
44,60
44,77
44,745
46,55
46,69
46,83
46,90
46,97
46,121
46,122
46,139
46,148
46,149
46,153
46,155
46,159
46,160
46,170
46,175
46,182
46,186
46,195
46,206
46,223
46,234
46,237
46,246
46,250
46,262
46,274
46,285
46,291
46,302
46,303
46,310
46,312
46,313
46,317
46,322
46,332
46,337
46,344
46,363
46,367
46,374
46,385
46,387
46,388
46,389
46,395
46,406
46,410
46,427
46,435
46,453
46,457
46,469
46,494
46,507
46,514
46,523
46,528
46,536
46,541
46,543
46,544
46,545
46,546
46,581
46,582
46,591
46,592
46,593
46,596
46,600
46,604
46,608
46,612
46,618
46,626
46,629
46,660
46,669
46,705
46,706
46,711
46,712
46,716
46,734
46,737
46,749
46,752
46,755
46,756
46,770
46,776
49,53
49,54
49,56
49,57
49,60
49,61
49,70
49,71
49,72
49,77
49,82
49,91
49,104
49,108
49,126
49,127
49,128
49,129
49,132
49,133
49,134
49,135
49,138
49,141
49,153
49,159
49,164
49,166
49,177
49,182
49,188
49,191
49,211
49,216
49,218
49,222
49,240
49,241
49,242
49,243
49,259
49,275
49,289
49,295
49,297
49,303
49,315
49,316
49,322
49,323
49,344
49,351
49,354
49,360
49,379
49,381
49,382
49,385
49,386
49,387
49,391
49,396
49,398
49,399
49,400
49,402
49,425
49,442
49,470
49,473
49,474
49,475
49,477
49,484
49,501
49,555
49,569
49,582
49,590
49,593
49,596
49,604
49,611
49,612
49,616
49,626
49,629
49,643
49,651
49,663
49,684
49,689
49,693
49,694
49,745
49,746
49,750
49,751
49,753
49,759
49,774
49,781
49,784
49,797
52,75
52,78
52,79
52,80
52,100
52,106
52,117
52,119
52,120
52,122
52,124
52,125
52,151
52,154
52,155
52,168
52,176
52,185
52,187
52,202
52,208
52,234
52,254
52,256
52,257
52,261
52,262
52,276
52,277
52,292
52,300
52,317
52,320
52,332
52,333
52,341
52,343
52,347
52,356
52,365
52,366
52,373
52,375
52,397
52,404
52,412
52,420
52,421
52,422
52,424
52,426
52,428
52,429
52,430
52,431
52,433
52,434
52,435
52,439
52,461
52,464
52,467
52,471
52,472
52,486
52,488
52,490
52,492
52,498
52,505
52,508
52,509
52,524
52,526
52,527
52,536
52,539
52,589
52,598
52,613
52,614
52,618
52,631
52,648
52,653
52,667
52,690
52,717
52,720
52,732
52,734
52,744
52,762
52,763
52,783
52,788
52,792
52,794
52,800
52,801
53,54
53,55
53,56
53,57
53,59
53,60
53,61
53,70
53,71
53,72
53,77
53,82
53,90
53,91
53,95
53,98
53,104
53,108
53,114
53,123
53,126
53,127
53,128
53,129
53,132
53,133
53,134
53,135
53,138
53,141
53,153
53,159
53,160
53,164
53,165
53,166
53,177
53,178
53,179
53,182
53,188
53,191
53,199
53,209
53,211
53,212
53,214
53,216
53,218
53,220
53,222
53,223
53,240
53,241
53,242
53,243
53,250
53,251
53,259
53,263
53,274
53,275
53,289
53,295
53,297
53,303
53,309
53,315
53,316
53,322
53,323
53,330
53,351
53,354
53,359
53,360
53,362
53,368
53,371
53,379
53,381
53,382
53,383
53,384
53,385
53,386
53,391
53,396
53,398
53,399
53,400
53,402
53,403
53,405
53,410
53,415
53,416
53,417
53,425
53,436
53,438
53,442
53,451
53,453
53,470
53,473
53,474
53,475
53,477
53,484
53,485
53,487
53,493
53,496
53,501
53,507
53,511
53,517
53,519
53,555
53,556
53,569
53,582
53,590
53,591
53,592
53,593
53,596
53,608
53,611
53,612
53,616
53,629
53,643
53,651
53,663
53,684
53,689
53,693
53,694
53,696
53,697
53,745
53,746
53,750
53,751
53,753
53,759
53,774
53,776
53,781
53,786
53,797
53,811
54,55
54,56
54,57
54,59
54,60
54,61
54,70
54,71
54,72
54,77
54,82
54,90
54,91
54,95
54,99
54,104
54,108
54,114
54,116
54,123
54,126
54,127
54,128
54,129
54,132
54,133
54,134
54,135
54,138
54,141
54,153
54,159
54,160
54,164
54,165
54,166
54,170
54,177
54,178
54,179
54,182
54,188
54,191
54,199
54,209
54,211
54,212
54,214
54,216
54,218
54,222
54,240
54,241
54,242
54,243
54,250
54,251
54,259
54,263
54,274
54,275
54,289
54,295
54,297
54,302
54,303
54,309
54,315
54,316
54,322
54,323
54,344
54,351
54,354
54,359
54,360
54,368
54,371
54,379
54,381
54,382
54,383
54,384
54,385
54,386
54,387
54,391
54,395
54,396
54,398
54,399
54,400
54,402
54,405
54,415
54,416
54,417
54,436
54,438
54,442
54,451
54,453
54,470
54,473
54,474
54,475
54,477
54,484
54,485
54,487
54,493
54,495
54,507
54,511
54,555
54,569
54,582
54,590
54,591
54,592
54,593
54,596
54,608
54,611
54,612
54,616
54,629
54,643
54,651
54,663
54,669
54,684
54,689
54,693
54,694
54,696
54,697
54,745
54,746
54,750
54,751
54,753
54,759
54,774
54,776
54,781
54,784
54,786
54,797
55,56
55,57
55,59
55,60
55,61
55,69
55,71
55,72
55,82
55,90
55,91
55,95
55,97
55,104
55,123
55,126
55,127
55,128
55,129
55,132
55,134
55,135
55,136
55,138
55,139
55,141
55,149
55,153
55,159
55,160
55,164
55,166
55,170
55,177
55,179
55,182
55,188
55,191
55,194
55,195
55,199
55,215
55,218
55,222
55,223
55,237
55,240
55,241
55,242
55,243
55,250
55,259
55,274
55,275
55,295
55,297
55,302
55,303
55,310
55,315
55,322
55,337
55,344
55,351
55,354
55,360
55,362
55,367
55,371
55,374
55,379
55,381
55,384
55,385
55,386
55,387
55,388
55,395
55,396
55,398
55,399
55,400
55,402
55,405
55,409
55,410
55,416
55,442
55,453
55,469
55,470
55,473
55,474
55,475
55,477
55,484
55,485
55,487
55,494
55,507
55,514
55,517
55,544
55,555
55,569
55,581
55,582
55,590
55,591
55,592
55,593
55,596
55,600
55,604
55,605
55,611
55,612
55,616
55,629
55,633
55,643
55,660
55,663
55,669
55,684
55,689
55,694
55,712
55,716
55,737
55,738
55,745
55,746
55,749
55,750
55,751
55,753
55,755
55,760
55,770
55,774
55,776
55,781
55,797
56,57
56,59
56,60
56,61
56,70
56,71
56,72
56,77
56,82
56,90
56,91
56,95
56,98
56,104
56,108
56,126
56,127
56,128
56,129
56,132
56,133
56,134
56,135
56,138
56,141
56,153
56,159
56,160
56,164
56,165
56,166
56,170
56,177
56,178
56,179
56,182
56,188
56,191
56,199
56,211
56,212
56,218
56,220
56,222
56,240
56,241
56,242
56,243
56,250
56,259
56,263
56,274
56,275
56,289
56,295
56,297
56,302
56,303
56,309
56,310
56,312
56,316
56,322
56,324
56,344
56,351
56,354
56,360
56,362
56,368
56,371
56,379
56,381
56,382
56,383
56,384
56,385
56,386
56,391
56,395
56,396
56,398
56,399
56,400
56,402
56,405
56,410
56,415
56,416
56,417
56,425
56,442
56,451
56,453
56,470
56,473
56,474
56,475
56,477
56,484
56,485
56,501
56,507
56,517
56,555
56,556
56,569
56,582
56,590
56,591
56,592
56,593
56,596
56,600
56,611
56,612
56,616
56,629
56,643
56,651
56,663
56,669
56,684
56,689
56,693
56,694
56,696
56,697
56,745
56,746
56,750
56,751
56,753
56,759
56,774
56,776
56,781
56,786
56,788
56,797
57,59
57,60
57,61
57,70
57,71
57,72
57,76
57,77
57,82
57,90
57,91
57,95
57,98
57,102
57,104
57,108
57,114
57,123
57,126
57,127
57,128
57,129
57,132
57,133
57,134
57,135
57,138
57,141
57,153
57,159
57,164
57,165
57,166
57,177
57,178
57,182
57,188
57,191
57,199
57,209
57,211
57,212
57,214
57,216
57,218
57,220
57,222
57,240
57,241
57,242
57,243
57,250
57,259
57,263
57,274
57,275
57,289
57,295
57,297
57,302
57,303
57,307
57,309
57,315
57,316
57,322
57,323
57,327
57,331
57,344
57,351
57,354
57,359
57,360
57,368
57,371
57,377
57,379
57,381
57,382
57,383
57,384
57,385
57,386
57,387
57,391
57,396
57,398
57,399
57,400
57,402
57,403
57,405
57,410
57,415
57,416
57,417
57,425
57,436
57,438
57,442
57,451
57,453
57,470
57,473
57,474
57,475
57,477
57,482
57,484
57,485
57,487
57,495
57,496
57,501
57,507
57,517
57,519
57,555
57,556
57,569
57,582
57,590
57,591
57,592
57,593
57,596
57,600
57,608
57,611
57,612
57,616
57,629
57,643
57,651
57,663
57,684
57,689
57,693
57,694
57,696
57,697
57,737
57,745
57,746
57,750
57,751
57,753
57,759
57,774
57,776
57,781
57,786
57,797
58,108
58,157
58,173
58,209
58,230
58,307
58,324
58,330
58,378
58,392
58,571
58,578
58,733
58,760
58,780
59,60
59,61
59,72
59,82
59,90
59,91
59,95
59,104
59,108
59,126
59,127
59,128
59,129
59,132
59,134
59,135
59,138
59,141
59,177
59,182
59,188
59,191
59,211
59,218
59,222
59,240
59,241
59,243
59,263
59,274
59,275
59,297
59,304
59,351
59,354
59,360
59,371
59,382
59,384
59,385
59,386
59,398
59,399
59,400
59,402
59,442
59,451
59,453
59,470
59,473
59,474
59,475
59,477
59,484
59,507
59,555
59,569
59,590
59,596
59,611
59,612
59,616
59,651
59,663
59,684
59,689
59,693
59,694
59,745
59,746
59,750
59,751
59,753
59,776
59,781
59,797
60,61
60,70
60,71
60,72
60,77
60,82
60,90
60,91
60,95
60,98
60,99
60,104
60,108
60,114
60,116
60,123
60,126
60,127
60,128
60,129
60,132
60,133
60,134
60,135
60,138
60,141
60,153
60,157
60,159
60,160
60,164
60,165
60,166
60,177
60,178
60,179
60,182
60,188
60,191
60,199
60,209
60,211
60,212
60,214
60,216
60,218
60,220
60,222
60,240
60,241
60,242
60,243
60,250
60,251
60,259
60,274
60,275
60,289
60,295
60,297
60,302
60,303
60,307
60,309
60,315
60,316
60,322
60,323
60,327
60,329
60,330
60,331
60,344
60,351
60,354
60,359
60,360
60,362
60,368
60,371
60,378
60,379
60,381
60,382
60,383
60,384
60,385
60,386
60,387
60,391
60,395
60,396
60,398
60,399
60,400
60,402
60,405
60,415
60,416
60,417
60,425
60,436
60,438
60,442
60,451
60,453
60,470
60,473
60,474
60,475
60,477
60,484
60,485
60,487
60,493
60,495
60,496
60,501
60,507
60,511
60,519
60,555
60,556
60,569
60,581
60,582
60,590
60,591
60,592
60,593
60,596
60,604
60,608
60,611
60,612
60,616
60,629
60,643
60,651
60,663
60,684
60,689
60,693
60,694
60,696
60,697
60,745
60,746
60,750
60,751
60,753
60,759
60,774
60,776
60,781
60,784
60,786
60,797
61,70
61,71
61,72
61,77
61,82
61,90
61,91
61,95
61,104
61,108
61,123
61,126
61,127
61,128
61,129
61,132
61,133
61,134
61,135
61,138
61,141
61,153
61,159
61,160
61,164
61,165
61,166
61,177
61,178
61,179
61,182
61,188
61,191
61,209
61,211
61,212
61,214
61,216
61,218
61,220
61,222
61,240
61,241
61,242
61,243
61,250
61,259
61,274
61,275
61,289
61,295
61,297
61,309
61,315
61,322
61,323
61,329
61,331
61,344
61,351
61,354
61,360
61,368
61,371
61,379
61,381
61,382
61,383
61,384
61,385
61,386
61,387
61,391
61,395
61,396
61,398
61,399
61,400
61,402
61,405
61,415
61,416
61,438
61,442
61,451
61,470
61,473
61,474
61,475
61,477
61,484
61,485
61,495
61,507
61,555
61,569
61,581
61,582
61,590
61,591
61,592
61,593
61,596
61,604
61,608
61,611
61,612
61,616
61,629
61,643
61,651
61,663
61,684
61,689
61,693
61,694
61,713
61,745
61,746
61,749
61,750
61,751
61,753
61,759
61,774
61,776
61,781
61,784
61,786
61,797
61,811
62,67
62,68
62,69
62,76
62,85
62,110
62,116
62,136
62,137
62,140
62,180
62,183
62,216
62,218
62,220
62,235
62,268
62,270
62,271
62,272
62,273
62,275
62,293
62,295
62,311
62,315
62,316
62,331
62,354
62,358
62,364
62,436
62,438
62,444
62,454
62,462
62,476
62,478
62,479
62,480
62,489
62,491
62,493
62,496
62,497
62,500
62,503
62,504
62,511
62,512
62,518
62,521
62,525
62,530
62,532
62,534
62,537
62,547
62,556
62,557
62,558
62,559
62,563
62,564
62,575
62,599
62,608
62,617
62,623
62,686
62,691
62,702
62,703
62,704
62,714
62,721
62,735
62,737
62,738
62,739
62,742
62,743
62,758
62,767
62,771
62,782
62,784
62,785
62,790
62,795
62,798
62,810
63,66
63,94
63,102
63,109
63,141
63,148
63,154
63,155
63,171
63,172
63,176
63,192
63,193
63,203
63,207
63,224
63,226
63,238
63,239
63,260
63,262
63,265
63,299
63,306
63,307
63,308
63,325
63,345
63,406
63,413
63,414
63,434
63,457
63,458
63,506
63,533
63,538
63,566
63,585
63,602
63,610
63,619
63,631
63,636
63,650
63,652
63,666
63,725
63,754
63,770
63,773
63,789
64,171
64,207
64,226
64,236
64,239
64,249
64,258
64,265
64,308
64,375
64,380
64,413
64,457
64,509
64,538
64,542
64,566
64,595
64,676
64,707
64,723
64,754
64,773
64,775
64,789
66,142
66,155
66,171
66,172
66,192
66,203
66,226
66,227
66,238
66,239
66,255
66,258
66,265
66,299
66,306
66,307
66,308
66,324
66,325
66,345
66,408
66,414
66,457
66,458
66,459
66,465
66,468
66,483
66,510
66,516
66,566
66,579
66,580
66,583
66,585
66,594
66,602
66,619
66,636
66,649
66,650
66,652
66,653
66,660
66,666
66,707
66,723
66,725
66,754
66,770
66,773
66,789
67,68
67,69
67,76
67,85
67,110
67,116
67,123
67,136
67,137
67,140
67,164
67,175
67,180
67,183
67,199
67,204
67,216
67,220
67,235
67,268
67,270
67,271
67,272
67,273
67,275
67,286
67,293
67,315
67,316
67,331
67,340
67,342
67,358
67,364
67,436
67,438
67,444
67,454
67,462
67,476
67,478
67,479
67,480
67,485
67,487
67,489
67,491
67,493
67,496
67,497
67,500
67,503
67,504
67,511
67,512
67,518
67,521
67,525
67,530
67,532
67,534
67,537
67,547
67,556
67,557
67,558
67,559
67,563
67,564
67,574
67,599
67,608
67,617
67,686
67,691
67,702
67,703
67,704
67,705
67,714
67,721
67,735
67,737
67,738
67,739
67,742
67,743
67,758
67,767
67,771
67,782
67,784
67,785
67,790
67,795
67,798
67,810
68,69
68,76
68,85
68,110
68,116
68,123
68,136
68,137
68,140
68,164
68,179
68,180
68,183
68,199
68,216
68,220
68,231
68,235
68,268
68,270
68,271
68,272
68,273
68,275
68,297
68,315
68,316
68,331
68,342
68,358
68,364
68,436
68,438
68,444
68,462
68,476
68,478
68,479
68,480
68,485
68,487
68,489
68,491
68,493
68,496
68,497
68,500
68,503
68,504
68,511
68,512
68,518
68,521
68,525
68,530
68,556
68,557
68,558
68,559
68,564
68,599
68,686
68,691
68,702
68,703
68,714
68,735
68,737
68,738
68,742
68,743
68,758
68,767
68,771
68,782
68,784
68,785
68,790
68,798
68,810
69,76
69,85
69,90
69,95
69,97
69,110
69,116
69,121
69,122
69,123
69,136
69,137
69,139
69,140
69,143
69,149
69,153
69,159
69,160
69,164
69,170
69,175
69,179
69,180
69,183
69,186
69,195
69,199
69,220
69,231
69,234
69,235
69,246
69,250
69,259
69,268
69,270
69,271
69,272
69,273
69,274
69,285
69,291
69,302
69,310
69,316
69,322
69,331
69,337
69,342
69,344
69,364
69,367
69,374
69,387
69,388
69,389
69,409
69,410
69,436
69,438
69,444
69,453
69,462
69,469
69,476
69,478
69,479
69,480
69,485
69,487
69,489
69,491
69,493
69,494
69,496
69,497
69,500
69,503
69,504
69,507
69,511
69,512
69,514
69,518
69,521
69,523
69,525
69,530
69,532
69,534
69,543
69,544
69,545
69,556
69,557
69,558
69,559
69,563
69,564
69,582
69,592
69,593
69,596
69,599
69,600
69,604
69,612
69,624
69,643
69,660
69,669
69,686
69,691
69,703
69,704
69,705
69,706
69,711
69,712
69,714
69,716
69,721
69,735
69,737
69,738
69,742
69,743
69,749
69,755
69,767
69,771
69,774
69,776
69,782
69,784
69,785
69,790
69,810
70,71
70,72
70,77
70,82
70,91
70,98
70,104
70,108
70,114
70,126
70,127
70,128
70,129
70,132
70,133
70,134
70,135
70,138
70,141
70,164
70,165
70,166
70,177
70,178
70,182
70,188
70,191
70,211
70,212
70,214
70,218
70,222
70,240
70,241
70,242
70,243
70,250
70,259
70,275
70,289
70,295
70,297
70,302
70,303
70,304
70,311
70,315
70,323
70,330
70,351
70,354
70,359
70,360
70,362
70,368
70,371
70,379
70,381
70,382
70,383
70,384
70,385
70,386
70,396
70,398
70,399
70,400
70,402
70,415
70,442
70,470
70,473
70,474
70,475
70,477
70,484
70,487
70,519
70,555
70,569
70,590
70,593
70,596
70,611
70,616
70,629
70,643
70,651
70,663
70,684
70,689
70,693
70,694
70,695
70,696
70,700
70,745
70,746
70,750
70,751
70,753
70,776
70,781
70,786
70,788
70,797
71,72
71,77
71,82
71,90
71,91
71,95
71,104
71,108
71,114
71,126
71,127
71,128
71,129
71,132
71,133
71,134
71,135
71,136
71,138
71,141
71,153
71,157
71,159
71,160
71,164
71,165
71,166
71,170
71,177
71,179
71,182
71,188
71,191
71,197
71,199
71,209
71,211
71,212
71,214
71,216
71,218
71,222
71,223
71,237
71,240
71,241
71,242
71,243
71,250
71,273
71,274
71,275
71,289
71,295
71,296
71,297
71,302
71,303
71,304
71,307
71,309
71,310
71,315
71,322
71,323
71,344
71,351
71,354
71,359
71,360
71,368
71,379
71,381
71,382
71,383
71,384
71,385
71,386
71,387
71,388
71,391
71,393
71,396
71,398
71,399
71,400
71,402
71,405
71,409
71,415
71,416
71,425
71,442
71,451
71,453
71,470
71,473
71,474
71,475
71,477
71,484
71,485
71,507
71,555
71,569
71,581
71,582
71,590
71,591
71,593
71,596
71,600
71,604
71,611
71,612
71,616
71,629
71,643
71,651
71,663
71,684
71,689
71,693
71,694
71,695
71,737
71,742
71,745
71,746
71,749
71,750
71,751
71,753
71,759
71,760
71,767
71,774
71,776
71,781
71,790
71,797
72,77
72,82
72,90
72,91
72,95
72,98
72,99
72,104
72,108
72,114
72,116
72,123
72,126
72,127
72,128
72,129
72,132
72,133
72,134
72,135
72,138
72,141
72,153
72,157
72,159
72,160
72,164
72,165
72,166
72,177
72,178
72,179
72,182
72,188
72,191
72,199
72,209
72,211
72,212
72,214
72,215
72,216
72,218
72,222
72,223
72,230
72,240
72,241
72,242
72,243
72,250
72,251
72,259
72,263
72,274
72,275
72,289
72,295
72,297
72,302
72,303
72,304
72,307
72,309
72,315
72,316
72,322
72,323
72,324
72,329
72,330
72,331
72,344
72,351
72,354
72,359
72,360
72,362
72,368
72,371
72,377
72,379
72,381
72,382
72,383
72,384
72,385
72,386
72,387
72,391
72,395
72,396
72,398
72,399
72,400
72,402
72,405
72,415
72,416
72,417
72,425
72,436
72,438
72,442
72,451
72,453
72,470
72,473
72,474
72,475
72,477
72,484
72,485
72,487
72,493
72,495
72,496
72,507
72,511
72,517
72,519
72,555
72,556
72,569
72,581
72,582
72,590
72,591
72,592
72,593
72,596
72,604
72,608
72,611
72,612
72,616
72,629
72,643
72,651
72,663
72,684
72,689
72,693
72,694
72,695
72,696
72,697
72,700
72,745
72,746
72,750
72,751
72,753
72,759
72,774
72,776
72,781
72,784
72,786
72,797
72,804
72,811
75,78
75,80
75,100
75,101
75,105
75,106
75,117
75,119
75,120
75,122
75,124
75,125
75,143
75,151
75,154
75,168
75,176
75,185
75,187
75,202
75,254
75,257
75,261
75,276
75,277
75,287
75,292
75,300
75,320
75,332
75,333
75,341
75,347
75,348
75,356
75,357
75,366
75,373
75,375
75,389
75,390
75,397
75,404
75,412
75,420
75,421
75,422
75,424
75,428
75,429
75,430
75,431
75,433
75,434
75,435
75,437
75,439
75,461
75,464
75,467
75,472
75,486
75,488
75,490
75,492
75,498
75,505
75,509
75,524
75,526
75,527
75,589
75,598
75,613
75,618
75,619
75,631
75,633
75,635
75,656
75,667
75,674
75,701
75,717
75,720
75,732
75,734
75,740
75,741
75,744
75,762
75,763
75,783
75,794
75,799
76,91
76,99
76,110
76,116
76,123
76,136
76,137
76,140
76,164
76,183
76,199
76,220
76,228
76,250
76,259
76,268
76,270
76,271
76,272
76,273
76,275
76,315
76,316
76,323
76,331
76,342
76,358
76,364
76,371
76,385
76,391
76,436
76,438
76,444
76,462
76,476
76,478
76,479
76,480
76,485
76,487
76,489
76,491
76,493
76,496
76,497
76,500
76,503
76,504
76,511
76,512
76,518
76,521
76,525
76,532
76,556
76,592
76,596
76,599
76,600
76,686
76,691
76,711
76,714
76,721
76,735
76,737
76,738
76,742
76,743
76,758
76,767
76,771
76,782
76,784
76,785
76,786
76,790
76,797
76,798
76,810
77,82
77,91
77,104
77,110
77,126
77,127
77,128
77,129
77,132
77,133
77,134
77,135
77,138
77,141
77,164
77,165
77,170
77,177
77,178
77,179
77,182
77,188
77,191
77,211
77,212
77,216
77,218
77,222
77,240
77,241
77,243
77,274
77,275
77,295
77,297
77,302
77,315
77,322
77,331
77,354
77,360
77,385
77,386
77,391
77,396
77,398
77,399
77,400
77,402
77,438
77,442
77,470
77,473
77,474
77,477
77,484
77,487
77,493
77,507
77,555
77,569
77,582
77,590
77,596
77,608
77,611
77,616
77,629
77,651
77,663
77,684
77,689
77,693
77,694
77,745
77,746
77,750
77,751
77,753
77,776
77,781
77,786
77,797
78,80
78,100
78,101
78,105
78,106
78,117
78,119
78,120
78,121
78,122
78,124
78,125
78,143
78,149
78,151
78,154
78,176
78,185
78,187
78,195
78,202
78,234
78,254
78,257
78,260
78,261
78,276
78,277
78,285
78,287
78,292
78,300
78,320
78,332
78,333
78,339
78,341
78,347
78,348
78,356
78,357
78,365
78,366
78,373
78,375
78,389
78,390
78,397
78,404
78,412
78,420
78,421
78,422
78,424
78,426
78,428
78,429
78,430
78,431
78,433
78,434
78,435
78,437
78,439
78,461
78,464
78,467
78,471
78,472
78,486
78,488
78,490
78,492
78,498
78,505
78,508
78,509
78,524
78,526
78,527
78,589
78,598
78,613
78,618
78,631
78,633
78,635
78,656
78,667
78,674
78,690
78,701
78,717
78,720
78,732
78,734
78,740
78,741
78,744
78,747
78,762
78,763
78,783
78,794
78,799
79,83
79,155
79,172
79,223
79,234
79,246
79,256
79,262
79,277
79,291
79,313
79,317
79,366
79,427
79,452
79,455
79,536
79,539
79,543
79,614
79,648
79,653
79,654
79,788
79,800
80,100
80,101
80,105
80,106
80,117
80,119
80,120
80,121
80,122
80,124
80,125
80,143
80,151
80,154
80,168
80,176
80,185
80,187
80,202
80,254
80,255
80,257
80,261
80,276
80,285
80,287
80,292
80,300
80,320
80,332
80,333
80,341
80,343
80,347
80,348
80,356
80,357
80,365
80,366
80,373
80,375
80,389
80,390
80,397
80,404
80,412
80,420
80,421
80,422
80,424
80,428
80,429
80,430
80,431
80,433
80,434
80,435
80,437
80,439
80,461
80,464
80,467
80,472
80,486
80,488
80,490
80,492
80,498
80,505
80,508
80,509
80,524
80,526
80,527
80,531
80,589
80,598
80,613
80,618
80,631
80,633
80,635
80,656
80,667
80,674
80,690
80,701
80,717
80,720
80,732
80,734
80,740
80,741
80,744
80,762
80,763
80,783
80,792
80,794
80,799
82,90
82,91
82,95
82,98
82,99
82,104
82,108
82,114
82,116
82,123
82,126
82,127
82,128
82,129
82,132
82,133
82,134
82,135
82,138
82,141
82,153
82,159
82,160
82,164
82,165
82,166
82,177
82,178
82,179
82,182
82,188
82,191
82,199
82,209
82,211
82,212
82,214
82,215
82,216
82,218
82,220
82,222
82,240
82,241
82,242
82,243
82,250
82,251
82,259
82,263
82,274
82,275
82,289
82,295
82,297
82,302
82,303
82,304
82,307
82,309
82,315
82,316
82,322
82,323
82,329
82,330
82,331
82,344
82,351
82,354
82,359
82,360
82,361
82,362
82,368
82,371
82,379
82,381
82,382
82,383
82,384
82,385
82,386
82,387
82,391
82,395
82,396
82,398
82,399
82,400
82,402
82,405
82,415
82,416
82,417
82,425
82,436
82,438
82,442
82,444
82,451
82,453
82,470
82,473
82,474
82,475
82,477
82,482
82,484
82,485
82,487
82,493
82,495
82,496
82,507
82,511
82,517
82,519
82,555
82,556
82,569
82,581
82,582
82,590
82,591
82,592
82,593
82,596
82,600
82,608
82,611
82,612
82,616
82,629
82,643
82,651
82,663
82,684
82,689
82,693
82,694
82,696
82,697
82,745
82,746
82,750
82,751
82,753
82,759
82,774
82,776
82,781
82,784
82,786
82,797
82,804
82,811
83,102
83,155
83,186
83,234
83,246
83,260
83,262
83,291
83,302
83,311
83,317
83,332
83,363
83,366
83,413
83,427
83,455
83,457
83,514
83,528
83,536
83,539
83,543
83,546
83,591
83,595
83,608
83,614
83,618
83,626
83,636
83,648
83,653
83,667
83,669
83,712
83,734
83,752
83,788
84,102
84,148
84,193
84,236
84,249
84,260
84,345
84,372
84,380
84,437
84,535
84,566
84,752
84,754
84,755
85,92
85,103
85,116
85,136
85,137
85,140
85,175
85,180
85,183
85,204
85,216
85,225
85,228
85,231
85,232
85,235
85,268
85,270
85,271
85,272
85,273
85,286
85,293
85,294
85,326
85,334
85,335
85,340
85,342
85,346
85,352
85,358
85,364
85,436
85,441
85,443
85,444
85,445
85,446
85,447
85,448
85,449
85,450
85,454
85,462
85,476
85,478
85,479
85,480
85,489
85,491
85,493
85,496
85,497
85,500
85,503
85,504
85,511
85,512
85,515
85,518
85,520
85,521
85,525
85,530
85,532
85,534
85,537
85,545
85,547
85,556
85,557
85,558
85,559
85,563
85,564
85,570
85,573
85,574
85,575
85,599
85,617
85,623
85,624
85,625
85,641
85,691
85,692
85,702
85,703
85,704
85,705
85,706
85,711
85,713
85,714
85,721
85,735
85,738
85,739
85,742
85,743
85,758
85,767
85,768
85,771
85,782
85,785
85,790
85,795
85,798
85,809
85,810
88,114
88,184
88,369
88,370
88,517
88,772
90,91
90,95
90,97
90,104
90,108
90,121
90,122
90,123
90,126
90,127
90,129
90,132
90,133
90,134
90,135
90,138
90,139
90,141
90,149
90,153
90,159
90,160
90,163
90,164
90,166
90,170
90,179
90,182
90,186
90,195
90,199
90,222
90,223
90,237
90,240
90,241
90,243
90,250
90,263
90,274
90,285
90,297
90,302
90,303
90,310
90,312
90,322
90,332
90,337
90,343
90,344
90,351
90,360
90,362
90,363
90,367
90,371
90,374
90,384
90,385
90,386
90,387
90,388
90,393
90,398
90,399
90,400
90,402
90,409
90,410
90,425
90,442
90,453
90,469
90,470
90,473
90,474
90,484
90,485
90,494
90,501
90,507
90,514
90,517
90,543
90,544
90,555
90,569
90,581
90,582
90,590
90,591
90,592
90,593
90,596
90,600
90,604
90,612
90,616
90,643
90,660
90,663
90,669
90,684
90,689
90,694
90,706
90,737
90,738
90,745
90,749
90,750
90,751
90,753
90,759
90,760
90,774
90,776
90,781
90,797
91,94
91,95
91,99
91,102
91,104
91,108
91,114
91,126
91,127
91,128
91,129
91,132
91,133
91,134
91,135
91,136
91,138
91,141
91,157
91,164
91,165
91,166
91,170
91,177
91,178
91,179
91,182
91,188
91,191
91,199
91,211
91,212
91,214
91,215
91,218
91,220
91,221
91,222
91,237
91,240
91,241
91,242
91,243
91,250
91,259
91,260
91,267
91,274
91,275
91,289
91,295
91,297
91,302
91,303
91,304
91,309
91,310
91,311
91,312
91,315
91,316
91,321
91,322
91,323
91,330
91,351
91,354
91,359
91,360
91,361
91,362
91,368
91,371
91,379
91,381
91,382
91,383
91,384
91,385
91,386
91,387
91,388
91,391
91,395
91,396
91,398
91,399
91,400
91,402
91,405
91,415
91,416
91,417
91,425
91,436
91,438
91,442
91,451
91,453
91,470
91,473
91,474
91,475
91,477
91,484
91,485
91,487
91,495
91,501
91,507
91,517
91,555
91,556
91,569
91,581
91,582
91,590
91,591
91,592
91,593
91,596
91,600
91,611
91,612
91,616
91,626
91,629
91,643
91,651
91,663
91,684
91,689
91,693
91,694
91,695
91,696
91,697
91,735
91,737
91,745
91,746
91,750
91,751
91,753
91,759
91,774
91,776
91,781
91,784
91,786
91,788
91,797
91,804
92,103
92,175
92,180
92,183
92,204
92,225
92,228
92,231
92,232
92,235
92,273
92,286
92,293
92,294
92,326
92,334
92,335
92,340
92,342
92,346
92,352
92,364
92,441
92,443
92,445
92,446
92,447
92,448
92,449
92,450
92,454
92,491
92,515
92,520
92,523
92,530
92,532
92,534
92,537
92,545
92,547
92,557
92,558
92,559
92,563
92,564
92,570
92,573
92,574
92,575
92,576
92,599
92,617
92,623
92,624
92,625
92,641
92,691
92,692
92,702
92,703
92,704
92,705
92,711
92,714
92,721
92,739
92,742
92,743
92,767
92,768
92,771
92,790
92,795
92,809
94,102
94,128
94,148
94,171
94,172
94,193
94,207
94,226
94,236
94,237
94,238
94,239
94,246
94,255
94,260
94,262
94,265
94,285
94,303
94,308
94,317
94,406
94,413
94,414
94,452
94,477
94,533
94,538
94,541
94,543
94,566
94,582
94,583
94,596
94,597
94,602
94,629
94,636
94,650
94,652
94,666
94,699
94,716
94,725
94,748
94,752
94,755
94,769
94,781
94,786
94,789
95,97
95,99
95,123
95,126
95,128
95,129
95,132
95,134
95,135
95,136
95,138
95,139
95,141
95,153
95,159
95,160
95,164
95,166
95,170
95,177
95,178
95,179
95,182
95,186
95,188
95,194
95,199
95,211
95,216
95,218
95,222
95,223
95,240
95,241
95,243
95,250
95,273
95,274
95,275
95,295
95,296
95,297
95,302
95,303
95,310
95,315
95,322
95,327
95,337
95,344
95,351
95,354
95,360
95,367
95,382
95,384
95,385
95,386
95,387
95,396
95,398
95,399
95,400
95,402
95,410
95,417
95,436
95,442
95,451
95,453
95,470
95,473
95,474
95,477
95,484
95,485
95,487
95,494
95,507
95,514
95,528
95,555
95,569
95,581
95,582
95,590
95,591
95,592
95,593
95,596
95,599
95,600
95,604
95,611
95,612
95,616
95,643
95,663
95,669
95,684
95,689
95,694
95,737
95,738
95,742
95,743
95,745
95,746
95,749
95,750
95,751
95,753
95,767
95,774
95,776
95,781
95,786
95,797
96,533
97,121
97,122
97,139
97,143
97,149
97,153
97,154
97,159
97,160
97,163
97,170
97,173
97,179
97,186
97,194
97,195
97,206
97,234
97,237
97,246
97,250
97,255
97,257
97,274
97,285
97,291
97,299
97,302
97,303
97,310
97,322
97,337
97,341
97,344
97,363
97,367
97,374
97,387
97,388
97,389
97,393
97,409
97,410
97,418
97,422
97,426
97,435
97,453
97,461
97,469
97,472
97,473
97,494
97,507
97,514
97,526
97,528
97,531
97,541
97,542
97,543
97,544
97,566
97,577
97,582
97,591
97,592
97,593
97,596
97,598
97,600
97,604
97,605
97,612
97,613
97,618
97,628
97,633
97,635
97,660
97,669
97,690
97,698
97,699
97,706
97,712
97,716
97,737
97,738
97,749
97,752
97,755
97,756
97,760
97,770
97,774
97,776
97,802
98,104
98,108
98,114
98,116
98,126
98,127
98,128
98,129
98,134
98,138
98,191
98,199
98,209
98,211
98,214
98,215
98,230
98,241
98,243
98,263
98,289
98,304
98,307
98,316
98,329
98,330
98,351
98,359
98,360
98,362
98,368
98,371
98,377
98,378
98,379
98,381
98,382
98,383
98,386
98,396
98,398
98,399
98,400
98,402
98,403
98,405
98,415
98,416
98,417
98,436
98,438
98,442
98,451
98,470
98,475
98,482
98,485
98,487
98,496
98,511
98,517
98,519
98,555
98,569
98,590
98,616
98,651
98,663
98,686
98,694
98,696
98,697
98,733
98,745
98,746
98,751
98,753
98,759
98,780
98,781
98,797
98,807
98,815
99,110
99,123
99,126
99,128
99,136
99,137
99,138
99,140
99,141
99,164
99,177
99,199
99,216
99,220
99,228
99,240
99,259
99,268
99,270
99,271
99,273
99,275
99,295
99,297
99,315
99,316
99,322
99,323
99,331
99,360
99,361
99,385
99,387
99,391
99,402
99,436
99,438
99,462
99,470
99,476
99,477
99,479
99,480
99,485
99,487
99,489
99,491
99,493
99,494
99,495
99,497
99,503
99,504
99,512
99,518
99,521
99,525
99,556
99,569
99,574
99,592
99,596
99,611
99,616
99,617
99,624
99,691
99,735
99,738
99,746
99,751
99,784
99,785
99,786
99,797
100,101
100,105
100,106
100,117
100,119
100,120
100,121
100,122
100,124
100,125
100,151
100,154
100,168
100,172
100,176
100,185
100,187
100,208
100,254
100,255
100,257
100,261
100,276
100,277
100,285
100,287
100,292
100,299
100,300
100,320
100,341
100,343
100,347
100,356
100,365
100,366
100,373
100,375
100,397
100,404
100,408
100,412
100,420
100,421
100,422
100,424
100,426
100,428
100,429
100,430
100,431
100,433
100,434
100,435
100,439
100,461
100,464
100,467
100,471
100,472
100,486
100,488
100,490
100,492
100,498
100,505
100,508
100,509
100,524
100,526
100,527
100,589
100,598
100,613
100,628
100,631
100,632
100,633
100,635
100,656
100,667
100,676
100,690
100,701
100,707
100,717
100,720
100,740
100,744
100,747
100,754
100,762
100,763
100,783
100,791
100,792
100,794
100,800
100,801
101,105
101,106
101,117
101,119
101,120
101,124
101,125
101,143
101,151
101,154
101,168
101,176
101,185
101,187
101,202
101,254
101,255
101,257
101,261
101,276
101,285
101,287
101,292
101,300
101,320
101,332
101,333
101,339
101,341
101,347
101,348
101,356
101,357
101,366
101,373
101,375
101,389
101,390
101,397
101,404
101,412
101,420
101,421
101,424
101,428
101,429
101,430
101,431
101,433
101,434
101,437
101,439
101,461
101,464
101,467
101,472
101,486
101,488
101,490
101,492
101,498
101,505
101,508
101,509
101,524
101,527
101,589
101,598
101,613
101,618
101,631
101,633
101,635
101,656
101,667
101,674
101,701
101,717
101,720
101,732
101,734
101,740
101,741
101,744
101,762
101,763
101,783
101,792
101,794
101,799
101,801
102,141
102,157
102,193
102,207
102,221
102,224
102,226
102,236
102,237
102,238
102,259
102,260
102,262
102,299
102,306
102,308
102,321
102,341
102,345
102,406
102,414
102,457
102,501
102,566
102,596
102,649
102,696
102,716
102,755
102,770
102,775
102,780
102,783
102,786
102,788
102,789
102,792
102,793
102,794
102,800
103,140
103,175
103,180
103,183
103,225
103,228
103,231
103,232
103,235
103,268
103,270
103,271
103,273
103,286
103,294
103,326
103,334
103,335
103,340
103,342
103,346
103,352
103,358
103,364
103,441
103,443
103,444
103,445
103,446
103,447
103,448
103,449
103,450
103,454
103,476
103,479
103,480
103,489
103,491
103,493
103,497
103,503
103,504
103,512
103,515
103,518
103,520
103,521
103,525
103,530
103,532
103,534
103,537
103,545
103,547
103,557
103,558
103,559
103,563
103,564
103,570
103,573
103,574
103,575
103,576
103,617
103,623
103,624
103,625
103,641
103,691
103,692
103,702
103,703
103,704
103,705
103,711
103,714
103,721
103,735
103,739
103,742
103,743
103,767
103,768
103,771
103,782
103,790
103,795
103,809
103,810
104,108
104,114
104,116
104,126
104,127
104,128
104,129
104,132
104,133
104,134
104,135
104,138
104,141
104,153
104,159
104,160
104,164
104,165
104,166
104,177
104,182
104,188
104,191
104,197
104,199
104,209
104,211
104,212
104,214
104,215
104,218
104,220
104,222
104,230
104,240
104,241
104,242
104,243
104,275
104,289
104,295
104,297
104,302
104,303
104,307
104,309
104,315
104,316
104,322
104,323
104,329
104,351
104,354
104,359
104,360
104,362
104,368
104,371
104,377
104,378
104,379
104,381
104,382
104,383
104,384
104,385
104,386
104,391
104,392
104,396
104,398
104,399
104,400
104,402
104,405
104,415
104,416
104,417
104,425
104,436
104,438
104,442
104,451
104,470
104,473
104,474
104,475
104,477
104,482
104,484
104,485
104,487
104,495
104,496
104,511
104,517
104,519
104,555
104,569
104,582
104,590
104,592
104,593
104,596
104,608
104,611
104,612
104,616
104,643
104,651
104,663
104,684
104,686
104,689
104,693
104,694
104,696
104,697
104,700
104,745
104,746
104,750
104,751
104,753
104,759
104,781
104,797
105,106
105,117
105,119
105,120
105,124
105,125
105,143
105,151
105,154
105,168
105,172
105,176
105,185
105,187
105,202
105,254
105,255
105,257
105,261
105,276
105,277
105,285
105,287
105,292
105,300
105,320
105,332
105,333
105,339
105,341
105,347
105,348
105,356
105,357
105,366
105,373
105,375
105,389
105,390
105,397
105,404
105,412
105,420
105,421
105,422
105,424
105,428
105,429
105,430
105,431
105,433
105,434
105,437
105,439
105,461
105,464
105,467
105,472
105,486
105,488
105,490
105,492
105,498
105,505
105,508
105,509
105,524
105,526
105,527
105,589
105,598
105,613
105,618
105,631
105,633
105,635
105,656
105,667
105,674
105,701
105,717
105,720
105,732
105,734
105,740
105,741
105,744
105,762
105,763
105,783
105,794
105,799
106,117
106,119
106,120
106,121
106,122
106,124
106,125
106,143
106,151
106,154
106,168
106,172
106,176
106,185
106,187
106,202
106,208
106,254
106,255
106,257
106,261
106,276
106,277
106,285
106,287
106,292
106,299
106,300
106,320
106,333
106,341
106,343
106,347
106,348
106,356
106,365
106,366
106,373
106,375
106,389
106,390
106,397
106,404
106,408
106,412
106,420
106,421
106,422
106,424
106,426
106,428
106,429
106,430
106,431
106,433
106,434
106,435
106,437
106,439
106,461
106,464
106,467
106,471
106,472
106,486
106,488
106,490
106,492
106,498
106,505
106,508
106,509
106,524
106,526
106,527
106,589
106,598
106,613
106,619
106,628
106,631
106,632
106,633
106,635
106,656
106,667
106,690
106,701
106,717
106,720
106,732
106,734
106,740
106,744
106,747
106,762
106,763
106,783
106,792
106,794
106,800
106,801
108,114
108,126
108,127
108,128
108,129
108,132
108,133
108,134
108,135
108,138
108,141
108,153
108,157
108,159
108,160
108,166
108,177
108,182
108,188
108,191
108,199
108,209
108,211
108,212
108,214
108,215
108,218
108,222
108,230
108,240
108,241
108,242
108,243
108,289
108,295
108,297
108,304
108,307
108,316
108,322
108,324
108,329
108,330
108,351
108,354
108,359
108,360
108,362
108,368
108,371
108,377
108,378
108,379
108,381
108,382
108,383
108,384
108,385
108,386
108,396
108,398
108,399
108,400
108,402
108,405
108,415
108,416
108,417
108,425
108,438
108,442
108,451
108,470
108,473
108,474
108,475
108,477
108,482
108,484
108,485
108,487
108,517
108,519
108,555
108,569
108,571
108,582
108,590
108,591
108,611
108,612
108,616
108,643
108,651
108,663
108,684
108,689
108,693
108,694
108,696
108,697
108,733
108,745
108,746
108,750
108,751
108,753
108,759
108,776
108,780
108,781
108,797
108,804
109,171
109,193
109,203
109,213
109,227
109,262
109,305
109,306
109,307
109,308
109,414
109,452
109,458
109,459
109,468
109,499
109,535
109,583
109,585
109,602
109,610
109,636
109,650
109,652
109,666
109,723
109,748
109,773
110,116
110,123
110,128
110,136
110,137
110,139
110,140
110,164
110,175
110,178
110,179
110,188
110,199
110,220
110,259
110,268
110,270
110,271
110,272
110,273
110,315
110,316
110,331
110,342
110,358
110,361
110,364
110,371
110,396
110,436
110,438
110,444
110,462
110,476
110,478
110,479
110,480
110,485
110,487
110,489
110,491
110,493
110,496
110,497
110,500
110,503
110,504
110,511
110,512
110,518
110,521
110,525
110,556
110,564
110,592
110,596
110,599
110,600
110,686
110,691
110,711
110,714
110,735
110,737
110,738
110,742
110,743
110,758
110,767
110,771
110,782
110,784
110,785
110,786
110,790
110,798
110,810
114,116
114,126
114,127
114,128
114,129
114,133
114,134
114,138
114,141
114,166
114,191
114,199
114,209
114,211
114,214
114,215
114,218
114,230
114,240
114,241
114,243
114,263
114,289
114,297
114,316
114,327
114,330
114,351
114,359
114,362
114,368
114,371
114,377
114,378
114,379
114,381
114,382
114,383
114,386
114,396
114,398
114,399
114,400
114,402
114,405
114,415
114,416
114,417
114,436
114,438
114,442
114,470
114,475
114,482
114,485
114,487
114,496
114,511
114,514
114,517
114,519
114,555
114,556
114,569
114,590
114,616
114,651
114,663
114,686
114,689
114,693
114,694
114,696
114,697
114,733
114,735
114,745
114,746
114,750
114,751
114,753
114,780
114,781
114,784
114,797
114,807
114,815
115,156
115,463
115,465
115,502
115,510
115,516
115,529
116,129
116,136
116,137
116,140
116,164
116,177
116,180
116,188
116,199
116,204
116,214
116,215
116,216
116,218
116,220
116,235
116,242
116,243
116,268
116,270
116,271
116,272
116,273
116,275
116,286
116,293
116,297
116,315
116,316
116,326
116,331
116,354
116,358
116,359
116,360
116,368
116,371
116,377
116,379
116,381
116,382
116,383
116,386
116,396
116,399
116,400
116,402
116,403
116,405
116,415
116,416
116,417
116,436
116,438
116,442
116,443
116,444
116,445
116,447
116,448
116,449
116,462
116,475
116,476
116,478
116,479
116,480
116,485
116,487
116,489
116,491
116,493
116,496
116,497
116,500
116,503
116,504
116,511
116,512
116,518
116,521
116,525
116,537
116,547
116,555
116,556
116,558
116,559
116,564
116,590
116,599
116,616
116,641
116,663
116,686
116,691
116,692
116,693
116,694
116,696
116,697
116,702
116,703
116,735
116,737
116,738
116,742
116,743
116,745
116,746
116,751
116,753
116,758
116,767
116,782
116,784
116,785
116,790
116,797
116,798
116,807
116,809
116,810
117,119
117,120
117,121
117,122
117,124
117,125
117,143
117,149
117,151
117,154
117,168
117,172
117,176
117,185
117,187
117,195
117,202
117,208
117,234
117,239
117,249
117,254
117,255
117,257
117,260
117,261
117,276
117,277
117,285
117,287
117,292
117,298
117,299
117,300
117,320
117,332
117,333
117,341
117,343
117,345
117,347
117,348
117,356
117,365
117,366
117,373
117,375
117,389
117,390
117,397
117,404
117,406
117,408
117,412
117,413
117,420
117,421
117,422
117,424
117,426
117,428
117,429
117,430
117,431
117,433
117,434
117,435
117,437
117,439
117,461
117,464
117,467
117,471
117,472
117,486
117,488
117,490
117,492
117,498
117,505
117,508
117,509
117,524
117,526
117,527
117,589
117,598
117,613
117,618
117,619
117,628
117,631
117,632
117,633
117,635
117,656
117,667
117,676
117,690
117,698
117,701
117,717
117,720
117,732
117,740
117,741
117,744
117,747
117,762
117,763
117,783
117,792
117,794
117,800
117,801
119,120
119,122
119,124
119,125
119,143
119,151
119,154
119,168
119,176
119,185
119,187
119,208
119,213
119,254
119,257
119,261
119,276
119,277
119,287
119,292
119,299
119,300
119,320
119,341
119,343
119,347
119,356
119,365
119,366
119,373
119,375
119,397
119,404
119,408
119,412
119,420
119,421
119,422
119,424
119,426
119,428
119,429
119,430
119,431
119,433
119,434
119,435
119,439
119,461
119,464
119,467
119,471
119,472
119,486
119,488
119,490
119,492
119,498
119,505
119,508
119,509
119,524
119,526
119,527
119,589
119,598
119,613
119,631
119,632
119,667
119,676
119,690
119,701
119,707
119,717
119,720
119,744
119,747
119,762
119,763
119,783
119,791
119,792
119,794
119,800
119,801
120,121
120,122
120,124
120,125
120,151
120,154
120,176
120,185
120,187
120,202
120,234
120,254
120,255
120,257
120,260
120,261
120,276
120,277
120,285
120,287
120,292
120,300
120,320
120,333
120,341
120,343
120,347
120,348
120,356
120,365
120,366
120,373
120,375
120,397
120,404
120,408
120,412
120,413
120,420
120,421
120,422
120,424
120,426
120,428
120,429
120,430
120,431
120,433
120,434
120,435
120,437
120,439
120,461
120,464
120,467
120,471
120,472
120,486
120,488
120,490
120,498
120,505
120,508
120,509
120,524
120,526
120,527
120,541
120,589
120,598
120,613
120,631
120,632
120,635
120,656
120,690
120,701
120,717
120,734
120,744
120,747
120,762
120,763
120,783
120,794
121,122
121,124
121,125
121,139
121,143
121,148
121,149
121,153
121,154
121,159
121,160
121,163
121,170
121,176
121,185
121,186
121,187
121,194
121,195
121,206
121,231
121,234
121,237
121,246
121,250
121,254
121,255
121,257
121,260
121,261
121,265
121,274
121,276
121,285
121,291
121,302
121,310
121,320
121,332
121,333
121,337
121,341
121,343
121,348
121,356
121,363
121,365
121,366
121,367
121,372
121,373
121,374
121,375
121,380
121,388
121,389
121,390
121,393
121,397
121,404
121,409
121,410
121,412
121,413
121,418
121,420
121,421
121,422
121,424
121,426
121,428
121,429
121,430
121,431
121,433
121,434
121,435
121,439
121,453
121,461
121,464
121,467
121,469
121,472
121,490
121,494
121,498
121,505
121,507
121,508
121,509
121,514
121,526
121,527
121,528
121,531
121,538
121,541
121,543
121,544
121,566
121,589
121,592
121,595
121,598
121,600
121,613
121,618
121,628
121,631
121,633
121,635
121,660
121,669
121,690
121,698
121,699
121,701
121,706
121,707
121,712
121,716
121,717
121,720
121,741
121,744
121,752
121,755
121,756
121,760
121,762
121,763
121,770
121,776
121,783
121,794
122,124
122,125
122,139
122,143
122,149
122,151
122,153
122,154
122,159
122,160
122,163
122,168
122,170
122,175
122,176
122,185
122,186
122,187
122,194
122,195
122,206
122,221
122,234
122,246
122,250
122,254
122,255
122,257
122,261
122,274
122,276
122,285
122,291
122,300
122,302
122,310
122,320
122,332
122,333
122,337
122,341
122,343
122,356
122,363
122,365
122,366
122,367
122,373
122,374
122,375
122,388
122,389
122,390
122,397
122,404
122,409
122,410
122,412
122,418
122,420
122,421
122,422
122,424
122,426
122,428
122,429
122,430
122,431
122,433
122,434
122,435
122,439
122,453
122,457
122,461
122,464
122,467
122,469
122,472
122,490
122,494
122,498
122,505
122,507
122,509
122,514
122,523
122,526
122,527
122,531
122,541
122,543
122,544
122,589
122,592
122,593
122,598
122,600
122,604
122,612
122,613
122,618
122,628
122,633
122,635
122,660
122,669
122,690
122,699
122,701
122,706
122,707
122,712
122,716
122,717
122,720
122,737
122,741
122,744
122,747
122,752
122,755
122,756
122,762
122,763
122,770
122,776
122,783
122,794
123,126
123,127
123,128
123,129
123,132
123,134
123,135
123,137
123,138
123,139
123,140
123,141
123,159
123,160
123,164
123,170
123,177
123,179
123,188
123,199
123,216
123,218
123,220
123,240
123,241
123,243
123,268
123,270
123,271
123,273
123,274
123,275
123,295
123,297
123,315
123,316
123,322
123,323
123,331
123,344
123,354
123,360
123,361
123,386
123,387
123,391
123,396
123,399
123,400
123,402
123,438
123,442
123,462
123,470
123,473
123,474
123,476
123,479
123,480
123,484
123,485
123,487
123,489
123,491
123,493
123,494
123,495
123,496
123,497
123,500
123,503
123,504
123,512
123,518
123,521
123,525
123,555
123,556
123,569
123,592
123,593
123,596
123,600
123,611
123,612
123,616
123,643
123,684
123,691
123,694
123,735
123,738
123,745
123,746
123,751
123,774
123,776
123,784
123,785
123,797
123,810
124,125
124,143
124,151
124,154
124,168
124,172
124,176
124,185
124,187
124,202
124,208
124,254
124,255
124,257
124,261
124,276
124,277
124,285
124,287
124,292
124,299
124,300
124,320
124,333
124,341
124,343
124,347
124,348
124,356
124,357
124,365
124,366
124,373
124,375
124,390
124,397
124,404
124,408
124,412
124,420
124,421
124,422
124,424
124,426
124,428
124,429
124,430
124,431
124,433
124,434
124,435
124,437
124,439
124,461
124,464
124,467
124,471
124,472
124,486
124,488
124,490
124,492
124,498
124,505
124,508
124,509
124,524
124,526
124,527
124,589
124,598
124,610
124,613
124,619
124,628
124,631
124,632
124,633
124,635
124,656
124,667
124,690
124,701
124,717
124,720
124,732
124,740
124,741
124,744
124,747
124,762
124,763
124,783
124,792
124,794
124,800
124,801
125,143
125,151
125,154
125,168
125,172
125,176
125,185
125,187
125,202
125,208
125,234
125,254
125,255
125,257
125,261
125,276
125,277
125,285
125,287
125,292
125,298
125,299
125,300
125,320
125,333
125,341
125,343
125,347
125,348
125,356
125,357
125,365
125,366
125,373
125,375
125,390
125,397
125,404
125,408
125,412
125,420
125,421
125,422
125,424
125,426
125,428
125,429
125,430
125,431
125,433
125,434
125,435
125,437
125,439
125,461
125,464
125,467
125,471
125,472
125,486
125,488
125,490
125,492
125,498
125,505
125,508
125,509
125,524
125,526
125,527
125,589
125,598
125,613
125,619
125,628
125,631
125,632
125,633
125,635
125,656
125,667
125,690
125,698
125,701
125,717
125,720
125,732
125,740
125,741
125,744
125,747
125,762
125,763
125,783
125,792
125,794
125,800
125,801
126,127
126,128
126,129
126,132
126,133
126,134
126,135
126,138
126,141
126,153
126,159
126,160
126,164
126,165
126,166
126,177
126,178
126,179
126,182
126,188
126,191
126,199
126,209
126,211
126,212
126,214
126,216
126,218
126,222
126,240
126,241
126,242
126,243
126,250
126,251
126,259
126,263
126,274
126,275
126,289
126,295
126,297
126,302
126,303
126,307
126,315
126,316
126,322
126,323
126,329
126,330
126,344
126,351
126,354
126,359
126,360
126,362
126,368
126,371
126,377
126,379
126,381
126,382
126,383
126,384
126,385
126,386
126,391
126,395
126,396
126,398
126,399
126,400
126,402
126,403
126,405
126,409
126,410
126,415
126,416
126,417
126,425
126,436
126,438
126,442
126,451
126,453
126,470
126,473
126,474
126,475
126,477
126,484
126,485
126,487
126,493
126,495
126,496
126,507
126,511
126,519
126,555
126,569
126,581
126,582
126,590
126,591
126,592
126,593
126,596
126,600
126,604
126,608
126,611
126,612
126,616
126,629
126,643
126,651
126,663
126,684
126,689
126,693
126,694
126,696
126,697
126,745
126,746
126,750
126,751
126,753
126,759
126,774
126,776
126,781
126,786
126,797
126,811
127,128
127,129
127,132
127,133
127,134
127,135
127,138
127,141
127,153
127,157
127,159
127,160
127,164
127,165
127,166
127,177
127,178
127,179
127,182
127,188
127,191
127,199
127,209
127,211
127,212
127,214
127,215
127,216
127,218
127,220
127,222
127,240
127,241
127,242
127,243
127,250
127,251
127,259
127,263
127,274
127,275
127,289
127,295
127,297
127,302
127,303
127,304
127,307
127,309
127,312
127,315
127,316
127,322
127,323
127,329
127,330
127,331
127,344
127,351
127,354
127,359
127,360
127,362
127,368
127,371
127,377
127,379
127,381
127,382
127,383
127,384
127,385
127,386
127,387
127,391
127,395
127,396
127,398
127,399
127,400
127,402
127,403
127,405
127,415
127,416
127,417
127,436
127,438
127,442
127,451
127,453
127,470
127,473
127,474
127,475
127,477
127,484
127,485
127,495
127,517
127,519
127,555
127,569
127,578
127,582
127,590
127,591
127,592
127,593
127,596
127,600
127,608
127,611
127,612
127,616
127,643
127,651
127,663
127,684
127,689
127,693
127,694
127,696
127,697
127,745
127,746
127,750
127,751
127,753
127,759
127,774
127,776
127,781
127,786
127,797
127,804
128,129
128,132
128,133
128,134
128,135
128,138
128,141
128,153
128,159
128,160
128,164
128,165
128,166
128,170
128,177
128,178
128,179
128,182
128,188
128,191
128,199
128,209
128,211
128,212
128,214
128,216
128,218
128,220
128,222
128,240
128,241
128,242
128,243
128,250
128,259
128,274
128,275
128,289
128,295
128,297
128,302
128,303
128,307
128,315
128,316
128,322
128,323
128,330
128,344
128,351
128,354
128,359
128,360
128,361
128,362
128,367
128,368
128,371
128,379
128,381
128,382
128,383
128,384
128,385
128,386
128,387
128,391
128,395
128,396
128,398
128,399
128,400
128,402
128,405
128,410
128,415
128,416
128,436
128,438
128,442
128,444
128,451
128,453
128,470
128,473
128,474
128,475
128,477
128,484
128,485
128,487
128,493
128,494
128,495
128,507
128,511
128,555
128,556
128,569
128,582
128,590
128,591
128,592
128,593
128,596
128,600
128,608
128,611
128,612
128,616
128,629
128,643
128,651
128,663
128,669
128,684
128,689
128,693
128,694
128,696
128,697
128,745
128,746
128,750
128,751
128,753
128,759
128,774
128,776
128,781
128,784
128,786
128,797
129,132
129,133
129,134
129,135
129,138
129,141
129,153
129,159
129,160
129,164
129,165
129,166
129,177
129,178
129,179
129,182
129,188
129,191
129,199
129,209
129,211
129,212
129,214
129,215
129,216
129,218
129,222
129,240
129,241
129,242
129,243
129,250
129,251
129,259
129,263
129,274
129,275
129,289
129,295
129,297
129,307
129,309
129,315
129,316
129,322
129,323
129,329
129,330
129,331
129,344
129,351
129,354
129,359
129,360
129,362
129,368
129,371
129,377
129,379
129,381
129,382
129,383
129,384
129,385
129,386
129,387
129,391
129,395
129,396
129,398
129,399
129,400
129,402
129,403
129,405
129,415
129,416
129,417
129,425
129,436
129,438
129,442
129,451
129,453
129,470
129,473
129,474
129,475
129,477
129,482
129,484
129,485
129,487
129,495
129,496
129,501
129,511
129,519
129,555
129,556
129,569
129,581
129,582
129,590
129,591
129,592
129,593
129,596
129,608
129,611
129,612
129,616
129,629
129,643
129,651
129,663
129,684
129,689
129,693
129,694
129,696
129,697
129,713
129,745
129,746
129,750
129,751
129,753
129,759
129,774
129,776
129,781
129,784
129,797
129,804
129,811
131,329
131,347
131,475
131,713
131,803
131,804
131,805
131,807
131,808
131,811
131,812
131,813
131,815
131,816
131,817
131,820
132,133
132,134
132,135
132,138
132,141
132,153
132,159
132,160
132,164
132,166
132,177
132,179
132,182
132,188
132,191
132,199
132,209
132,211
132,212
132,214
132,216
132,218
132,222
132,223
132,240
132,241
132,242
132,243
132,274
132,275
132,289
132,295
132,297
132,307
132,315
132,322
132,323
132,324
132,344
132,351
132,354
132,359
132,360
132,368
132,379
132,381
132,382
132,383
132,384
132,385
132,386
132,391
132,396
132,398
132,399
132,400
132,402
132,405
132,416
132,425
132,442
132,451
132,453
132,470
132,473
132,474
132,475
132,477
132,484
132,485
132,501
132,507
132,555
132,569
132,582
132,590
132,591
132,593
132,596
132,604
132,611
132,612
132,616
132,629
132,643
132,651
132,663
132,684
132,689
132,693
132,694
132,696
132,697
132,745
132,746
132,750
132,751
132,753
132,759
132,774
132,776
132,781
132,797
133,134
133,135
133,138
133,141
133,148
133,153
133,159
133,160
133,165
133,166
133,170
133,177
133,182
133,188
133,191
133,199
133,211
133,212
133,214
133,218
133,220
133,222
133,223
133,240
133,241
133,242
133,243
133,250
133,251
133,259
133,263
133,274
133,275
133,289
133,295
133,297
133,302
133,303
133,312
133,315
133,316
133,322
133,344
133,351
133,354
133,359
133,360
133,368
133,377
133,379
133,381
133,382
133,383
133,384
133,385
133,386
133,387
133,388
133,391
133,396
133,398
133,399
133,400
133,402
133,403
133,405
133,410
133,415
133,416
133,425
133,438
133,442
133,453
133,462
133,470
133,473
133,474
133,475
133,477
133,484
133,485
133,487
133,501
133,511
133,514
133,519
133,546
133,555
133,556
133,569
133,582
133,590
133,592
133,593
133,596
133,597
133,602
133,611
133,612
133,616
133,626
133,629
133,643
133,651
133,663
133,669
133,684
133,689
133,693
133,694
133,696
133,745
133,746
133,750
133,751
133,753
133,759
133,776
133,781
133,786
133,797
134,135
134,138
134,141
134,153
134,159
134,160
134,164
134,165
134,166
134,177
134,178
134,179
134,182
134,188
134,191
134,199
134,209
134,211
134,212
134,214
134,216
134,218
134,222
134,230
134,240
134,241
134,242
134,243
134,250
134,251
134,263
134,274
134,275
134,289
134,295
134,297
134,307
134,309
134,315
134,316
134,322
134,323
134,329
134,330
134,331
134,344
134,351
134,354
134,359
134,360
134,362
134,368
134,371
134,379
134,381
134,382
134,383
134,384
134,385
134,386
134,387
134,391
134,395
134,396
134,398
134,399
134,400
134,402
134,405
134,415
134,416
134,417
134,425
134,438
134,442
134,451
134,470
134,473
134,474
134,475
134,477
134,482
134,484
134,485
134,487
134,511
134,519
134,555
134,569
134,581
134,582
134,590
134,591
134,592
134,593
134,596
134,608
134,611
134,612
134,616
134,629
134,643
134,651
134,663
134,684
134,689
134,693
134,694
134,696
134,697
134,713
134,745
134,746
134,750
134,751
134,753
134,759
134,774
134,776
134,781
134,784
134,786
134,797
134,804
134,811
135,138
135,141
135,153
135,159
135,160
135,164
135,165
135,166
135,177
135,178
135,179
135,182
135,188
135,191
135,199
135,209
135,211
135,212
135,218
135,222
135,240
135,241
135,242
135,243
135,259
135,274
135,275
135,289
135,295
135,297
135,302
135,315
135,316
135,322
135,323
135,351
135,354
135,360
135,371
135,379
135,381
135,382
135,384
135,385
135,386
135,387
135,391
135,396
135,398
135,399
135,400
135,402
135,415
135,442
135,451
135,470
135,473
135,474
135,475
135,477
135,484
135,485
135,487
135,493
135,495
135,501
135,555
135,569
135,582
135,590
135,591
135,593
135,596
135,611
135,612
135,616
135,643
135,651
135,663
135,669
135,684
135,689
135,693
135,694
135,697
135,700
135,745
135,746
135,749
135,750
135,751
135,753
135,781
135,784
135,786
135,797
136,137
136,139
136,140
136,164
136,166
136,170
136,175
136,178
136,179
136,180
136,182
136,183
136,188
136,199
136,220
136,228
136,231
136,237
136,250
136,259
136,268
136,270
136,271
136,272
136,273
136,274
136,275
136,310
136,315
136,316
136,321
136,322
136,331
136,342
136,344
136,351
136,358
136,367
136,387
136,388
136,409
136,410
136,436
136,438
136,444
136,453
136,462
136,473
136,476
136,477
136,478
136,479
136,480
136,485
136,487
136,489
136,491
136,493
136,494
136,496
136,497
136,500
136,503
136,504
136,507
136,511
136,512
136,514
136,518
136,521
136,525
136,530
136,532
136,556
136,557
136,558
136,559
136,563
136,564
136,573
136,582
136,592
136,593
136,596
136,599
136,600
136,604
136,612
136,625
136,686
136,691
136,703
136,705
136,711
136,712
136,714
136,716
136,721
136,735
136,737
136,738
136,742
136,743
136,749
136,755
136,758
136,767
136,770
136,771
136,772
136,774
136,776
136,782
136,784
136,785
136,786
136,790
136,810
137,139
137,140
137,164
137,180
137,183
137,188
137,199
137,220
137,225
137,228
137,232
137,235
137,259
137,268
137,270
137,271
137,272
137,273
137,275
137,315
137,316
137,331
137,352
137,358
137,364
137,436
137,438
137,444
137,462
137,476
137,478
137,479
137,480
137,485
137,487
137,489
137,491
137,493
137,496
137,497
137,500
137,503
137,504
137,511
137,512
137,518
137,521
137,525
137,556
137,558
137,559
137,564
137,599
137,624
137,686
137,691
137,702
137,703
137,705
137,721
137,735
137,737
137,738
137,739
137,742
137,743
137,758
137,767
137,771
137,782
137,784
137,785
137,790
137,798
137,810
138,141
138,153
138,157
138,159
138,160
138,164
138,165
138,166
138,170
138,177
138,178
138,179
138,182
138,188
138,191
138,199
138,209
138,211
138,212
138,214
138,215
138,216
138,218
138,222
138,230
138,240
138,241
138,242
138,243
138,250
138,251
138,259
138,274
138,275
138,289
138,295
138,297
138,302
138,303
138,304
138,307
138,309
138,315
138,316
138,322
138,323
138,324
138,329
138,330
138,331
138,344
138,351
138,354
138,359
138,360
138,362
138,368
138,371
138,377
138,379
138,381
138,382
138,383
138,384
138,385
138,386
138,387
138,391
138,395
138,396
138,398
138,399
138,400
138,402
138,405
138,415
138,416
138,417
138,425
138,438
138,442
138,451
138,470
138,473
138,474
138,475
138,477
138,484
138,485
138,487
138,493
138,495
138,496
138,511
138,517
138,519
138,555
138,569
138,581
138,582
138,590
138,591
138,592
138,593
138,596
138,604
138,608
138,611
138,612
138,616
138,629
138,643
138,651
138,663
138,684
138,689
138,693
138,694
138,695
138,696
138,697
138,700
138,745
138,746
138,750
138,751
138,753
138,759
138,774
138,776
138,781
138,784
138,797
138,804
138,811
139,148
139,149
139,153
139,159
139,160
139,170
139,175
139,179
139,186
139,194
139,195
139,206
139,220
139,231
139,234
139,237
139,246
139,250
139,273
139,274
139,285
139,291
139,302
139,303
139,310
139,312
139,322
139,337
139,344
139,363
139,367
139,374
139,380
139,385
139,387
139,388
139,389
139,393
139,409
139,410
139,453
139,462
139,469
139,477
139,494
139,507
139,512
139,514
139,523
139,541
139,543
139,544
139,545
139,582
139,592
139,593
139,595
139,596
139,600
139,604
139,612
139,618
139,643
139,660
139,669
139,705
139,706
139,712
139,716
139,735
139,737
139,738
139,749
139,755
139,770
139,772
139,774
139,776
139,782
140,164
140,175
140,177
140,180
140,183
140,188
140,199
140,204
140,214
140,215
140,216
140,220
140,225
140,228
140,231
140,232
140,235
140,259
140,268
140,270
140,271
140,272
140,273
140,275
140,286
140,293
140,315
140,316
140,331
140,334
140,340
140,342
140,346
140,352
140,358
140,360
140,361
140,364
140,371
140,391
140,436
140,438
140,441
140,444
140,454
140,462
140,476
140,478
140,479
140,480
140,485
140,487
140,489
140,491
140,493
140,495
140,496
140,497
140,500
140,503
140,504
140,511
140,512
140,518
140,521
140,525
140,530
140,532
140,534
140,537
140,547
140,556
140,557
140,558
140,559
140,563
140,564
140,570
140,574
140,596
140,599
140,617
140,623
140,624
140,625
140,684
140,686
140,691
140,702
140,703
140,704
140,705
140,711
140,714
140,721
140,735
140,737
140,738
140,739
140,742
140,743
140,758
140,767
140,771
140,782
140,784
140,785
140,790
140,795
140,798
140,810
141,157
141,164
141,165
141,166
141,177
141,178
141,182
141,188
141,191
141,199
141,211
141,212
141,214
141,216
141,218
141,220
141,222
141,240
141,241
141,242
141,243
141,250
141,259
141,274
141,275
141,289
141,295
141,297
141,302
141,303
141,304
141,309
141,311
141,315
141,316
141,321
141,322
141,323
141,324
141,331
141,344
141,351
141,354
141,359
141,360
141,368
141,371
141,377
141,379
141,381
141,382
141,383
141,384
141,385
141,386
141,387
141,388
141,391
141,396
141,398
141,399
141,400
141,402
141,405
141,415
141,416
141,425
141,438
141,442
141,451
141,470
141,473
141,474
141,475
141,477
141,484
141,487
141,493
141,495
141,501
141,519
141,555
141,556
141,569
141,582
141,590
141,592
141,593
141,596
141,602
141,611
141,612
141,616
141,626
141,629
141,643
141,651
141,663
141,684
141,689
141,693
141,694
141,695
141,696
141,700
141,745
141,746
141,750
141,751
141,753
141,759
141,774
141,776
141,781
141,784
141,786
141,788
141,797
142,163
142,171
142,193
142,203
142,226
142,227
142,239
142,305
142,306
142,307
142,308
142,325
142,408
142,418
142,458
142,459
142,468
142,483
142,579
142,580
142,583
142,585
142,636
142,649
142,650
142,652
142,653
142,654
142,666
142,773
142,789
143,149
143,151
143,153
143,154
143,163
143,170
143,176
143,185
143,187
143,194
143,195
143,202
143,231
143,234
143,254
143,257
143,261
143,276
143,285
143,287
143,292
143,300
143,310
143,320
143,332
143,333
143,337
143,339
143,341
143,343
143,347
143,348
143,356
143,357
143,365
143,373
143,374
143,375
143,389
143,390
143,397
143,404
143,410
143,418
143,420
143,421
143,422
143,428
143,429
143,430
143,431
143,434
143,435
143,437
143,439
143,461
143,464
143,467
143,469
143,472
143,486
143,488
143,490
143,492
143,494
143,498
143,505
143,508
143,509
143,524
143,527
143,544
143,589
143,598
143,600
143,613
143,618
143,628
143,633
143,635
143,656
143,660
143,667
143,674
143,690
143,701
143,720
143,732
143,734
143,740
143,741
143,744
143,755
143,762
143,763
143,783
143,794
143,799
147,249
147,256
147,298
147,345
147,347
147,408
147,490
147,800
147,808
148,149
148,163
148,172
148,186
148,193
148,195
148,206
148,207
148,221
148,226
148,234
148,238
148,246
148,251
148,254
148,257
148,258
148,260
148,277
148,285
148,291
148,299
148,300
148,312
148,321
148,333
148,345
148,365
148,367
148,372
148,374
148,380
148,388
148,390
148,397
148,406
148,408
148,412
148,413
148,421
148,431
148,434
148,483
148,526
148,542
148,543
148,544
148,546
148,566
148,595
148,602
148,610
148,618
148,619
148,635
148,660
148,698
148,707
148,717
148,723
148,734
148,755
148,762
148,769
148,770
149,153
149,159
149,160
149,163
149,170
149,175
149,176
149,186
149,194
149,195
149,206
149,231
149,234
149,237
149,246
149,250
149,255
149,257
149,258
149,260
149,274
149,277
149,285
149,291
149,302
149,303
149,310
149,312
149,322
149,332
149,337
149,363
149,365
149,367
149,374
149,380
149,388
149,389
149,390
149,397
149,406
149,409
149,410
149,413
149,421
149,422
149,424
149,426
149,434
149,435
149,453
149,461
149,469
149,494
149,507
149,509
149,514
149,523
149,526
149,528
149,531
149,541
149,542
149,543
149,544
149,566
149,592
149,593
149,595
149,598
149,600
149,612
149,613
149,618
149,626
149,633
149,635
149,660
149,669
149,690
149,698
149,699
149,701
149,705
149,706
149,707
149,712
149,716
149,737
149,738
149,741
149,749
149,752
149,755
149,756
149,760
149,770
149,772
149,774
149,776
151,154
151,168
151,176
151,185
151,187
151,202
151,234
151,249
151,254
151,255
151,257
151,260
151,261
151,276
151,277
151,287
151,292
151,300
151,320
151,332
151,333
151,339
151,341
151,347
151,348
151,356
151,357
151,365
151,366
151,373
151,375
151,389
151,390
151,397
151,404
151,412
151,420
151,421
151,422
151,424
151,428
151,429
151,430
151,431
151,433
151,434
151,435
151,437
151,439
151,461
151,464
151,467
151,472
151,486
151,488
151,490
151,492
151,498
151,505
151,508
151,509
151,524
151,526
151,527
151,589
151,598
151,613
151,618
151,631
151,633
151,635
151,656
151,667
151,674
151,701
151,717
151,720
151,732
151,734
151,740
151,741
151,744
151,747
151,762
151,763
151,783
151,794
151,799
153,159
153,160
153,163
153,166
153,170
153,179
153,182
153,186
153,191
153,194
153,195
153,199
153,211
153,223
153,240
153,241
153,243
153,250
153,251
153,274
153,285
153,297
153,302
153,303
153,310
153,322
153,337
153,344
153,351
153,363
153,367
153,374
153,386
153,387
153,388
153,391
153,393
153,396
153,398
153,399
153,400
153,402
153,405
153,409
153,410
153,418
153,425
153,442
153,453
153,469
153,470
153,473
153,474
153,477
153,484
153,485
153,494
153,501
153,507
153,514
153,543
153,544
153,555
153,569
153,581
153,582
153,590
153,591
153,592
153,593
153,598
153,600
153,604
153,611
153,612
153,616
153,629
153,643
153,651
153,660
153,663
153,669
153,684
153,689
153,694
153,706
153,712
153,716
153,737
153,738
153,745
153,746
153,749
153,750
153,751
153,753
153,755
153,759
153,770
153,772
153,774
153,776
153,781
153,797
154,168
154,172
154,176
154,185
154,187
154,195
154,202
154,208
154,234
154,254
154,255
154,257
154,260
154,261
154,276
154,277
154,285
154,287
154,292
154,298
154,299
154,300
154,320
154,333
154,341
154,343
154,345
154,347
154,348
154,356
154,357
154,365
154,366
154,373
154,375
154,390
154,397
154,404
154,406
154,412
154,413
154,418
154,420
154,421
154,422
154,424
154,426
154,428
154,429
154,430
154,431
154,433
154,434
154,435
154,437
154,439
154,461
154,464
154,467
154,471
154,472
154,486
154,488
154,490
154,492
154,498
154,505
154,508
154,509
154,524
154,526
154,527
154,589
154,598
154,610
154,613
154,618
154,628
154,631
154,632
154,633
154,635
154,656
154,667
154,690
154,698
154,701
154,716
154,717
154,720
154,732
154,740
154,741
154,744
154,747
154,755
154,762
154,763
154,770
154,783
154,792
154,794
154,800
154,801
155,223
155,234
155,246
155,256
155,262
155,277
155,291
155,303
155,317
155,332
155,363
155,366
155,406
155,427
155,514
155,528
155,536
155,539
155,543
155,614
155,618
155,626
155,648
155,653
155,667
155,712
155,734
155,756
155,788
155,800
156,338
156,463
156,465
156,502
156,510
156,516
156,529
156,533
156,540
156,793
157,171
157,193
157,203
157,207
157,212
157,221
157,230
157,237
157,239
157,241
157,265
157,289
157,299
157,306
157,307
157,308
157,330
157,459
157,470
157,477
157,555
157,566
157,649
157,666
157,694
157,695
157,698
157,745
157,773
157,775
157,788
157,789
157,797
159,160
159,163
159,166
159,170
159,177
159,179
159,182
159,191
159,194
159,195
159,197
159,199
159,209
159,211
159,218
159,223
159,240
159,241
159,243
159,250
159,251
159,274
159,285
159,289
159,297
159,302
159,303
159,307
159,310
159,322
159,337
159,344
159,351
159,360
159,363
159,367
159,374
159,386
159,387
159,388
159,391
159,393
159,396
159,398
159,399
159,400
159,402
159,405
159,409
159,410
159,416
159,418
159,442
159,453
159,469
159,470
159,473
159,474
159,477
159,484
159,485
159,494
159,507
159,514
159,544
159,555
159,569
159,577
159,581
159,582
159,590
159,591
159,592
159,593
159,598
159,600
159,604
159,611
159,612
159,616
159,643
159,651
159,660
159,663
159,669
159,684
159,689
159,693
159,694
159,706
159,716
159,737
159,738
159,745
159,746
159,749
159,750
159,751
159,753
159,755
159,759
159,760
159,770
159,772
159,774
159,776
159,781
159,797
159,803
160,163
160,166
160,170
160,179
160,182
160,186
160,194
160,195
160,197
160,199
160,206
160,212
160,223
160,237
160,240
160,241
160,243
160,246
160,250
160,251
160,263
160,274
160,285
160,289
160,291
160,297
160,302
160,303
160,310
160,322
160,337
160,344
160,351
160,362
160,363
160,367
160,371
160,374
160,384
160,385
160,386
160,387
160,388
160,393
160,395
160,396
160,398
160,399
160,400
160,402
160,405
160,409
160,410
160,415
160,418
160,442
160,453
160,469
160,470
160,473
160,474
160,484
160,485
160,494
160,501
160,507
160,514
160,543
160,544
160,555
160,577
160,581
160,582
160,590
160,591
160,592
160,593
160,595
160,600
160,604
160,612
160,616
160,643
160,660
160,663
160,669
160,684
160,689
160,693
160,694
160,700
160,712
160,737
160,738
160,745
160,749
160,750
160,751
160,753
160,755
160,759
160,760
160,770
160,774
160,776
160,781
160,797
162,173
162,258
162,263
162,310
162,324
162,337
162,341
162,362
162,372
162,395
162,541
162,613
162,760
163,170
163,194
163,195
163,206
163,207
163,226
163,237
163,254
163,256
163,257
163,285
163,291
163,299
163,310
163,332
163,345
163,363
163,374
163,380
163,388
163,389
163,393
163,397
163,408
163,410
163,418
163,422
163,435
163,461
163,468
163,469
163,483
163,543
163,566
163,593
163,598
163,628
163,633
163,635
163,636
163,643
163,660
163,690
163,707
163,716
163,723
163,752
163,755
163,770
163,774
164,166
164,170
164,177
164,179
164,182
164,183
164,188
164,199
164,216
164,218
164,220
164,240
164,241
164,242
164,243
164,250
164,259
164,268
164,270
164,271
164,273
164,274
164,275
164,295
164,297
164,310
164,315
164,316
164,322
164,323
164,344
164,351
164,354
164,360
164,361
164,367
164,384
164,385
164,386
164,387
164,388
164,391
164,395
164,396
164,398
164,399
164,400
164,402
164,409
164,438
164,442
164,453
164,462
164,470
164,473
164,474
164,476
164,477
164,478
164,479
164,480
164,484
164,485
164,487
164,489
164,491
164,493
164,494
164,495
164,496
164,497
164,500
164,503
164,504
164,507
164,511
164,512
164,518
164,521
164,525
164,555
164,556
164,569
164,582
164,590
164,591
164,592
164,593
164,596
164,600
164,604
164,608
164,611
164,612
164,616
164,629
164,643
164,684
164,691
164,693
164,694
164,735
164,737
164,738
164,745
164,746
164,749
164,750
164,751
164,753
164,774
164,776
164,781
164,782
164,784
164,785
164,786
164,797
165,177
165,178
165,182
165,188
165,191
165,211
165,212
165,218
165,220
165,222
165,240
165,241
165,243
165,251
165,259
165,275
165,295
165,297
165,302
165,311
165,312
165,315
165,323
165,331
165,360
165,382
165,384
165,385
165,386
165,387
165,391
165,395
165,396
165,398
165,399
165,400
165,402
165,442
165,470
165,473
165,474
165,477
165,555
165,569
165,590
165,593
165,596
165,600
165,608
165,611
165,616
165,684
165,693
165,694
165,745
165,746
165,751
165,753
165,786
165,797
166,170
166,177
166,178
166,179
166,182
166,188
166,191
166,197
166,211
166,212
166,214
166,218
166,222
166,223
166,240
166,241
166,242
166,243
166,250
166,274
166,275
166,289
166,295
166,297
166,303
166,309
166,310
166,315
166,322
166,329
166,344
166,351
166,354
166,360
166,362
166,368
166,379
166,381
166,382
166,383
166,384
166,385
166,386
166,387
166,388
166,391
166,393
166,396
166,398
166,399
166,400
166,402
166,405
166,409
166,410
166,415
166,416
166,442
166,451
166,453
166,470
166,473
166,474
166,475
166,477
166,484
166,485
166,555
166,569
166,581
166,582
166,590
166,591
166,593
166,604
166,611
166,612
166,616
166,629
166,643
166,651
166,663
166,684
166,689
166,693
166,694
166,696
166,738
166,745
166,746
166,749
166,750
166,751
166,753
166,759
166,760
166,774
166,776
166,780
166,781
166,782
166,784
166,790
166,793
166,797
166,803
166,804
168,172
168,176
168,185
168,187
168,195
168,202
168,208
168,227
168,239
168,254
168,255
168,257
168,261
168,276
168,277
168,285
168,292
168,298
168,299
168,300
168,320
168,341
168,343
168,345
168,347
168,356
168,357
168,365
168,366
168,373
168,375
168,397
168,404
168,408
168,412
168,413
168,420
168,421
168,422
168,424
168,428
168,429
168,430
168,431
168,433
168,434
168,435
168,439
168,459
168,461
168,464
168,467
168,472
168,486
168,488
168,490
168,492
168,498
168,505
168,508
168,509
168,524
168,526
168,527
168,566
168,585
168,589
168,598
168,610
168,613
168,619
168,628
168,631
168,632
168,633
168,635
168,666
168,667
168,690
168,698
168,701
168,717
168,720
168,740
168,744
168,762
168,763
168,773
168,783
168,792
168,794
168,800
168,801
170,179
170,182
170,186
170,194
170,195
170,199
170,206
170,220
170,222
170,223
170,231
170,234
170,237
170,240
170,246
170,250
170,251
170,274
170,275
170,285
170,291
170,297
170,302
170,303
170,310
170,312
170,315
170,322
170,337
170,344
170,351
170,360
170,361
170,363
170,367
170,374
170,380
170,385
170,387
170,388
170,391
170,393
170,396
170,399
170,402
170,409
170,410
170,435
170,442
170,453
170,462
170,469
170,473
170,474
170,477
170,484
170,485
170,494
170,507
170,514
170,531
170,543
170,544
170,581
170,582
170,591
170,592
170,593
170,596
170,598
170,600
170,604
170,612
170,629
170,635
170,643
170,660
170,669
170,684
170,699
170,706
170,707
170,712
170,716
170,737
170,738
170,749
170,755
170,756
170,770
170,774
170,776
170,781
170,786
171,172
171,192
171,203
171,226
171,227
171,238
171,239
171,265
171,299
171,305
171,306
171,307
171,308
171,325
171,345
171,380
171,408
171,414
171,456
171,458
171,459
171,468
171,483
171,499
171,542
171,566
171,579
171,580
171,583
171,585
171,594
171,610
171,619
171,636
171,648
171,649
171,650
171,652
171,653
171,654
171,666
171,723
171,748
171,773
171,775
171,789
172,176
172,185
172,187
172,207
172,208
172,226
172,227
172,239
172,255
172,261
172,265
172,276
172,277
172,298
172,299
172,320
172,325
172,341
172,345
172,347
172,356
172,373
172,397
172,408
172,413
172,420
172,428
172,429
172,430
172,431
172,439
172,452
172,458
172,459
172,461
172,464
172,467
172,468
172,472
172,483
172,490
172,509
172,533
172,566
172,579
172,580
172,583
172,585
172,589
172,594
172,610
172,614
172,619
172,628
172,631
172,632
172,635
172,666
172,717
172,723
172,744
172,762
172,763
172,773
172,783
172,792
172,794
173,209
173,215
173,230
173,258
173,263
173,267
173,330
173,337
173,341
173,362
173,371
173,385
173,395
173,405
173,410
173,416
173,457
173,501
173,517
173,684
173,696
173,733
173,760
173,780
173,788
175,180
175,183
175,186
175,195
175,204
175,225
175,231
175,232
175,234
175,235
175,246
175,272
175,285
175,291
175,294
175,302
175,303
175,334
175,340
175,342
175,346
175,352
175,363
175,364
175,367
175,374
175,388
175,441
175,462
175,469
175,494
175,507
175,514
175,523
175,530
175,532
175,534
175,537
175,543
175,544
175,545
175,556
175,557
175,558
175,559
175,563
175,564
175,570
175,574
175,599
175,600
175,624
175,626
175,660
175,669
175,702
175,703
175,704
175,705
175,706
175,711
175,712
175,713
175,714
175,721
175,735
175,737
175,738
175,739
175,743
175,758
175,767
175,768
175,771
175,782
176,185
176,187
176,195
176,202
176,208
176,221
176,234
176,249
176,254
176,255
176,257
176,261
176,276
176,277
176,285
176,287
176,292
176,299
176,300
176,320
176,333
176,341
176,343
176,345
176,347
176,348
176,356
176,357
176,365
176,366
176,373
176,375
176,389
176,390
176,397
176,404
176,412
176,413
176,420
176,421
176,422
176,424
176,426
176,428
176,429
176,430
176,431
176,433
176,434
176,435
176,437
176,439
176,461
176,464
176,467
176,471
176,472
176,486
176,488
176,490
176,492
176,498
176,505
176,508
176,509
176,524
176,526
176,527
176,538
176,541
176,589
176,598
176,613
176,628
176,631
176,632
176,633
176,635
176,656
176,667
176,690
176,698
176,699
176,701
176,716
176,717
176,720
176,732
176,740
176,741
176,744
176,747
176,762
176,763
176,783
176,792
176,794
176,799
176,800
176,801
177,178
177,179
177,182
177,188
177,191
177,199
177,211
177,212
177,214
177,216
177,218
177,220
177,222
177,240
177,241
177,242
177,243
177,251
177,259
177,270
177,271
177,275
177,289
177,295
177,297
177,303
177,315
177,316
177,322
177,329
177,331
177,344
177,351
177,354
177,360
177,361
177,368
177,379
177,381
177,382
177,383
177,384
177,385
177,386
177,387
177,391
177,395
177,396
177,398
177,399
177,400
177,402
177,405
177,416
177,438
177,442
177,451
177,470
177,473
177,474
177,475
177,477
177,484
177,485
177,489
177,493
177,495
177,496
177,497
177,503
177,504
177,511
177,518
177,521
177,555
177,556
177,569
177,582
177,590
177,591
177,592
177,593
177,596
177,608
177,611
177,612
177,616
177,629
177,643
177,651
177,663
177,684
177,689
177,693
177,694
177,696
177,713
177,735
177,745
177,746
177,749
177,750
177,751
177,753
177,759
177,774
177,776
177,781
177,784
177,785
177,786
177,797
177,811
178,182
178,188
178,191
178,199
178,211
178,212
178,218
178,220
178,222
178,240
178,241
178,242
178,243
178,250
178,259
178,260
178,297
178,303
178,312
178,351
178,354
178,360
178,371
178,379
178,381
178,382
178,384
178,385
178,386
178,396
178,398
178,399
178,400
178,402
178,438
178,442
178,470
178,474
178,477
178,487
178,514
178,546
178,555
178,569
178,582
178,590
178,596
178,608
178,611
178,616
178,629
178,684
178,693
178,694
178,696
178,712
178,745
178,746
178,750
178,751
178,753
178,757
178,776
178,781
178,786
178,797
179,182
179,188
179,194
179,216
179,218
179,220
179,222
179,223
179,240
179,241
179,242
179,243
179,250
179,273
179,274
179,275
179,295
179,297
179,302
179,303
179,310
179,313
179,315
179,322
179,337
179,344
179,351
179,354
179,360
179,367
179,385
179,386
179,387
179,388
179,391
179,396
179,398
179,399
179,400
179,402
179,409
179,410
179,442
179,453
179,469
179,470
179,473
179,474
179,477
179,484
179,493
179,494
179,507
179,514
179,555
179,569
179,581
179,582
179,590
179,591
179,592
179,593
179,596
179,600
179,604
179,611
179,612
179,616
179,629
179,643
179,669
179,684
179,689
179,694
179,716
179,735
179,737
179,738
179,745
179,746
179,749
179,750
179,751
179,753
179,755
179,774
179,776
179,781
179,782
179,784
179,797
180,183
180,204
180,225
180,228
180,231
180,232
180,235
180,268
180,270
180,271
180,273
180,286
180,293
180,294
180,326
180,334
180,335
180,340
180,342
180,346
180,352
180,358
180,364
180,441
180,443
180,444
180,445
180,446
180,447
180,448
180,449
180,450
180,454
180,462
180,476
180,478
180,479
180,480
180,489
180,491
180,496
180,497
180,500
180,503
180,504
180,511
180,512
180,515
180,518
180,520
180,521
180,525
180,530
180,532
180,534
180,537
180,545
180,547
180,556
180,557
180,558
180,559
180,563
180,564
180,570
180,573
180,574
180,575
180,599
180,617
180,623
180,624
180,625
180,641
180,691
180,692
180,702
180,703
180,704
180,705
180,706
180,711
180,713
180,714
180,721
180,735
180,738
180,739
180,742
180,743
180,758
180,767
180,768
180,771
180,782
180,785
180,790
180,795
180,798
180,809
180,810
182,188
182,191
182,199
182,211
182,212
182,215
182,218
182,220
182,222
182,223
182,240
182,241
182,242
182,243
182,250
182,251
182,259
182,263
182,267
182,274
182,275
182,295
182,297
182,302
182,303
182,310
182,312
182,315
182,316
182,321
182,322
182,323
182,324
182,344
182,351
182,354
182,360
182,367
182,368
182,371
182,379
182,381
182,382
182,383
182,384
182,385
182,386
182,387
182,388
182,395
182,396
182,398
182,399
182,400
182,402
182,405
182,410
182,415
182,416
182,417
182,425
182,442
182,453
182,470
182,473
182,474
182,475
182,477
182,484
182,485
182,501
182,507
182,514
182,517
182,555
182,556
182,569
182,581
182,582
182,590
182,591
182,592
182,593
182,596
182,600
182,611
182,612
182,616
182,629
182,643
182,651
182,663
182,669
182,684
182,689
182,693
182,694
182,697
182,737
182,745
182,746
182,750
182,751
182,753
182,759
182,760
182,774
182,776
182,781
182,786
182,788
182,797
183,204
183,216
183,225
183,228
183,231
183,232
183,235
183,268
183,270
183,271
183,272
183,273
183,286
183,293
183,294
183,326
183,334
183,335
183,340
183,342
183,346
183,352
183,358
183,364
183,441
183,443
183,444
183,445
183,446
183,447
183,448
183,449
183,450
183,454
183,462
183,476
183,478
183,479
183,480
183,489
183,491
183,496
183,497
183,500
183,503
183,504
183,511
183,512
183,515
183,518
183,520
183,521
183,525
183,530
183,532
183,534
183,537
183,545
183,547
183,556
183,557
183,558
183,559
183,563
183,564
183,570
183,573
183,574
183,575
183,599
183,617
183,623
183,624
183,625
183,641
183,691
183,692
183,702
183,703
183,704
183,705
183,706
183,711
183,713
183,714
183,721
183,735
183,737
183,738
183,739
183,742
183,743
183,758
183,767
183,768
183,771
183,782
183,785
183,790
183,795
183,798
183,809
183,810
184,369
184,772
185,187
185,195
185,202
185,208
185,234
185,254
185,255
185,257
185,261
185,276
185,277
185,285
185,287
185,292
185,299
185,300
185,320
185,333
185,341
185,343
185,347
185,348
185,356
185,365
185,366
185,373
185,375
185,390
185,397
185,404
185,408
185,412
185,413
185,420
185,421
185,422
185,424
185,426
185,428
185,429
185,430
185,431
185,433
185,434
185,435
185,437
185,439
185,461
185,464
185,467
185,471
185,472
185,486
185,488
185,490
185,492
185,498
185,505
185,508
185,509
185,524
185,526
185,527
185,589
185,598
185,610
185,613
185,619
185,628
185,631
185,632
185,633
185,635
185,656
185,667
185,690
185,698
185,701
185,717
185,720
185,732
185,734
185,740
185,741
185,744
185,747
185,762
185,763
185,783
185,792
185,794
185,799
185,800
185,801
186,194
186,195
186,234
186,237
186,246
186,250
186,274
186,285
186,291
186,302
186,303
186,310
186,332
186,337
186,363
186,367
186,374
186,388
186,389
186,410
186,426
186,427
186,435
186,453
186,455
186,469
186,494
186,507
186,514
186,523
186,528
186,536
186,543
186,544
186,545
186,591
186,592
186,593
186,595
186,600
186,618
186,626
186,633
186,660
186,669
186,705
186,706
186,707
186,712
186,716
186,737
186,752
186,755
186,756
186,769
186,770
186,776
187,202
187,208
187,234
187,249
187,254
187,255
187,257
187,261
187,276
187,277
187,285
187,287
187,292
187,299
187,300
187,320
187,332
187,333
187,341
187,343
187,347
187,348
187,356
187,357
187,365
187,366
187,373
187,375
187,389
187,390
187,397
187,404
187,408
187,412
187,420
187,421
187,422
187,424
187,426
187,428
187,429
187,430
187,431
187,433
187,434
187,435
187,437
187,439
187,461
187,464
187,467
187,471
187,472
187,486
187,488
187,490
187,492
187,498
187,505
187,508
187,509
187,524
187,526
187,527
187,589
187,598
187,613
187,619
187,628
187,631
187,632
187,633
187,635
187,656
187,667
187,690
187,698
187,701
187,717
187,720
187,732
187,734
187,740
187,741
187,744
187,747
187,762
187,763
187,783
187,792
187,794
187,800
187,801
188,191
188,199
188,211
188,212
188,214
188,215
188,216
188,218
188,220
188,222
188,240
188,241
188,242
188,243
188,250
188,259
188,263
188,268
188,270
188,271
188,275
188,289
188,295
188,297
188,315
188,316
188,322
188,331
188,344
188,351
188,354
188,359
188,360
188,368
188,371
188,379
188,381
188,382
188,383
188,384
188,385
188,386
188,387
188,391
188,396
188,398
188,399
188,400
188,402
188,405
188,416
188,436
188,438
188,442
188,462
188,470
188,473
188,474
188,475
188,476
188,477
188,478
188,484
188,485
188,487
188,489
188,493
188,496
188,497
188,503
188,504
188,511
188,512
188,518
188,521
188,525
188,555
188,556
188,569
188,582
188,590
188,596
188,611
188,612
188,616
188,643
188,651
188,663
188,684
188,689
188,693
188,694
188,696
188,697
188,713
188,735
188,745
188,746
188,750
188,751
188,753
188,758
188,774
188,781
188,784
188,785
188,797
191,209
191,211
191,212
191,214
191,215
191,218
191,222
191,223
191,240
191,241
191,242
191,243
191,250
191,263
191,289
191,295
191,297
191,315
191,316
191,330
191,351
191,354
191,359
191,360
191,362
191,368
191,371
191,377
191,379
191,381
191,382
191,383
191,384
191,385
191,386
191,396
191,398
191,399
191,400
191,402
191,405
191,415
191,416
191,438
191,442
191,451
191,453
191,470
191,473
191,474
191,475
191,477
191,484
191,487
191,501
191,517
191,519
191,555
191,569
191,581
191,582
191,590
191,591
191,592
191,596
191,611
191,612
191,616
191,643
191,651
191,663
191,684
191,689
191,693
191,694
191,695
191,697
191,745
191,746
191,750
191,751
191,753
191,776
191,781
191,797
192,203
192,226
192,227
192,299
192,325
192,408
192,414
192,458
192,459
192,468
192,483
192,579
192,580
192,583
192,585
192,619
192,652
192,666
192,748
192,773
193,195
193,238
193,260
193,305
193,325
193,406
193,414
193,452
193,459
193,499
193,546
193,610
193,636
193,649
193,650
193,752
193,775
193,780
193,783
193,789
193,792
193,793
194,195
194,237
194,246
194,274
194,285
194,291
194,305
194,310
194,322
194,337
194,343
194,344
194,363
194,367
194,374
194,387
194,393
194,409
194,410
194,418
194,422
194,435
194,453
194,461
194,469
194,473
194,494
194,507
194,528
194,531
194,542
194,543
194,544
194,577
194,582
194,593
194,594
194,598
194,600
194,604
194,612
194,628
194,633
194,654
194,660
194,690
194,698
194,699
194,716
194,749
194,755
194,756
194,760
194,770
194,772
194,774
194,776
194,802
194,803
195,206
195,221
195,234
195,237
195,246
195,250
195,255
195,257
195,258
195,260
195,265
195,267
195,274
195,277
195,285
195,291
195,299
195,302
195,303
195,310
195,312
195,322
195,332
195,337
195,341
195,344
195,356
195,363
195,365
195,367
195,374
195,375
195,380
195,388
195,389
195,390
195,397
195,406
195,409
195,410
195,413
195,421
195,422
195,424
195,426
195,431
195,433
195,434
195,435
195,453
195,461
195,467
195,469
195,472
195,494
195,507
195,509
195,514
195,523
195,526
195,531
195,541
195,542
195,543
195,544
195,566
195,578
195,592
195,593
195,595
195,598
195,600
195,605
195,612
195,613
195,618
195,626
195,628
195,631
195,633
195,635
195,660
195,669
195,690
195,698
195,699
195,701
195,705
195,706
195,707
195,712
195,716
195,717
195,723
195,725
195,738
195,741
195,744
195,752
195,755
195,756
195,760
195,763
195,770
195,774
195,776
195,783
195,792
195,794
197,209
197,223
197,230
197,237
197,240
197,242
197,256
197,262
197,296
197,302
197,303
197,351
197,362
197,363
197,393
197,405
197,415
197,416
197,455
197,473
197,514
197,528
197,536
197,539
197,581
197,591
197,604
197,643
197,653
197,663
197,669
197,756
197,760
197,788
199,214
199,215
199,218
199,220
199,240
199,241
199,243
199,250
199,259
199,263
199,268
199,270
199,271
199,273
199,274
199,275
199,297
199,302
199,315
199,316
199,322
199,323
199,344
199,351
199,358
199,359
199,360
199,362
199,368
199,371
199,379
199,381
199,382
199,383
199,385
199,386
199,396
199,398
199,399
199,400
199,402
199,403
199,405
199,410
199,415
199,416
199,417
199,436
199,438
199,442
199,444
199,453
199,462
199,470
199,473
199,474
199,475
199,476
199,477
199,478
199,479
199,480
199,482
199,484
199,485
199,487
199,489
199,491
199,493
199,494
199,495
199,496
199,497
199,500
199,503
199,504
199,507
199,511
199,512
199,514
199,517
199,518
199,521
199,525
199,555
199,556
199,569
199,582
199,590
199,592
199,593
199,596
199,600
199,611
199,612
199,616
199,643
199,651
199,663
199,684
199,686
199,691
199,694
199,696
199,697
199,735
199,737
199,738
199,742
199,743
199,745
199,746
199,751
199,753
199,759
199,767
199,776
199,781
199,782
199,784
199,785
199,790
199,797
199,810
202,254
202,257
202,261
202,276
202,277
202,287
202,292
202,300
202,320
202,332
202,333
202,339
202,348
202,356
202,357
202,366
202,375
202,389
202,390
202,397
202,404
202,412
202,420
202,421
202,424
202,428
202,429
202,430
202,431
202,433
202,434
202,437
202,439
202,461
202,464
202,467
202,472
202,486
202,488
202,490
202,492
202,505
202,509
202,524
202,526
202,527
202,589
202,598
202,613
202,618
202,633
202,635
202,656
202,667
202,674
202,701
202,717
202,720
202,732
202,734
202,740
202,741
202,744
202,762
202,763
202,783
202,792
202,794
202,799
203,221
203,226
203,227
203,239
203,265
203,305
203,306
203,307
203,308
203,325
203,345
203,372
203,408
203,414
203,456
203,458
203,459
203,468
203,483
203,499
203,535
203,579
203,580
203,583
203,585
203,594
203,610
203,614
203,619
203,628
203,636
203,648
203,649
203,650
203,652
203,653
203,654
203,666
203,715
203,723
203,748
203,773
203,789
204,235
204,270
204,271
204,273
204,286
204,293
204,294
204,326
204,335
204,342
204,346
204,358
204,364
204,436
204,438
204,441
204,443
204,444
204,445
204,446
204,447
204,448
204,449
204,450
204,454
204,462
204,476
204,479
204,480
204,489
204,491
204,496
204,497
204,500
204,503
204,504
204,511
204,512
204,518
204,520
204,521
204,525
204,530
204,532
204,534
204,537
204,545
204,547
204,556
204,557
204,558
204,559
204,564
204,599
204,641
204,686
204,691
204,692
204,702
204,703
204,704
204,705
204,711
204,714
204,721
204,735
204,738
204,739
204,742
204,743
204,767
204,768
204,782
204,790
204,798
204,809
204,810
206,207
206,234
206,237
206,239
206,246
206,250
206,256
206,285
206,291
206,303
206,310
206,312
206,319
206,332
206,363
206,365
206,367
206,374
206,380
206,388
206,389
206,393
206,453
206,469
206,494
206,514
206,543
206,544
206,593
206,600
206,604
206,618
206,628
206,635
206,643
206,660
206,669
206,707
206,712
206,716
206,752
206,755
206,760
206,770
207,221
207,226
207,236
207,237
207,238
207,239
207,258
207,259
207,260
207,262
207,265
207,277
207,308
207,312
207,317
207,380
207,388
207,452
207,483
207,533
207,566
207,583
207,597
207,602
207,635
207,636
207,707
207,723
207,734
207,769
207,786
208,254
208,257
208,261
208,276
208,277
208,292
208,299
208,320
208,341
208,343
208,347
208,356
208,365
208,366
208,373
208,375
208,397
208,404
208,412
208,420
208,421
208,422
208,424
208,428
208,429
208,430
208,431
208,433
208,434
208,435
208,439
208,461
208,464
208,467
208,472
208,486
208,488
208,490
208,492
208,498
208,505
208,508
208,509
208,524
208,526
208,527
208,589
208,598
208,613
208,619
208,628
208,631
208,632
208,690
208,717
208,720
208,744
208,762
208,763
208,783
208,792
208,794
208,801
209,211
209,214
209,230
209,240
209,241
209,243
209,263
209,289
209,297
209,304
209,307
209,324
209,327
209,330
209,351
209,359
209,362
209,377
209,378
209,379
209,381
209,382
209,383
209,386
209,392
209,396
209,398
209,399
209,400
209,402
209,405
209,415
209,416
209,417
209,442
209,451
209,470
209,473
209,474
209,475
209,477
209,482
209,484
209,517
209,519
209,555
209,569
209,571
209,578
209,590
209,609
209,611
209,616
209,651
209,663
209,684
209,689
209,694
209,695
209,696
209,697
209,700
209,733
209,745
209,750
209,751
209,753
209,759
209,780
209,781
209,797
210,780
211,212
211,214
211,218
211,222
211,240
211,241
211,242
211,243
211,250
211,275
211,289
211,295
211,297
211,315
211,316
211,322
211,323
211,324
211,351
211,354
211,359
211,360
211,368
211,379
211,381
211,382
211,383
211,384
211,385
211,386
211,396
211,398
211,399
211,400
211,402
211,405
211,416
211,417
211,425
211,442
211,451
211,470
211,473
211,474
211,475
211,477
211,484
211,555
211,569
211,582
211,590
211,591
211,593
211,611
211,612
211,616
211,643
211,651
211,663
211,684
211,689
211,693
211,694
211,697
211,745
211,746
211,750
211,751
211,753
211,759
211,776
211,781
211,797
212,218
212,222
212,240
212,241
212,242
212,243
212,275
212,289
212,297
212,323
212,354
212,360
212,371
212,379
212,381
212,382
212,383
212,384
212,385
212,386
212,396
212,398
212,399
212,400
212,402
212,415
212,436
212,438
212,442
212,451
212,470
212,473
212,474
212,475
212,477
212,484
212,487
212,555
212,569
212,582
212,590
212,593
212,611
212,616
212,643
212,651
212,663
212,684
212,689
212,693
212,694
212,697
212,745
212,746
212,750
212,751
212,753
212,759
212,781
212,797
213,260
213,308
213,372
213,426
213,506
213,531
213,541
213,595
213,597
213,602
213,613
213,707
213,752
213,754
214,215
214,218
214,230
214,240
214,241
214,242
214,243
214,270
214,271
214,289
214,297
214,316
214,322
214,330
214,331
214,354
214,359
214,360
214,362
214,368
214,371
214,377
214,378
214,379
214,381
214,382
214,383
214,386
214,396
214,398
214,399
214,400
214,402
214,403
214,405
214,415
214,416
214,417
214,436
214,438
214,442
214,444
214,470
214,473
214,474
214,475
214,476
214,477
214,482
214,484
214,485
214,487
214,489
214,496
214,497
214,503
214,504
214,511
214,512
214,517
214,518
214,519
214,521
214,525
214,555
214,556
214,569
214,590
214,611
214,616
214,643
214,651
214,663
214,684
214,686
214,689
214,691
214,693
214,694
214,696
214,697
214,733
214,735
214,745
214,746
214,750
214,751
214,753
214,759
214,780
214,781
214,785
214,797
214,815
215,241
215,242
215,243
215,259
215,263
215,267
215,316
215,359
215,362
215,368
215,371
215,377
215,379
215,381
215,382
215,383
215,385
215,386
215,395
215,398
215,399
215,400
215,402
215,405
215,415
215,416
215,417
215,436
215,438
215,470
215,477
215,482
215,485
215,487
215,496
215,511
215,517
215,569
215,578
215,593
215,616
215,684
215,694
215,695
215,696
215,697
215,745
215,753
215,760
215,785
216,218
216,220
216,240
216,241
216,243
216,268
216,270
216,271
216,273
216,275
216,295
216,297
216,311
216,315
216,322
216,323
216,327
216,331
216,344
216,354
216,360
216,384
216,386
216,391
216,398
216,399
216,400
216,402
216,417
216,436
216,442
216,451
216,462
216,470
216,474
216,476
216,477
216,478
216,479
216,480
216,489
216,491
216,493
216,495
216,496
216,497
216,500
216,503
216,504
216,511
216,512
216,518
216,521
216,525
216,537
216,555
216,556
216,557
216,558
216,559
216,564
216,569
216,590
216,599
216,611
216,616
216,684
216,689
216,691
216,702
216,703
216,735
216,737
216,742
216,743
216,745
216,746
216,750
216,751
216,753
216,758
216,767
216,781
216,784
216,785
216,786
216,790
216,791
216,797
218,222
218,240
218,241
218,242
218,243
218,259
218,270
218,275
218,289
218,295
218,297
218,311
218,315
218,316
218,322
218,323
218,327
218,351
218,354
218,360
218,368
218,379
218,381
218,382
218,383
218,384
218,385
218,386
218,391
218,396
218,398
218,399
218,400
218,402
218,416
218,417
218,436
218,438
218,442
218,451
218,470
218,473
218,474
218,475
218,477
218,484
218,485
218,487
218,491
218,493
218,496
218,497
218,500
218,501
218,504
218,507
218,511
218,518
218,521
218,525
218,555
218,569
218,582
218,590
218,593
218,596
218,611
218,612
218,616
218,643
218,651
218,663
218,684
218,689
218,693
218,694
218,696
218,737
218,742
218,745
218,746
218,750
218,751
218,753
218,758
218,767
218,776
218,781
218,784
218,786
218,790
218,797
220,222
220,228
220,237
220,241
220,259
220,260
220,268
220,270
220,271
220,272
220,273
220,275
220,303
220,312
220,315
220,316
220,322
220,331
220,360
220,361
220,371
220,382
220,385
220,386
220,388
220,391
220,398
220,399
220,400
220,436
220,438
220,462
220,476
220,477
220,478
220,479
220,480
220,485
220,487
220,489
220,491
220,493
220,494
220,495
220,496
220,497
220,500
220,503
220,504
220,511
220,512
220,517
220,518
220,521
220,525
220,556
220,569
220,592
220,596
220,600
220,616
220,629
220,684
220,691
220,694
220,735
220,737
220,738
220,746
220,771
220,782
220,784
220,785
220,786
221,226
221,237
221,259
221,260
221,277
221,299
221,312
221,321
221,345
221,372
221,388
221,406
221,413
221,433
221,531
221,535
221,538
221,543
221,566
221,596
221,619
221,636
221,649
221,698
221,699
221,715
221,716
221,725
221,752
221,755
221,786
222,240
222,241
222,242
222,243
222,250
222,259
222,263
222,274
222,275
222,289
222,295
222,297
222,302
222,303
222,304
222,309
222,311
222,315
222,316
222,322
222,327
222,330
222,351
222,354
222,360
222,361
222,362
222,371
222,379
222,381
222,382
222,383
222,384
222,385
222,386
222,388
222,396
222,398
222,399
222,400
222,402
222,405
222,415
222,416
222,425
222,442
222,451
222,470
222,473
222,474
222,475
222,477
222,484
222,487
222,519
222,555
222,569
222,582
222,590
222,596
222,611
222,612
222,616
222,629
222,643
222,651
222,663
222,684
222,689
222,693
222,694
222,696
222,700
222,737
222,745
222,746
222,750
222,751
222,753
222,759
222,774
222,776
222,781
222,786
222,797
223,234
223,240
223,242
223,243
223,246
223,250
223,262
223,274
223,291
223,297
223,302
223,303
223,310
223,313
223,317
223,322
223,344
223,351
223,363
223,387
223,409
223,410
223,442
223,453
223,470
223,473
223,474
223,484
223,501
223,507
223,514
223,528
223,543
223,581
223,582
223,591
223,592
223,593
223,604
223,612
223,626
223,629
223,643
223,648
223,663
223,669
223,689
223,706
223,712
223,745
223,749
223,750
223,751
223,753
223,759
223,774
223,776
223,781
223,788
223,797
224,236
224,506
224,602
224,754
225,228
225,231
225,232
225,235
225,268
225,270
225,271
225,273
225,286
225,294
225,326
225,334
225,335
225,340
225,342
225,346
225,352
225,358
225,364
225,441
225,443
225,444
225,445
225,446
225,447
225,448
225,449
225,450
225,454
225,462
225,476
225,479
225,480
225,489
225,491
225,493
225,497
225,503
225,504
225,512
225,515
225,518
225,520
225,521
225,525
225,530
225,532
225,534
225,537
225,545
225,547
225,557
225,558
225,559
225,563
225,564
225,570
225,573
225,574
225,575
225,576
225,617
225,623
225,624
225,625
225,641
225,691
225,692
225,702
225,703
225,704
225,705
225,711
225,714
225,721
225,735
225,739
225,742
225,767
225,768
225,771
225,782
225,790
225,795
225,809
225,810
226,227
226,238
226,239
226,255
226,258
226,262
226,265
226,299
226,306
226,307
226,308
226,325
226,345
226,380
226,408
226,414
226,456
226,458
226,459
226,468
226,483
226,542
226,566
226,579
226,580
226,583
226,585
226,610
226,619
226,636
226,649
226,650
226,652
226,653
226,666
226,755
226,773
227,239
227,265
227,298
227,299
227,305
227,306
227,307
227,308
227,325
227,345
227,372
227,380
227,408
227,414
227,456
227,458
227,459
227,468
227,483
227,499
227,538
227,579
227,580
227,583
227,585
227,594
227,610
227,619
227,636
227,649
227,650
227,652
227,654
227,666
227,723
227,748
227,773
227,775
227,789
228,231
228,232
228,235
228,268
228,270
228,271
228,273
228,286
228,294
228,326
228,334
228,335
228,340
228,342
228,346
228,352
228,358
228,364
228,441
228,443
228,444
228,445
228,446
228,447
228,448
228,449
228,450
228,454
228,462
228,476
228,478
228,479
228,480
228,489
228,491
228,493
228,497
228,500
228,503
228,504
228,512
228,515
228,518
228,520
228,521
228,525
228,530
228,532
228,534
228,537
228,547
228,556
228,557
228,558
228,559
228,563
228,564
228,570
228,573
228,574
228,575
228,576
228,617
228,623
228,624
228,625
228,641
228,691
228,692
228,702
228,703
228,704
228,714
228,721
228,735
228,739
228,742
228,758
228,767
228,768
228,771
228,782
228,785
228,790
228,795
228,809
228,810
230,289
230,304
230,307
230,324
230,327
230,330
230,359
230,362
230,377
230,378
230,392
230,405
230,415
230,416
230,417
230,482
230,519
230,571
230,578
230,609
230,651
230,663
230,694
230,695
230,696
230,697
230,700
230,733
230,745
230,751
230,753
230,759
230,760
230,780
231,232
231,235
231,273
231,274
231,285
231,286
231,294
231,334
231,340
231,342
231,346
231,352
231,364
231,367
231,374
231,389
231,390
231,441
231,450
231,462
231,469
231,476
231,479
231,493
231,494
231,512
231,515
231,520
231,523
231,525
231,530
231,532
231,534
231,544
231,545
231,557
231,558
231,559
231,563
231,564
231,570
231,573
231,574
231,575
231,576
231,600
231,617
231,623
231,624
231,625
231,641
231,660
231,691
231,692
231,702
231,703
231,704
231,705
231,706
231,711
231,712
231,714
231,721
231,735
231,738
231,739
231,768
231,771
231,782
231,795
232,235
232,268
232,270
232,271
232,273
232,286
232,294
232,326
232,334
232,335
232,340
232,342
232,346
232,352
232,358
232,364
232,441
232,443
232,444
232,445
232,446
232,447
232,448
232,449
232,450
232,454
232,476
232,479
232,480
232,489
232,491
232,493
232,497
232,503
232,504
232,512
232,515
232,518
232,520
232,521
232,525
232,530
232,532
232,534
232,537
232,545
232,547
232,557
232,558
232,559
232,563
232,564
232,570
232,573
232,574
232,575
232,576
232,617
232,623
232,624
232,625
232,641
232,691
232,692
232,702
232,703
232,704
232,705
232,711
232,714
232,721
232,735
232,739
232,742
232,767
232,768
232,771
232,782
232,790
232,795
232,809
232,810
234,237
234,246
234,250
234,254
234,257
234,258
234,261
234,262
234,274
234,276
234,277
234,285
234,291
234,300
234,302
234,303
234,310
234,312
234,317
234,321
234,332
234,333
234,337
234,363
234,365
234,366
234,367
234,374
234,375
234,388
234,389
234,390
234,397
234,406
234,410
234,412
234,420
234,421
234,422
234,424
234,426
234,428
234,429
234,430
234,431
234,433
234,434
234,435
234,437
234,439
234,453
234,457
234,461
234,464
234,467
234,469
234,472
234,494
234,507
234,509
234,514
234,523
234,526
234,528
234,536
234,541
234,542
234,543
234,544
234,546
234,589
234,591
234,598
234,600
234,613
234,618
234,626
234,628
234,633
234,635
234,648
234,660
234,667
234,669
234,690
234,701
234,705
234,706
234,712
234,716
234,717
234,734
234,740
234,741
234,744
234,752
234,755
234,756
234,762
234,763
234,770
234,783
235,268
235,270
235,271
235,272
235,273
235,286
235,293
235,294
235,326
235,334
235,335
235,340
235,342
235,346
235,352
235,358
235,364
235,441
235,443
235,444
235,445
235,446
235,447
235,448
235,449
235,450
235,454
235,462
235,476
235,478
235,479
235,480
235,489
235,491
235,496
235,497
235,500
235,503
235,504
235,511
235,512
235,515
235,518
235,520
235,521
235,525
235,530
235,532
235,534
235,537
235,545
235,547
235,556
235,557
235,558
235,559
235,563
235,564
235,570
235,573
235,574
235,575
235,599
235,617
235,623
235,624
235,625
235,641
235,691
235,692
235,702
235,703
235,704
235,705
235,706
235,711
235,713
235,714
235,721
235,735
235,738
235,739
235,742
235,743
235,758
235,767
235,768
235,771
235,782
235,785
235,790
235,795
235,809
235,810
236,237
236,238
236,239
236,260
236,372
236,380
236,413
236,566
236,602
236,754
237,238
237,246
237,250
237,256
237,258
237,259
237,260
237,274
237,285
237,291
237,302
237,303
237,308
237,310
237,321
237,337
237,344
237,351
237,367
237,374
237,387
237,388
237,410
237,418
237,453
237,457
237,494
237,531
237,541
237,543
237,544
237,566
237,593
237,595
237,597
237,600
237,604
237,628
237,633
237,635
237,660
237,669
237,716
237,737
237,738
237,752
237,755
237,756
237,760
237,769
237,770
237,772
238,258
238,265
238,308
238,414
238,566
238,595
238,601
238,602
238,636
238,650
238,666
238,769
239,249
239,258
239,265
239,277
239,299
239,306
239,307
239,308
239,380
239,408
239,413
239,418
239,422
239,456
239,458
239,459
239,468
239,483
239,509
239,535
239,542
239,566
239,579
239,583
239,585
239,594
239,595
239,610
239,619
239,636
239,649
239,652
239,654
239,666
239,698
239,707
239,716
239,723
239,748
239,773
239,775
239,789
240,241
240,242
240,243
240,250
240,259
240,274
240,275
240,289
240,295
240,297
240,302
240,303
240,304
240,307
240,309
240,310
240,315
240,316
240,322
240,323
240,324
240,329
240,330
240,331
240,344
240,351
240,354
240,359
240,360
240,368
240,371
240,379
240,381
240,382
240,383
240,384
240,385
240,386
240,387
240,388
240,391
240,395
240,396
240,398
240,399
240,400
240,402
240,405
240,409
240,410
240,415
240,416
240,417
240,425
240,438
240,442
240,451
240,453
240,470
240,473
240,474
240,475
240,477
240,484
240,485
240,487
240,495
240,507
240,555
240,569
240,581
240,582
240,590
240,591
240,592
240,593
240,596
240,600
240,604
240,611
240,612
240,616
240,629
240,643
240,651
240,663
240,669
240,684
240,689
240,693
240,694
240,697
240,737
240,745
240,746
240,749
240,750
240,751
240,753
240,759
240,774
240,776
240,781
240,786
240,797
240,804
241,242
241,243
241,250
241,259
241,263
241,274
241,275
241,289
241,295
241,297
241,302
241,303
241,307
241,315
241,316
241,322
241,323
241,344
241,351
241,354
241,359
241,360
241,368
241,371
241,379
241,381
241,382
241,383
241,384
241,385
241,386
241,387
241,388
241,391
241,396
241,398
241,399
241,400
241,402
241,405
241,415
241,416
241,417
241,425
241,436
241,438
241,442
241,451
241,470
241,473
241,474
241,475
241,477
241,484
241,485
241,487
241,496
241,507
241,511
241,519
241,555
241,569
241,581
241,582
241,590
241,591
241,592
241,593
241,596
241,608
241,611
241,612
241,616
241,629
241,643
241,651
241,663
241,684
241,689
241,693
241,694
241,696
241,697
241,745
241,746
241,750
241,751
241,753
241,759
241,774
241,776
241,781
241,784
241,786
241,797
242,243
242,259
242,263
242,275
242,289
242,295
242,297
242,302
242,303
242,311
242,313
242,315
242,322
242,351
242,354
242,359
242,360
242,362
242,368
242,371
242,379
242,381
242,382
242,383
242,384
242,385
242,386
242,391
242,396
242,398
242,399
242,400
242,402
242,405
242,415
242,416
242,425
242,427
242,442
242,470
242,473
242,474
242,475
242,477
242,484
242,555
242,569
242,581
242,582
242,590
242,591
242,593
242,596
242,608
242,611
242,612
242,616
242,626
242,643
242,651
242,663
242,684
242,689
242,693
242,694
242,697
242,745
242,746
242,750
242,751
242,753
242,781
242,788
242,797
243,250
243,251
243,259
243,263
243,274
243,275
243,289
243,295
243,297
243,303
243,307
243,315
243,316
243,322
243,323
243,329
243,330
243,344
243,351
243,354
243,359
243,360
243,362
243,368
243,371
243,377
243,379
243,381
243,382
243,383
243,384
243,385
243,386
243,387
243,391
243,395
243,396
243,398
243,399
243,400
243,402
243,403
243,405
243,415
243,416
243,417
243,425
243,436
243,438
243,442
243,451
243,470
243,473
243,474
243,475
243,477
243,484
243,485
243,487
243,493
243,496
243,501
243,511
243,519
243,555
243,569
243,581
243,582
243,590
243,591
243,592
243,593
243,596
243,608
243,611
243,612
243,616
243,629
243,643
243,651
243,663
243,684
243,689
243,693
243,694
243,696
243,697
243,745
243,746
243,750
243,751
243,753
243,759
243,774
243,776
243,781
243,784
243,797
243,811
246,250
246,258
246,262
246,274
246,277
246,285
246,291
246,302
246,303
246,310
246,312
246,317
246,332
246,337
246,363
246,367
246,374
246,388
246,389
246,406
246,410
246,435
246,453
246,457
246,469
246,494
246,507
246,514
246,523
246,526
246,528
246,536
246,541
246,542
246,543
246,544
246,545
246,546
246,566
246,581
246,591
246,593
246,600
246,608
246,618
246,626
246,633
246,635
246,648
246,654
246,660
246,667
246,669
246,698
246,699
246,705
246,706
246,712
246,716
246,725
246,734
246,737
246,752
246,755
246,756
246,770
246,776
249,255
249,276
249,277
249,308
249,345
249,356
249,375
249,408
249,413
249,420
249,433
249,439
249,459
249,467
249,472
249,509
249,524
249,589
249,723
249,763
249,773
249,783
249,789
250,251
250,263
250,274
250,285
250,291
250,302
250,303
250,310
250,312
250,322
250,337
250,344
250,351
250,360
250,367
250,371
250,374
250,384
250,385
250,386
250,387
250,388
250,393
250,395
250,396
250,398
250,399
250,400
250,402
250,409
250,410
250,442
250,453
250,469
250,470
250,473
250,474
250,477
250,484
250,487
250,494
250,501
250,507
250,514
250,517
250,543
250,544
250,555
250,569
250,581
250,582
250,591
250,592
250,593
250,596
250,600
250,604
250,611
250,612
250,616
250,629
250,643
250,660
250,669
250,684
250,685
250,689
250,693
250,694
250,706
250,712
250,737
250,738
250,745
250,746
250,749
250,750
250,751
250,752
250,753
250,755
250,759
250,760
250,770
250,774
250,776
250,781
250,786
250,797
251,257
251,263
251,274
251,312
251,319
251,367
251,380
251,388
251,391
251,396
251,397
251,398
251,399
251,402
251,453
251,470
251,474
251,477
251,484
251,546
251,555
251,592
251,593
251,600
251,643
251,684
251,689
251,694
251,706
251,712
251,745
251,746
251,750
251,751
251,753
251,759
251,781
251,786
251,797
254,257
254,261
254,276
254,277
254,285
254,287
254,292
254,300
254,320
254,332
254,333
254,341
254,343
254,347
254,348
254,356
254,357
254,365
254,366
254,373
254,375
254,389
254,390
254,397
254,404
254,412
254,420
254,421
254,422
254,424
254,426
254,428
254,429
254,430
254,431
254,433
254,434
254,435
254,437
254,439
254,461
254,464
254,467
254,471
254,472
254,486
254,488
254,490
254,492
254,498
254,505
254,508
254,509
254,524
254,526
254,527
254,589
254,598
254,613
254,618
254,631
254,633
254,635
254,656
254,667
254,690
254,701
254,707
254,717
254,720
254,723
254,732
254,734
254,740
254,741
254,744
254,762
254,763
254,783
254,792
254,794
254,800
254,801
255,257
255,260
255,261
255,276
255,277
255,285
255,287
255,299
255,320
255,341
255,345
255,347
255,356
255,366
255,375
255,397
255,404
255,406
255,408
255,412
255,413
255,420
255,421
255,424
255,426
255,428
255,430
255,431
255,433
255,434
255,435
255,439
255,461
255,464
255,467
255,469
255,472
255,490
255,498
255,505
255,508
255,509
255,527
255,538
255,541
255,566
255,589
255,598
255,613
255,619
255,631
255,635
255,676
255,698
255,699
255,701
255,725
255,740
255,744
255,747
255,755
255,756
255,762
255,763
255,783
255,792
255,794
255,801
256,298
256,321
256,363
256,413
256,528
256,614
256,648
256,653
256,755
256,756
256,770
256,800
257,261
257,265
257,276
257,277
257,285
257,287
257,292
257,299
257,300
257,320
257,332
257,333
257,341
257,343
257,347
257,348
257,356
257,357
257,365
257,366
257,373
257,374
257,375
257,380
257,389
257,390
257,397
257,404
257,408
257,412
257,420
257,421
257,422
257,424
257,426
257,428
257,429
257,430
257,431
257,433
257,434
257,435
257,437
257,439
257,461
257,464
257,467
257,469
257,471
257,472
257,486
257,488
257,490
257,492
257,498
257,505
257,508
257,509
257,524
257,526
257,527
257,544
257,589
257,598
257,613
257,618
257,628
257,631
257,632
257,633
257,635
257,656
257,660
257,667
257,690
257,701
257,707
257,717
257,720
257,723
257,732
257,734
257,740
257,741
257,744
257,747
257,762
257,763
257,783
257,792
257,794
257,799
257,800
257,801
258,260
258,265
258,277
258,285
258,308
258,310
258,341
258,372
258,388
258,390
258,434
258,457
258,469
258,526
258,541
258,542
258,543
258,566
258,595
258,597
258,602
258,610
258,613
258,626
258,629
258,633
258,650
258,660
258,707
258,723
259,260
259,268
259,275
259,295
259,297
259,303
259,311
259,312
259,315
259,316
259,321
259,322
259,323
259,331
259,351
259,354
259,360
259,361
259,371
259,384
259,385
259,386
259,387
259,388
259,391
259,395
259,396
259,398
259,399
259,400
259,402
259,442
259,470
259,474
259,476
259,477
259,480
259,484
259,487
259,493
259,495
259,555
259,556
259,569
259,590
259,592
259,593
259,596
259,600
259,604
259,611
259,612
259,616
259,626
259,629
259,684
259,693
259,694
259,735
259,737
259,738
259,745
259,746
259,751
259,753
259,781
259,784
259,785
259,786
259,797
260,267
260,285
260,299
260,308
260,311
260,312
260,321
260,345
260,372
260,374
260,406
260,413
260,424
260,437
260,457
260,509
260,531
260,538
260,541
260,544
260,566
260,596
260,600
260,636
260,660
260,667
260,716
260,725
260,747
260,752
260,754
260,755
260,756
260,769
260,786
261,276
261,277
261,285
261,287
261,292
261,299
261,300
261,320
261,333
261,341
261,343
261,347
261,348
261,356
261,357
261,365
261,366
261,373
261,375
261,389
261,390
261,397
261,404
261,408
261,412
261,420
261,421
261,422
261,424
261,426
261,428
261,429
261,430
261,431
261,433
261,434
261,435
261,437
261,439
261,461
261,464
261,467
261,472
261,486
261,488
261,490
261,492
261,498
261,505
261,508
261,509
261,524
261,526
261,527
261,589
261,598
261,613
261,628
261,631
261,632
261,633
261,635
261,656
261,667
261,690
261,701
261,717
261,720
261,732
261,740
261,741
261,744
261,747
261,762
261,763
261,783
261,792
261,794
261,800
261,801
262,291
262,303
262,311
262,313
262,317
262,363
262,366
262,427
262,452
262,455
262,510
262,528
262,539
262,543
262,591
262,608
262,614
262,626
262,648
262,653
262,667
262,734
262,788
263,267
263,274
263,302
263,303
263,304
263,312
263,351
263,359
263,362
263,371
263,377
263,378
263,379
263,381
263,382
263,384
263,385
263,386
263,395
263,396
263,398
263,399
263,400
263,402
263,403
263,405
263,410
263,415
263,416
263,417
263,442
263,453
263,470
263,474
263,477
263,484
263,485
263,501
263,507
263,514
263,517
263,519
263,555
263,569
263,578
263,593
263,595
263,600
263,663
263,684
263,694
263,696
263,697
263,700
263,745
263,750
263,751
263,753
263,759
263,781
263,797
264,319
264,757
265,277
265,299
265,306
265,308
265,325
265,363
265,380
265,397
265,408
265,413
265,434
265,458
265,459
265,483
265,541
265,542
265,543
265,566
265,583
265,585
265,594
265,595
265,602
265,610
265,619
265,652
265,660
265,666
265,698
265,707
265,723
265,755
265,773
267,303
267,312
267,321
267,362
267,371
267,385
267,425
267,517
267,544
267,578
267,695
267,760
267,788
268,270
268,271
268,272
268,273
268,275
268,286
268,293
268,315
268,316
268,331
268,334
268,340
268,342
268,346
268,352
268,358
268,364
268,371
268,391
268,436
268,438
268,441
268,444
268,454
268,462
268,476
268,478
268,479
268,480
268,485
268,487
268,489
268,491
268,493
268,496
268,497
268,500
268,503
268,504
268,511
268,512
268,518
268,521
268,525
268,530
268,532
268,534
268,537
268,547
268,556
268,557
268,558
268,559
268,564
268,570
268,573
268,574
268,576
268,599
268,617
268,623
268,624
268,625
268,686
268,691
268,702
268,703
268,704
268,711
268,714
268,721
268,735
268,737
268,738
268,739
268,742
268,743
268,758
268,767
268,771
268,782
268,784
268,785
268,790
268,795
268,798
268,809
268,810
270,271
270,272
270,273
270,275
270,286
270,293
270,315
270,316
270,331
270,334
270,340
270,342
270,346
270,352
270,358
270,360
270,364
270,368
270,383
270,391
270,436
270,438
270,441
270,444
270,445
270,448
270,449
270,454
270,462
270,476
270,478
270,479
270,480
270,485
270,487
270,489
270,491
270,493
270,496
270,497
270,500
270,503
270,504
270,511
270,512
270,518
270,521
270,525
270,530
270,532
270,534
270,537
270,547
270,556
270,557
270,558
270,559
270,564
270,570
270,573
270,574
270,575
270,599
270,617
270,623
270,624
270,625
270,641
270,686
270,691
270,692
270,702
270,703
270,704
270,714
270,721
270,735
270,737
270,738
270,739
270,742
270,743
270,746
270,758
270,767
270,771
270,782
270,784
270,785
270,790
270,795
270,798
270,809
270,810
271,272
271,273
271,275
271,286
271,293
271,315
271,316
271,331
271,334
271,340
271,342
271,346
271,352
271,358
271,360
271,364
271,391
271,436
271,438
271,441
271,444
271,445
271,448
271,454
271,462
271,476
271,478
271,479
271,480
271,485
271,487
271,489
271,491
271,493
271,496
271,497
271,500
271,503
271,504
271,511
271,512
271,518
271,521
271,525
271,530
271,532
271,534
271,537
271,547
271,556
271,557
271,558
271,559
271,564
271,570
271,573
271,574
271,575
271,599
271,617
271,623
271,624
271,625
271,641
271,686
271,691
271,702
271,703
271,704
271,714
271,721
271,735
271,737
271,738
271,739
271,742
271,743
271,746
271,758
271,767
271,768
271,771
271,782
271,784
271,785
271,790
271,795
271,798
271,809
271,810
272,273
272,316
272,358
272,364
272,438
272,444
272,462
272,476
272,478
272,479
272,480
272,485
272,487
272,489
272,491
272,493
272,496
272,497
272,500
272,503
272,504
272,511
272,512
272,518
272,521
272,525
272,532
272,547
272,556
272,557
272,558
272,559
272,564
272,592
272,596
272,599
272,686
272,691
272,702
272,703
272,704
272,705
272,714
272,721
272,735
272,737
272,738
272,739
272,742
272,743
272,758
272,767
272,771
272,782
272,785
272,790
272,810
273,275
273,286
273,293
273,294
273,315
273,316
273,322
273,326
273,331
273,334
273,340
273,342
273,344
273,346
273,352
273,358
273,364
273,387
273,391
273,436
273,438
273,441
273,444
273,445
273,448
273,449
273,454
273,462
273,473
273,476
273,478
273,479
273,480
273,485
273,487
273,489
273,491
273,493
273,496
273,497
273,500
273,503
273,504
273,511
273,512
273,518
273,521
273,525
273,530
273,532
273,534
273,547
273,556
273,557
273,558
273,559
273,563
273,564
273,570
273,573
273,574
273,575
273,576
273,582
273,599
273,604
273,617
273,623
273,624
273,625
273,641
273,686
273,691
273,692
273,702
273,703
273,704
273,714
273,721
273,735
273,737
273,738
273,739
273,742
273,743
273,749
273,758
273,767
273,768
273,771
273,774
273,782
273,784
273,785
273,790
273,795
273,798
273,809
273,810
274,285
274,291
274,297
274,302
274,303
274,310
274,312
274,322
274,337
274,344
274,351
274,360
274,362
274,363
274,367
274,371
274,374
274,382
274,384
274,385
274,386
274,387
274,388
274,393
274,395
274,396
274,398
274,399
274,400
274,402
274,405
274,409
274,410
274,435
274,442
274,453
274,469
274,470
274,473
274,474
274,477
274,484
274,485
274,487
274,494
274,501
274,507
274,514
274,517
274,523
274,543
274,544
274,555
274,569
274,581
274,582
274,590
274,591
274,592
274,593
274,595
274,596
274,600
274,604
274,605
274,608
274,611
274,612
274,618
274,633
274,643
274,660
274,663
274,669
274,684
274,689
274,694
274,705
274,706
274,712
274,716
274,737
274,738
274,745
274,746
274,749
274,751
274,753
274,755
274,759
274,760
274,770
274,774
274,776
274,781
274,786
274,797
275,295
275,297
275,315
275,316
275,322
275,323
275,331
275,344
275,351
275,354
275,360
275,361
275,368
275,379
275,381
275,382
275,383
275,384
275,385
275,386
275,387
275,391
275,396
275,398
275,399
275,400
275,402
275,438
275,442
275,444
275,462
275,470
275,473
275,474
275,475
275,476
275,477
275,478
275,479
275,480
275,484
275,485
275,487
275,489
275,491
275,493
275,495
275,496
275,497
275,500
275,503
275,504
275,511
275,512
275,518
275,521
275,525
275,555
275,556
275,569
275,582
275,590
275,592
275,593
275,596
275,604
275,608
275,611
275,612
275,616
275,629
275,643
275,663
275,684
275,689
275,691
275,693
275,694
275,713
275,735
275,738
275,745
275,746
275,750
275,751
275,753
275,774
275,776
275,781
275,784
275,785
275,797
276,277
276,285
276,287
276,292
276,299
276,300
276,320
276,333
276,341
276,343
276,345
276,347
276,348
276,356
276,357
276,365
276,366
276,373
276,375
276,389
276,390
276,397
276,404
276,408
276,412
276,413
276,420
276,421
276,422
276,424
276,426
276,428
276,429
276,430
276,431
276,433
276,434
276,435
276,437
276,439
276,461
276,464
276,467
276,471
276,472
276,486
276,488
276,490
276,492
276,498
276,505
276,508
276,509
276,524
276,526
276,527
276,589
276,598
276,610
276,613
276,618
276,619
276,628
276,631
276,632
276,633
276,635
276,656
276,667
276,690
276,698
276,701
276,717
276,720
276,732
276,734
276,740
276,741
276,744
276,747
276,762
276,763
276,783
276,792
276,794
276,799
276,800
276,801
277,287
277,291
277,292
277,298
277,299
277,300
277,320
277,341
277,347
277,356
277,357
277,365
277,366
277,373
277,375
277,390
277,397
277,404
277,408
277,412
277,413
277,420
277,421
277,422
277,424
277,426
277,428
277,429
277,430
277,431
277,433
277,434
277,435
277,437
277,439
277,461
277,464
277,467
277,472
277,488
277,490
277,498
277,505
277,508
277,509
277,526
277,527
277,541
277,542
277,543
277,566
277,589
277,598
277,610
277,613
277,619
277,628
277,631
277,632
277,635
277,654
277,667
277,687
277,690
277,698
277,707
277,717
277,720
277,723
277,740
277,744
277,747
277,754
277,755
277,762
277,763
277,783
277,792
277,794
285,291
285,300
285,302
285,303
285,310
285,312
285,320
285,322
285,332
285,333
285,337
285,341
285,343
285,348
285,356
285,363
285,365
285,366
285,367
285,372
285,373
285,374
285,375
285,380
285,388
285,389
285,390
285,393
285,397
285,404
285,409
285,410
285,412
285,413
285,420
285,421
285,422
285,424
285,426
285,428
285,429
285,430
285,431
285,433
285,434
285,435
285,437
285,439
285,453
285,461
285,464
285,467
285,469
285,472
285,490
285,494
285,498
285,505
285,507
285,508
285,509
285,514
285,523
285,526
285,527
285,528
285,531
285,543
285,544
285,566
285,589
285,592
285,593
285,598
285,600
285,604
285,605
285,612
285,613
285,618
285,628
285,631
285,633
285,635
285,660
285,669
285,690
285,698
285,701
285,705
285,706
285,707
285,712
285,716
285,717
285,720
285,734
285,738
285,741
285,744
285,747
285,752
285,755
285,756
285,760
285,762
285,763
285,770
285,772
285,776
285,783
285,794
286,293
286,294
286,326
286,334
286,335
286,340
286,342
286,346
286,352
286,358
286,364
286,441
286,443
286,444
286,445
286,446
286,447
286,448
286,449
286,450
286,454
286,476
286,479
286,480
286,489
286,491
286,496
286,497
286,500
286,503
286,504
286,511
286,512
286,515
286,518
286,520
286,521
286,523
286,525
286,530
286,532
286,534
286,537
286,545
286,547
286,556
286,557
286,558
286,559
286,563
286,564
286,570
286,573
286,574
286,575
286,576
286,617
286,623
286,624
286,625
286,641
286,691
286,692
286,702
286,703
286,704
286,705
286,711
286,714
286,721
286,735
286,738
286,739
286,742
286,743
286,767
286,768
286,771
286,782
286,785
286,790
286,795
286,798
286,809
286,810
287,292
287,300
287,320
287,332
287,333
287,339
287,341
287,348
287,356
287,357
287,365
287,366
287,373
287,375
287,389
287,390
287,397
287,404
287,412
287,420
287,421
287,424
287,428
287,429
287,430
287,431
287,433
287,434
287,437
287,439
287,461
287,464
287,467
287,472
287,486
287,488
287,490
287,492
287,498
287,505
287,508
287,509
287,524
287,526
287,527
287,589
287,598
287,613
287,618
287,631
287,633
287,635
287,656
287,667
287,674
287,701
287,717
287,720
287,732
287,734
287,740
287,741
287,744
287,747
287,762
287,763
287,783
287,794
287,799
289,297
289,307
289,309
289,329
289,351
289,354
289,359
289,362
289,368
289,371
289,379
289,381
289,382
289,383
289,384
289,386
289,396
289,398
289,399
289,400
289,402
289,405
289,415
289,416
289,442
289,451
289,470
289,473
289,474
289,475
289,477
289,484
289,519
289,555
289,569
289,590
289,593
289,611
289,612
289,616
289,643
289,651
289,663
289,684
289,689
289,693
289,694
289,696
289,697
289,700
289,733
289,745
289,746
289,750
289,751
289,753
289,759
289,774
289,776
289,780
289,781
289,784
289,788
289,789
289,793
289,797
289,804
289,805
289,807
291,302
291,303
291,310
291,312
291,317
291,332
291,337
291,363
291,367
291,374
291,388
291,389
291,406
291,410
291,435
291,453
291,457
291,469
291,494
291,507
291,514
291,523
291,526
291,528
291,536
291,541
291,542
291,543
291,544
291,545
291,546
291,581
291,591
291,593
291,600
291,608
291,618
291,626
291,635
291,648
291,660
291,667
291,669
291,698
291,705
291,706
291,711
291,712
291,716
291,734
291,752
291,755
291,756
291,770
292,300
292,320
292,332
292,333
292,339
292,341
292,343
292,347
292,348
292,356
292,357
292,365
292,366
292,373
292,375
292,389
292,390
292,397
292,404
292,412
292,420
292,421
292,422
292,424
292,428
292,429
292,430
292,431
292,433
292,434
292,435
292,437
292,439
292,461
292,464
292,467
292,472
292,486
292,488
292,490
292,492
292,498
292,505
292,508
292,509
292,524
292,526
292,527
292,589
292,598
292,613
292,618
292,631
292,633
292,635
292,656
292,667
292,674
292,690
292,701
292,717
292,720
292,732
292,734
292,740
292,741
292,744
292,762
292,763
292,783
292,792
292,794
292,799
292,801
293,294
293,316
293,326
293,335
293,342
293,346
293,358
293,364
293,436
293,438
293,441
293,443
293,444
293,445
293,446
293,447
293,448
293,449
293,450
293,454
293,476
293,478
293,479
293,480
293,489
293,491
293,496
293,497
293,500
293,503
293,504
293,511
293,512
293,515
293,518
293,520
293,521
293,525
293,530
293,532
293,534
293,537
293,545
293,547
293,556
293,557
293,558
293,559
293,564
293,599
293,641
293,686
293,691
293,692
293,702
293,703
293,704
293,714
293,721
293,735
293,739
293,742
293,743
293,767
293,768
293,782
293,785
293,790
293,798
293,809
293,810
294,301
294,326
294,334
294,335
294,340
294,342
294,346
294,352
294,364
294,441
294,443
294,445
294,446
294,447
294,448
294,449
294,450
294,454
294,491
294,515
294,520
294,523
294,530
294,532
294,534
294,537
294,545
294,547
294,557
294,558
294,559
294,563
294,564
294,570
294,573
294,574
294,575
294,576
294,599
294,617
294,623
294,624
294,625
294,641
294,691
294,692
294,702
294,703
294,704
294,705
294,711
294,714
294,721
294,739
294,742
294,743
294,767
294,768
294,771
294,782
294,790
294,795
294,809
295,297
295,311
295,315
295,322
295,323
295,327
295,331
295,344
295,351
295,354
295,360
295,379
295,381
295,384
295,385
295,386
295,387
295,391
295,395
295,396
295,398
295,399
295,400
295,402
295,417
295,436
295,442
295,451
295,470
295,473
295,474
295,475
295,477
295,484
295,491
295,493
295,495
295,496
295,500
295,501
295,507
295,511
295,537
295,555
295,569
295,582
295,590
295,592
295,596
295,608
295,611
295,612
295,616
295,629
295,643
295,663
295,684
295,689
295,693
295,694
295,737
295,745
295,746
295,750
295,751
295,753
295,774
295,781
295,784
295,786
295,797
296,304
296,327
296,700
296,737
296,752
297,302
297,304
297,310
297,313
297,315
297,316
297,322
297,323
297,344
297,351
297,354
297,359
297,360
297,368
297,371
297,379
297,381
297,382
297,383
297,384
297,385
297,386
297,387
297,391
297,396
297,398
297,399
297,400
297,402
297,405
297,409
297,415
297,416
297,425
297,438
297,442
297,451
297,453
297,470
297,473
297,474
297,475
297,477
297,484
297,485
297,487
297,493
297,495
297,496
297,507
297,511
297,555
297,556
297,569
297,577
297,581
297,582
297,590
297,591
297,592
297,593
297,596
297,604
297,605
297,611
297,612
297,616
297,629
297,643
297,651
297,663
297,684
297,689
297,693
297,694
297,737
297,745
297,746
297,749
297,750
297,751
297,753
297,759
297,774
297,776
297,781
297,784
297,797
298,299
298,345
298,347
298,408
298,412
298,420
298,421
298,431
298,433
298,459
298,490
298,509
298,541
298,566
298,589
298,619
298,676
298,698
298,723
298,762
298,800
298,801
298,802
298,808
299,320
299,325
299,341
299,345
299,347
299,356
299,366
299,372
299,373
299,380
299,397
299,408
299,412
299,420
299,421
299,424
299,428
299,431
299,433
299,439
299,458
299,459
299,461
299,464
299,467
299,468
299,472
299,483
299,490
299,508
299,509
299,527
299,538
299,566
299,585
299,589
299,594
299,610
299,619
299,631
299,649
299,666
299,676
299,690
299,698
299,707
299,716
299,717
299,723
299,725
299,744
299,755
299,762
299,763
299,770
299,773
299,775
299,783
299,792
299,794
299,800
299,801
299,808
300,320
300,332
300,333
300,341
300,348
300,356
300,357
300,365
300,366
300,373
300,375
300,389
300,390
300,397
300,404
300,412
300,420
300,421
300,424
300,428
300,429
300,430
300,431
300,433
300,434
300,435
300,437
300,439
300,461
300,464
300,467
300,472
300,486
300,488
300,490
300,492
300,498
300,505
300,508
300,509
300,524
300,526
300,527
300,589
300,598
300,613
300,618
300,631
300,633
300,635
300,656
300,667
300,674
300,690
300,701
300,717
300,720
300,732
300,734
300,740
300,741
300,744
300,762
300,763
300,783
300,794
300,799
301,515
301,520
301,545
301,674
301,768
302,303
302,310
302,311
302,312
302,322
302,337
302,344
302,351
302,363
302,367
302,374
302,385
302,386
302,387
302,388
302,395
302,396
302,398
302,399
302,400
302,402
302,409
302,410
302,427
302,442
302,453
302,469
302,473
302,474
302,477
302,484
302,487
302,494
302,507
302,514
302,523
302,528
302,531
302,543
302,544
302,555
302,569
302,578
302,581
302,582
302,591
302,592
302,593
302,595
302,596
302,600
302,604
302,608
302,611
302,612
302,618
302,626
302,643
302,660
302,663
302,669
302,693
302,705
302,706
302,712
302,716
302,737
302,738
302,749
302,752
302,753
302,755
302,756
302,760
302,770
302,774
302,776
302,788
303,311
303,312
303,317
303,322
303,344
303,351
303,362
303,363
303,367
303,374
303,381
303,385
303,386
303,387
303,388
303,395
303,396
303,398
303,399
303,402
303,410
303,427
303,442
303,453
303,473
303,477
303,484
303,494
303,507
303,514
303,523
303,528
303,536
303,543
303,544
303,555
303,569
303,578
303,581
303,582
303,591
303,593
303,596
303,600
303,608
303,611
303,612
303,626
303,629
303,643
303,660
303,663
303,669
303,684
303,685
303,694
303,706
303,712
303,737
303,745
303,750
303,751
303,752
303,753
303,756
303,760
303,774
303,776
303,781
303,788
303,797
304,307
304,324
304,351
304,382
304,398
304,415
304,451
304,555
304,569
304,571
304,616
304,643
304,663
304,693
304,695
304,700
304,745
304,788
305,307
305,414
305,418
305,459
305,499
305,531
305,585
305,636
305,649
305,652
305,654
305,660
305,666
305,716
305,755
305,770
305,773
305,775
305,789
305,792
306,307
306,308
306,325
306,414
306,458
306,459
306,583
306,585
306,636
306,648
306,649
306,650
306,652
306,653
306,654
306,666
306,770
306,773
306,775
307,308
307,324
307,325
307,330
307,351
307,359
307,362
307,386
307,392
307,398
307,399
307,400
307,402
307,405
307,414
307,415
307,416
307,458
307,459
307,468
307,470
307,475
307,482
307,555
307,569
307,571
307,583
307,585
307,616
307,636
307,643
307,649
307,650
307,651
307,652
307,653
307,663
307,666
307,694
307,733
307,745
307,748
307,751
307,753
307,759
307,773
307,775
307,780
307,789
307,804
308,321
308,325
308,369
308,372
308,380
308,408
308,414
308,457
308,458
308,459
308,468
308,483
308,535
308,538
308,541
308,542
308,579
308,583
308,585
308,636
308,649
308,650
308,652
308,654
308,666
308,715
308,723
308,748
308,754
308,770
308,773
308,775
308,789
309,311
309,384
309,398
309,399
309,400
309,402
309,442
309,470
309,555
309,604
309,629
309,643
309,663
309,689
309,694
309,745
309,751
309,774
309,797
310,312
310,322
310,337
310,344
310,351
310,363
310,367
310,374
310,387
310,388
310,389
310,395
310,409
310,410
310,418
310,453
310,469
310,470
310,473
310,474
310,494
310,501
310,507
310,514
310,543
310,544
310,577
310,581
310,582
310,591
310,592
310,593
310,598
310,600
310,604
310,612
310,618
310,626
310,629
310,633
310,635
310,643
310,660
310,669
310,706
310,707
310,712
310,716
310,737
310,738
310,749
310,755
310,760
310,770
310,772
310,774
310,776
310,802
311,312
311,313
311,317
311,327
311,354
311,384
311,388
311,391
311,427
311,451
311,455
311,474
311,501
311,506
311,528
311,591
311,595
311,596
311,597
311,602
311,608
311,626
311,629
311,648
311,737
311,754
311,758
311,769
311,786
311,788
312,319
312,321
312,367
312,380
312,384
312,385
312,388
312,390
312,391
312,395
312,406
312,453
312,474
312,484
312,494
312,501
312,507
312,514
312,543
312,544
312,546
312,569
312,592
312,593
312,596
312,600
312,602
312,626
312,629
312,635
312,643
312,660
312,669
312,707
312,712
312,759
312,769
312,786
313,317
313,363
313,427
313,536
313,539
313,581
313,591
313,604
313,608
313,612
313,626
313,629
315,316
315,322
315,323
315,331
315,344
315,351
315,354
315,360
315,361
315,368
315,379
315,381
315,385
315,386
315,387
315,391
315,395
315,396
315,398
315,399
315,400
315,402
315,436
315,438
315,442
315,462
315,470
315,473
315,474
315,475
315,476
315,477
315,478
315,479
315,480
315,484
315,485
315,487
315,489
315,491
315,493
315,495
315,496
315,497
315,500
315,503
315,504
315,511
315,512
315,518
315,521
315,525
315,555
315,556
315,569
315,582
315,590
315,592
315,596
315,604
315,608
315,611
315,612
315,616
315,629
315,643
315,663
315,684
315,689
315,691
315,693
315,694
315,735
315,738
315,745
315,746
315,750
315,751
315,753
315,758
315,774
315,781
315,782
315,784
315,785
315,797
316,323
316,331
316,351
316,358
316,359
316,360
316,361
316,368
316,371
316,379
316,381
316,382
316,383
316,385
316,386
316,396
316,398
316,399
316,400
316,402
316,405
316,415
316,416
316,436
316,438
316,442
316,444
316,462
316,470
316,474
316,475
316,476
316,477
316,478
316,479
316,480
316,485
316,487
316,489
316,491
316,493
316,495
316,496
316,497
316,500
316,503
316,504
316,511
316,512
316,517
316,518
316,521
316,525
316,555
316,556
316,569
316,590
316,596
316,611
316,616
316,651
316,663
316,684
316,686
316,691
316,694
316,696
316,697
316,735
316,737
316,738
316,742
316,743
316,745
316,746
316,750
316,751
316,753
316,758
316,767
316,771
316,782
316,784
316,785
316,790
316,797
316,798
316,809
316,810
317,363
317,366
317,455
317,528
317,536
317,543
317,614
317,626
317,648
317,653
317,654
317,734
317,758
317,788
319,380
319,397
319,474
319,484
319,546
319,757
319,759
319,781
320,333
320,341
320,343
320,347
320,348
320,356
320,365
320,366
320,373
320,375
320,390
320,397
320,404
320,412
320,420
320,421
320,422
320,424
320,426
320,428
320,429
320,430
320,431
320,433
320,434
320,435
320,437
320,439
320,461
320,464
320,467
320,471
320,472
320,486
320,488
320,490
320,492
320,498
320,505
320,508
320,509
320,524
320,526
320,527
320,589
320,598
320,613
320,628
320,631
320,632
320,633
320,635
320,656
320,667
320,690
320,698
320,701
320,717
320,720
320,734
320,740
320,744
320,747
320,762
320,763
320,783
320,792
320,794
320,800
320,801
321,388
321,413
321,533
321,596
321,695
321,717
321,770
321,786
322,337
322,344
322,351
322,354
322,360
322,361
322,367
322,374
322,379
322,381
322,384
322,385
322,386
322,387
322,388
322,391
322,396
322,398
322,399
322,400
322,402
322,405
322,409
322,410
322,416
322,425
322,438
322,442
322,453
322,469
322,470
322,473
322,474
322,475
322,477
322,484
322,485
322,487
322,493
322,494
322,495
322,507
322,514
322,544
322,555
322,556
322,569
322,581
322,582
322,590
322,591
322,592
322,593
322,596
322,598
322,600
322,604
322,611
322,612
322,616
322,629
322,643
322,660
322,663
322,669
322,684
322,689
322,693
322,694
322,706
322,712
322,716
322,735
322,737
322,738
322,745
322,746
322,749
322,750
322,751
322,753
322,755
322,760
322,767
322,770
322,774
322,776
322,781
322,782
322,784
322,797
322,802
322,803
323,360
323,371
323,385
323,386
323,396
323,398
323,399
323,400
323,402
323,438
323,442
323,470
323,475
323,477
323,484
323,485
323,487
323,495
323,555
323,569
323,590
323,611
323,616
323,663
323,684
323,689
323,693
323,694
323,745
323,751
323,753
323,784
323,786
323,797
324,425
324,470
324,517
324,569
324,571
324,612
324,616
324,695
324,700
324,733
324,745
324,776
324,788
325,408
325,458
325,459
325,468
325,483
325,499
325,538
325,566
325,580
325,583
325,585
325,594
325,610
325,631
325,636
325,648
325,649
325,650
325,652
325,653
325,666
325,773
326,334
326,335
326,340
326,346
326,352
326,358
326,364
326,441
326,443
326,444
326,445
326,446
326,447
326,448
326,449
326,450
326,454
326,479
326,480
326,491
326,496
326,511
326,515
326,520
326,530
326,532
326,534
326,537
326,545
326,547
326,557
326,558
326,559
326,564
326,570
326,573
326,574
326,575
326,599
326,617
326,623
326,624
326,625
326,641
326,691
326,692
326,702
326,703
326,704
326,714
326,721
326,739
326,742
326,743
326,767
326,768
326,771
326,790
326,795
326,809
326,810
327,330
327,354
327,359
327,384
327,386
327,416
327,417
327,436
327,451
327,501
327,506
327,519
327,595
327,651
327,693
327,700
327,745
327,786
329,347
329,358
329,368
329,396
329,398
329,400
329,402
329,442
329,444
329,470
329,475
329,616
329,684
329,694
329,696
329,697
329,713
329,745
329,746
329,751
329,753
329,781
329,797
329,801
329,802
329,803
329,804
329,805
329,807
329,808
329,810
329,811
329,812
329,813
329,815
329,816
329,817
329,820
330,359
330,362
330,377
330,378
330,386
330,398
330,399
330,402
330,405
330,415
330,416
330,470
330,482
330,519
330,555
330,569
330,571
330,578
330,590
330,609
330,616
330,651
330,663
330,694
330,696
330,697
330,733
330,745
330,751
330,753
330,780
330,788
331,360
331,386
331,399
331,400
331,402
331,436
331,438
331,462
331,470
331,476
331,478
331,479
331,480
331,489
331,491
331,493
331,496
331,497
331,500
331,503
331,504
331,511
331,512
331,518
331,521
331,525
331,556
331,590
331,596
331,611
331,616
331,686
331,691
331,693
331,694
331,735
331,738
331,745
331,746
331,751
331,782
331,784
331,785
331,797
332,333
332,343
332,348
332,363
332,366
332,367
332,374
332,375
332,389
332,390
332,397
332,418
332,421
332,422
332,429
332,433
332,435
332,437
332,439
332,453
332,461
332,467
332,469
332,472
332,494
332,514
332,524
332,528
332,543
332,544
332,598
332,600
332,614
332,618
332,633
332,635
332,656
332,660
332,667
332,669
332,690
332,701
332,706
332,712
332,716
332,732
332,734
332,740
332,741
332,755
332,756
332,770
333,339
333,341
333,348
333,356
333,357
333,365
333,366
333,373
333,375
333,389
333,390
333,397
333,404
333,412
333,420
333,421
333,424
333,428
333,429
333,430
333,431
333,433
333,434
333,437
333,439
333,461
333,464
333,467
333,472
333,486
333,488
333,490
333,492
333,498
333,505
333,509
333,524
333,526
333,527
333,589
333,598
333,613
333,618
333,631
333,633
333,635
333,656
333,667
333,674
333,701
333,717
333,720
333,732
333,734
333,740
333,741
333,744
333,762
333,763
333,783
333,794
333,799
334,335
334,340
334,342
334,346
334,352
334,364
334,441
334,443
334,445
334,446
334,447
334,448
334,449
334,450
334,454
334,462
334,476
334,479
334,489
334,491
334,493
334,497
334,503
334,504
334,512
334,515
334,518
334,520
334,521
334,525
334,530
334,532
334,534
334,537
334,557
334,558
334,559
334,563
334,564
334,570
334,573
334,574
334,575
334,576
334,617
334,623
334,624
334,625
334,641
334,691
334,692
334,702
334,703
334,704
334,705
334,711
334,714
334,721
334,735
334,738
334,739
334,768
334,771
334,782
334,795
334,809
335,340
335,346
335,352
335,358
335,364
335,441
335,443
335,444
335,445
335,446
335,447
335,448
335,449
335,450
335,454
335,496
335,515
335,520
335,530
335,532
335,534
335,537
335,545
335,547
335,557
335,558
335,559
335,564
335,570
335,573
335,574
335,575
335,617
335,623
335,624
335,625
335,641
335,691
335,692
335,702
335,703
335,704
335,714
335,721
335,739
335,742
335,743
335,767
335,768
335,790
335,795
335,809
335,810
337,344
337,351
337,363
337,367
337,374
337,388
337,389
337,393
337,409
337,410
337,418
337,435
337,453
337,461
337,469
337,473
337,494
337,507
337,514
337,543
337,544
337,577
337,581
337,582
337,591
337,593
337,598
337,600
337,604
337,605
337,612
337,618
337,628
337,633
337,660
337,669
337,685
337,706
337,712
337,716
337,738
337,749
337,755
337,756
337,760
337,770
337,772
337,774
337,776
337,802
337,803
338,455
338,463
338,465
338,510
338,516
338,529
338,540
338,579
338,793
339,348
339,357
339,389
339,390
339,437
339,486
339,656
339,674
339,701
339,732
339,740
339,741
339,799
339,808
339,810
339,813
339,816
339,817
340,342
340,346
340,352
340,364
340,441
340,443
340,445
340,446
340,447
340,448
340,449
340,450
340,454
340,476
340,479
340,489
340,491
340,493
340,497
340,503
340,504
340,515
340,518
340,520
340,521
340,523
340,525
340,530
340,532
340,534
340,537
340,547
340,557
340,558
340,559
340,563
340,564
340,570
340,573
340,574
340,575
340,576
340,617
340,623
340,624
340,625
340,641
340,691
340,692
340,702
340,703
340,704
340,705
340,711
340,714
340,721
340,739
340,767
340,768
340,771
340,782
340,790
340,795
340,809
341,343
341,347
341,348
341,356
341,357
341,365
341,366
341,373
341,375
341,389
341,390
341,397
341,404
341,412
341,420
341,421
341,422
341,424
341,426
341,428
341,429
341,430
341,431
341,433
341,434
341,435
341,439
341,461
341,464
341,467
341,471
341,472
341,486
341,488
341,490
341,492
341,498
341,505
341,508
341,509
341,524
341,526
341,527
341,589
341,598
341,613
341,618
341,628
341,631
341,632
341,633
341,635
341,656
341,667
341,690
341,701
341,717
341,720
341,734
341,740
341,741
341,744
341,762
341,763
341,783
341,789
341,792
341,793
341,794
341,799
341,800
341,801
342,346
342,352
342,364
342,441
342,443
342,444
342,445
342,447
342,449
342,450
342,454
342,476
342,478
342,479
342,480
342,489
342,491
342,497
342,500
342,503
342,504
342,512
342,515
342,518
342,520
342,521
342,523
342,525
342,530
342,532
342,534
342,537
342,545
342,547
342,556
342,557
342,558
342,559
342,563
342,564
342,570
342,573
342,574
342,575
342,599
342,617
342,623
342,624
342,625
342,641
342,691
342,692
342,702
342,703
342,704
342,705
342,706
342,711
342,712
342,713
342,714
342,721
342,735
342,737
342,738
342,739
342,742
342,743
342,758
342,767
342,768
342,771
342,782
342,790
342,795
342,798
343,347
343,356
343,365
343,366
343,373
343,375
343,393
343,397
343,404
343,412
343,418
343,420
343,421
343,422
343,424
343,426
343,428
343,429
343,430
343,431
343,433
343,434
343,435
343,439
343,461
343,464
343,467
343,471
343,472
343,486
343,490
343,498
343,505
343,508
343,509
343,524
343,526
343,527
343,589
343,598
343,613
343,628
343,631
343,633
343,635
343,690
343,717
343,720
343,744
343,762
343,763
343,783
343,792
343,794
343,800
343,801
344,351
344,354
344,360
344,363
344,367
344,374
344,385
344,386
344,387
344,388
344,391
344,393
344,398
344,399
344,400
344,402
344,409
344,410
344,418
344,442
344,453
344,469
344,470
344,473
344,474
344,477
344,484
344,494
344,507
344,531
344,544
344,555
344,569
344,581
344,582
344,590
344,591
344,592
344,593
344,598
344,600
344,604
344,611
344,612
344,616
344,643
344,660
344,669
344,684
344,689
344,694
344,712
344,716
344,737
344,738
344,745
344,746
344,749
344,751
344,753
344,755
344,756
344,770
344,772
344,774
344,776
344,781
344,784
344,797
345,372
345,380
345,406
345,408
345,412
345,413
345,420
345,431
345,433
345,459
345,467
345,468
345,472
345,490
345,535
345,566
345,585
345,589
345,610
345,613
345,619
345,628
345,649
345,654
345,666
345,698
345,715
345,717
345,762
345,773
346,352
346,358
346,364
346,441
346,443
346,444
346,445
346,446
346,447
346,448
346,449
346,450
346,454
346,462
346,476
346,479
346,489
346,491
346,493
346,496
346,497
346,500
346,503
346,504
346,511
346,512
346,515
346,518
346,520
346,521
346,523
346,525
346,530
346,532
346,534
346,537
346,545
346,547
346,556
346,557
346,558
346,559
346,563
346,564
346,570
346,573
346,574
346,575
346,576
346,599
346,617
346,623
346,624
346,625
346,641
346,691
346,692
346,702
346,703
346,704
346,705
346,711
346,714
346,721
346,735
346,739
346,742
346,743
346,767
346,768
346,771
346,782
346,785
346,790
346,795
346,809
346,810
347,356
347,357
347,365
347,366
347,373
347,375
347,397
347,404
347,408
347,412
347,420
347,421
347,422
347,424
347,426
347,428
347,429
347,430
347,431
347,433
347,434
347,435
347,439
347,459
347,461
347,464
347,467
347,471
347,472
347,486
347,488
347,490
347,492
347,498
347,505
347,508
347,509
347,524
347,526
347,527
347,589
347,598
347,613
347,619
347,631
347,632
347,690
347,701
347,717
347,720
347,744
347,762
347,763
347,783
347,789
347,792
347,793
347,794
347,799
347,800
347,801
347,802
347,803
347,804
347,805
347,807
347,808
347,816
347,817
348,356
348,357
348,366
348,375
348,389
348,390
348,397
348,404
348,412
348,420
348,421
348,424
348,428
348,429
348,430
348,431
348,433
348,434
348,435
348,437
348,439
348,461
348,464
348,467
348,472
348,486
348,488
348,492
348,498
348,505
348,509
348,524
348,527
348,589
348,598
348,613
348,618
348,633
348,635
348,656
348,667
348,674
348,690
348,701
348,717
348,720
348,732
348,734
348,740
348,741
348,744
348,762
348,763
348,794
348,799
351,354
351,360
351,367
351,368
351,371
351,379
351,381
351,382
351,383
351,384
351,385
351,386
351,387
351,388
351,391
351,393
351,396
351,398
351,399
351,400
351,402
351,405
351,409
351,410
351,415
351,416
351,417
351,442
351,451
351,453
351,470
351,473
351,474
351,475
351,477
351,484
351,485
351,494
351,507
351,514
351,555
351,569
351,581
351,582
351,590
351,591
351,592
351,593
351,596
351,600
351,604
351,611
351,612
351,616
351,629
351,643
351,651
351,663
351,669
351,684
351,685
351,689
351,693
351,694
351,737
351,738
351,745
351,746
351,749
351,750
351,751
351,753
351,759
351,760
351,774
351,776
351,781
351,797
352,358
352,364
352,441
352,443
352,444
352,445
352,446
352,447
352,448
352,449
352,450
352,454
352,476
352,479
352,480
352,489
352,491
352,493
352,497
352,503
352,504
352,512
352,515
352,518
352,520
352,521
352,525
352,530
352,532
352,534
352,537
352,545
352,547
352,556
352,557
352,558
352,559
352,563
352,564
352,570
352,573
352,574
352,575
352,576
352,617
352,623
352,624
352,625
352,641
352,691
352,692
352,702
352,703
352,704
352,705
352,711
352,714
352,721
352,735
352,739
352,742
352,767
352,768
352,771
352,782
352,790
352,795
352,809
352,810
354,360
354,368
354,379
354,381
354,382
354,383
354,384
354,385
354,386
354,391
354,396
354,398
354,399
354,400
354,402
354,405
354,416
354,417
354,436
354,442
354,451
354,470
354,473
354,474
354,475
354,477
354,484
354,485
354,487
354,493
354,496
354,500
354,501
354,507
354,511
354,555
354,569
354,582
354,590
354,592
354,596
354,611
354,612
354,616
354,629
354,643
354,651
354,663
354,684
354,689
354,693
354,694
354,696
354,737
354,742
354,745
354,746
354,750
354,751
354,753
354,758
354,759
354,767
354,774
354,776
354,781
354,784
354,786
354,790
354,797
356,357
356,365
356,366
356,373
356,375
356,397
356,404
356,408
356,412
356,420
356,421
356,422
356,424
356,426
356,428
356,429
356,430
356,431
356,433
356,434
356,435
356,437
356,439
356,459
356,461
356,464
356,467
356,471
356,472
356,486
356,488
356,490
356,492
356,498
356,505
356,508
356,509
356,524
356,526
356,527
356,589
356,598
356,613
356,619
356,628
356,631
356,632
356,633
356,635
356,656
356,667
356,690
356,701
356,717
356,720
356,732
356,740
356,741
356,744
356,747
356,762
356,763
356,775
356,783
356,789
356,792
356,793
356,794
356,799
356,800
356,801
356,802
356,808
357,375
357,389
357,390
357,397
357,420
357,421
357,428
357,431
357,437
357,439
357,464
357,467
357,472
357,486
357,488
357,490
357,492
357,509
357,524
357,589
357,613
357,618
357,633
357,635
357,656
357,667
357,674
357,701
357,720
357,732
357,734
357,740
357,741
357,744
357,762
357,763
357,783
357,794
357,799
357,801
358,364
358,368
358,383
358,436
358,438
358,441
358,443
358,444
358,445
358,446
358,447
358,448
358,449
358,450
358,454
358,462
358,476
358,478
358,479
358,480
358,485
358,489
358,491
358,496
358,497
358,500
358,503
358,504
358,511
358,512
358,518
358,520
358,521
358,525
358,530
358,534
358,537
358,547
358,556
358,557
358,558
358,559
358,564
358,570
358,574
358,617
358,624
358,641
358,686
358,691
358,692
358,702
358,703
358,713
358,735
358,738
358,739
358,742
358,767
358,782
358,784
358,785
358,790
358,795
358,798
358,804
358,805
358,807
358,809
358,810
358,811
358,812
358,813
358,815
358,816
358,817
358,820
359,362
359,368
359,371
359,377
359,378
359,379
359,381
359,382
359,383
359,386
359,396
359,398
359,399
359,400
359,402
359,403
359,405
359,415
359,416
359,417
359,436
359,438
359,442
359,470
359,474
359,475
359,482
359,484
359,485
359,487
359,496
359,511
359,517
359,519
359,555
359,569
359,590
359,616
359,643
359,651
359,663
359,686
359,693
359,694
359,696
359,697
359,733
359,745
359,746
359,750
359,751
359,753
359,759
359,780
359,781
359,797
359,807
359,815
360,361
360,368
360,371
360,379
360,381
360,382
360,383
360,384
360,385
360,386
360,387
360,388
360,391
360,395
360,396
360,398
360,399
360,400
360,402
360,405
360,415
360,416
360,438
360,442
360,470
360,473
360,474
360,475
360,476
360,477
360,478
360,480
360,484
360,485
360,487
360,489
360,493
360,495
360,496
360,497
360,500
360,503
360,504
360,511
360,512
360,518
360,521
360,525
360,555
360,556
360,569
360,582
360,590
360,591
360,592
360,593
360,596
360,600
360,604
360,608
360,611
360,612
360,616
360,626
360,629
360,643
360,651
360,663
360,684
360,689
360,691
360,693
360,694
360,713
360,735
360,745
360,746
360,749
360,750
360,751
360,753
360,774
360,776
360,781
360,784
360,785
360,786
360,797
361,391
361,399
361,400
361,438
361,462
361,484
361,493
361,494
361,495
361,556
361,569
361,582
361,592
361,596
361,600
361,629
361,691
361,735
361,737
361,746
361,786
362,368
362,371
362,377
362,378
362,379
362,381
362,382
362,383
362,384
362,385
362,386
362,392
362,395
362,398
362,400
362,402
362,403
362,405
362,410
362,415
362,416
362,417
362,453
362,470
362,475
362,501
362,514
362,517
362,519
362,555
362,569
362,578
362,590
362,591
362,593
362,595
362,609
362,616
362,651
362,663
362,684
362,694
362,696
362,697
362,700
362,733
362,745
362,750
362,751
362,753
362,760
362,780
362,788
363,366
363,367
363,374
363,380
363,387
363,388
363,393
363,410
363,418
363,435
363,453
363,469
363,494
363,507
363,514
363,523
363,528
363,531
363,539
363,542
363,543
363,544
363,581
363,591
363,593
363,598
363,600
363,604
363,614
363,618
363,628
363,635
363,648
363,653
363,660
363,669
363,698
363,705
363,706
363,707
363,712
363,716
363,734
363,749
363,752
363,755
363,756
363,770
363,772
364,441
364,443
364,444
364,445
364,446
364,447
364,448
364,449
364,450
364,454
364,462
364,476
364,478
364,479
364,480
364,489
364,491
364,496
364,497
364,500
364,503
364,504
364,511
364,512
364,515
364,518
364,520
364,521
364,525
364,530
364,532
364,534
364,537
364,545
364,547
364,556
364,557
364,558
364,559
364,563
364,564
364,570
364,573
364,574
364,575
364,599
364,617
364,623
364,624
364,625
364,641
364,691
364,692
364,702
364,703
364,704
364,705
364,706
364,711
364,713
364,714
364,721
364,735
364,738
364,739
364,742
364,743
364,767
364,768
364,771
364,782
364,785
364,790
364,795
364,798
364,809
364,810
365,366
365,367
365,373
365,375
365,380
365,389
365,390
365,397
365,404
365,412
365,413
365,420
365,421
365,422
365,424
365,426
365,428
365,429
365,430
365,431
365,433
365,434
365,435
365,437
365,439
365,461
365,464
365,467
365,472
365,488
365,490
365,498
365,505
365,508
365,509
365,524
365,526
365,527
365,543
365,544
365,589
365,595
365,598
365,613
365,618
365,631
365,633
365,635
365,660
365,667
365,690
365,717
365,720
365,723
365,734
365,740
365,741
365,744
365,747
365,762
365,763
365,783
365,792
365,794
365,801
366,373
366,375
366,397
366,404
366,408
366,412
366,420
366,421
366,422
366,424
366,426
366,427
366,428
366,429
366,430
366,431
366,433
366,434
366,435
366,439
366,455
366,461
366,464
366,467
366,471
366,472
366,486
366,488
366,490
366,492
366,498
366,505
366,508
366,509
366,524
366,526
366,527
366,536
366,539
366,543
366,589
366,598
366,613
366,614
366,618
366,628
366,631
366,632
366,648
366,653
366,656
366,667
366,690
366,701
366,717
366,720
366,732
366,734
366,740
366,741
366,744
366,762
366,763
366,783
366,792
366,794
366,800
366,801
367,374
367,380
367,385
367,387
367,388
367,389
367,393
367,395
367,409
367,410
367,435
367,453
367,469
367,477
367,484
367,494
367,507
367,514
367,523
367,526
367,528
367,531
367,541
367,543
367,544
367,545
367,581
367,582
367,591
367,592
367,593
367,595
367,596
367,598
367,600
367,604
367,608
367,612
367,618
367,626
367,629
367,633
367,635
367,643
367,660
367,669
367,698
367,705
367,706
367,711
367,712
367,716
367,737
367,738
367,749
367,752
367,755
367,760
367,770
367,774
367,776
368,371
368,377
368,378
368,379
368,381
368,382
368,383
368,384
368,385
368,386
368,391
368,396
368,398
368,399
368,400
368,402
368,403
368,405
368,409
368,415
368,416
368,417
368,436
368,438
368,442
368,444
368,470
368,473
368,474
368,475
368,476
368,477
368,484
368,485
368,487
368,489
368,496
368,504
368,511
368,517
368,518
368,519
368,521
368,525
368,555
368,556
368,569
368,590
368,611
368,616
368,643
368,651
368,663
368,684
368,686
368,689
368,691
368,693
368,694
368,696
368,697
368,735
368,745
368,746
368,750
368,751
368,753
368,759
368,781
368,784
368,785
368,797
368,807
368,810
368,811
368,813
368,815
369,370
369,372
369,374
369,585
369,715
369,772
369,813
370,372
370,374
370,715
370,772
371,377
371,378
371,379
371,381
371,382
371,383
371,384
371,385
371,386
371,395
371,396
371,398
371,399
371,400
371,402
371,405
371,410
371,415
371,416
371,417
371,436
371,438
371,442
371,453
371,470
371,474
371,475
371,477
371,485
371,487
371,496
371,507
371,511
371,517
371,519
371,555
371,556
371,569
371,590
371,591
371,593
371,596
371,600
371,608
371,611
371,612
371,616
371,643
371,651
371,663
371,684
371,686
371,693
371,694
371,696
371,697
371,735
371,745
371,746
371,750
371,751
371,753
371,776
371,781
371,784
371,786
371,797
372,374
372,380
372,395
372,406
372,426
372,457
372,526
372,541
372,543
372,610
372,654
372,660
372,715
372,755
372,760
373,375
373,397
373,404
373,412
373,420
373,421
373,422
373,424
373,426
373,428
373,429
373,430
373,431
373,433
373,434
373,435
373,439
373,461
373,464
373,467
373,472
373,486
373,488
373,490
373,492
373,498
373,505
373,506
373,508
373,509
373,524
373,526
373,527
373,589
373,598
373,613
373,631
373,632
373,633
373,635
373,656
373,667
373,676
373,690
373,701
373,707
373,717
373,720
373,740
373,744
373,747
373,754
373,762
373,763
373,783
373,792
373,794
373,800
373,801
374,375
374,380
374,385
374,388
374,389
374,393
374,397
374,409
374,410
374,418
374,435
374,453
374,457
374,461
374,469
374,494
374,507
374,509
374,514
374,523
374,526
374,528
374,531
374,541
374,543
374,544
374,566
374,582
374,592
374,593
374,595
374,596
374,598
374,600
374,604
374,612
374,618
374,628
374,633
374,635
374,660
374,669
374,690
374,698
374,699
374,705
374,706
374,707
374,712
374,716
374,725
374,737
374,738
374,749
374,752
374,755
374,760
374,770
374,772
374,774
374,776
375,389
375,390
375,397
375,404
375,412
375,413
375,420
375,421
375,422
375,424
375,426
375,428
375,429
375,430
375,431
375,433
375,434
375,435
375,437
375,439
375,461
375,464
375,467
375,471
375,472
375,486
375,488
375,490
375,492
375,498
375,505
375,508
375,509
375,524
375,526
375,527
375,589
375,598
375,613
375,618
375,628
375,631
375,632
375,633
375,635
375,656
375,667
375,690
375,701
375,717
375,720
375,732
375,740
375,741
375,744
375,747
375,762
375,763
375,783
375,792
375,794
375,799
375,800
375,801
377,378
377,379
377,381
377,382
377,383
377,386
377,392
377,396
377,400
377,402
377,403
377,405
377,415
377,416
377,417
377,475
377,482
377,496
377,511
377,517
377,519
377,616
377,651
377,686
377,694
377,696
377,697
377,733
377,745
377,753
377,759
377,780
377,781
377,797
377,807
378,379
378,381
378,382
378,383
378,403
378,405
378,415
378,416
378,417
378,475
378,519
378,578
378,651
378,686
378,694
378,696
378,697
378,733
378,753
378,780
378,807
379,381
379,382
379,383
379,384
379,385
379,386
379,396
379,398
379,399
379,400
379,402
379,403
379,405
379,415
379,416
379,417
379,436
379,438
379,442
379,470
379,473
379,474
379,475
379,477
379,484
379,485
379,487
379,495
379,496
379,511
379,517
379,519
379,555
379,556
379,569
379,582
379,590
379,596
379,611
379,616
379,643
379,651
379,663
379,684
379,686
379,689
379,691
379,693
379,694
379,696
379,697
379,742
379,745
379,746
379,750
379,751
379,753
379,759
379,781
379,797
379,804
379,807
380,388
380,397
380,468
380,474
380,483
380,544
380,566
380,579
380,595
380,602
380,619
380,660
380,707
380,723
380,759
380,769
381,382
381,383
381,384
381,385
381,386
381,396
381,398
381,399
381,400
381,402
381,403
381,405
381,415
381,416
381,417
381,436
381,438
381,442
381,470
381,473
381,474
381,475
381,477
381,478
381,484
381,485
381,487
381,496
381,511
381,517
381,519
381,521
381,555
381,556
381,569
381,582
381,590
381,596
381,608
381,611
381,616
381,643
381,651
381,663
381,684
381,686
381,689
381,691
381,693
381,694
381,696
381,697
381,735
381,745
381,746
381,750
381,751
381,753
381,759
381,781
381,784
381,797
381,807
382,383
382,384
382,385
382,386
382,396
382,398
382,399
382,400
382,402
382,403
382,405
382,410
382,415
382,416
382,417
382,436
382,438
382,442
382,451
382,470
382,473
382,474
382,475
382,477
382,484
382,485
382,487
382,496
382,511
382,517
382,519
382,555
382,556
382,569
382,590
382,591
382,596
382,608
382,611
382,612
382,616
382,643
382,651
382,663
382,684
382,686
382,689
382,693
382,694
382,696
382,697
382,743
382,745
382,746
382,750
382,751
382,753
382,759
382,781
382,797
382,807
383,384
383,385
383,386
383,396
383,398
383,399
383,400
383,402
383,405
383,415
383,416
383,417
383,436
383,438
383,442
383,470
383,473
383,474
383,475
383,477
383,484
383,485
383,487
383,489
383,496
383,504
383,511
383,517
383,518
383,519
383,521
383,525
383,555
383,556
383,569
383,590
383,611
383,616
383,643
383,651
383,663
383,684
383,686
383,689
383,691
383,693
383,694
383,696
383,697
383,745
383,746
383,750
383,751
383,753
383,759
383,781
383,797
383,811
383,813
383,815
384,385
384,386
384,395
384,396
384,398
384,399
384,400
384,402
384,405
384,415
384,416
384,417
384,425
384,436
384,442
384,451
384,453
384,470
384,473
384,474
384,475
384,477
384,484
384,501
384,507
384,517
384,555
384,569
384,582
384,590
384,591
384,592
384,593
384,595
384,596
384,611
384,612
384,616
384,629
384,643
384,651
384,663
384,684
384,689
384,693
384,694
384,697
384,700
384,737
384,745
384,746
384,750
384,751
384,753
384,759
384,776
384,781
384,786
384,797
385,386
385,388
385,391
385,395
385,396
385,398
385,399
385,400
385,402
385,405
385,410
385,415
385,416
385,425
385,438
385,442
385,453
385,470
385,473
385,474
385,475
385,477
385,484
385,485
385,487
385,494
385,501
385,507
385,514
385,517
385,544
385,555
385,569
385,578
385,582
385,590
385,591
385,592
385,593
385,596
385,600
385,608
385,611
385,612
385,616
385,626
385,629
385,643
385,651
385,663
385,669
385,684
385,689
385,693
385,694
385,696
385,697
385,735
385,745
385,746
385,750
385,751
385,753
385,776
385,781
385,786
385,797
386,387
386,391
386,395
386,396
386,398
386,399
386,400
386,402
386,403
386,405
386,415
386,416
386,417
386,425
386,436
386,438
386,442
386,451
386,470
386,473
386,474
386,475
386,477
386,484
386,485
386,487
386,495
386,496
386,507
386,511
386,519
386,555
386,569
386,581
386,582
386,590
386,591
386,592
386,593
386,596
386,608
386,611
386,612
386,616
386,629
386,643
386,651
386,663
386,684
386,689
386,693
386,694
386,696
386,697
386,700
386,745
386,746
386,750
386,751
386,753
386,759
386,774
386,776
386,781
386,784
386,786
386,797
387,388
387,391
387,393
387,396
387,398
387,399
387,400
387,402
387,409
387,442
387,453
387,470
387,473
387,474
387,477
387,484
387,494
387,507
387,544
387,555
387,569
387,581
387,582
387,590
387,591
387,592
387,593
387,596
387,600
387,604
387,611
387,612
387,616
387,643
387,669
387,684
387,689
387,694
387,716
387,737
387,738
387,745
387,746
387,749
387,751
387,753
387,755
387,770
387,772
387,774
387,776
387,782
387,784
387,797
388,389
388,393
388,395
388,409
388,410
388,453
388,469
388,473
388,474
388,484
388,494
388,507
388,514
388,543
388,544
388,566
388,582
388,592
388,593
388,595
388,596
388,600
388,604
388,612
388,618
388,626
388,629
388,633
388,635
388,643
388,660
388,669
388,684
388,705
388,706
388,712
388,716
388,737
388,738
388,749
388,752
388,755
388,759
388,760
388,770
388,774
388,776
388,781
388,786
389,390
389,397
389,409
389,412
389,418
389,420
389,421
389,422
389,428
389,431
389,435
389,437
389,439
389,453
389,461
389,464
389,467
389,469
389,472
389,486
389,488
389,492
389,494
389,524
389,526
389,543
389,544
389,589
389,598
389,600
389,613
389,618
389,628
389,633
389,635
389,656
389,660
389,667
389,674
389,690
389,701
389,720
389,732
389,734
389,740
389,741
389,744
389,755
389,762
389,763
389,770
389,799
390,397
390,412
390,420
390,421
390,428
390,429
390,430
390,431
390,433
390,434
390,437
390,439
390,464
390,467
390,472
390,486
390,488
390,492
390,509
390,524
390,526
390,527
390,589
390,613
390,618
390,633
390,635
390,656
390,667
390,674
390,701
390,707
390,717
390,720
390,732
390,734
390,740
390,741
390,744
390,762
390,763
390,783
390,794
390,799
391,395
391,396
391,398
391,399
391,400
391,402
391,442
391,462
391,470
391,473
391,474
391,476
391,477
391,478
391,479
391,484
391,489
391,491
391,493
391,495
391,497
391,503
391,504
391,512
391,518
391,521
391,525
391,555
391,556
391,569
391,590
391,592
391,593
391,596
391,608
391,611
391,612
391,616
391,629
391,643
391,663
391,684
391,689
391,691
391,693
391,694
391,735
391,738
391,745
391,746
391,750
391,751
391,753
391,774
391,781
391,784
391,785
391,786
391,797
391,810
392,425
392,571
392,605
392,607
392,733
393,409
393,410
393,418
393,453
393,461
393,469
393,473
393,507
393,544
393,593
393,598
393,600
393,604
393,628
393,643
393,660
393,690
393,749
393,752
393,760
393,772
393,774
393,776
395,398
395,402
395,453
395,470
395,477
395,494
395,501
395,507
395,569
395,592
395,593
395,596
395,600
395,608
395,626
395,629
395,663
395,669
395,684
395,693
395,694
395,745
395,750
395,751
395,753
395,776
396,398
396,399
396,400
396,402
396,405
396,415
396,416
396,417
396,436
396,438
396,442
396,444
396,451
396,453
396,470
396,473
396,474
396,475
396,477
396,484
396,485
396,487
396,493
396,496
396,511
396,555
396,556
396,569
396,582
396,590
396,592
396,596
396,600
396,608
396,611
396,612
396,616
396,643
396,651
396,663
396,669
396,684
396,689
396,693
396,694
396,696
396,697
396,745
396,746
396,750
396,751
396,753
396,759
396,776
396,781
396,784
396,786
396,797
397,404
397,408
397,412
397,420
397,421
397,422
397,424
397,426
397,428
397,429
397,430
397,431
397,433
397,434
397,435
397,437
397,439
397,461
397,464
397,467
397,469
397,472
397,483
397,486
397,488
397,490
397,492
397,498
397,505
397,508
397,509
397,524
397,526
397,527
397,566
397,589
397,598
397,613
397,618
397,619
397,628
397,631
397,632
397,633
397,635
397,656
397,667
397,690
397,701
397,707
397,717
397,720
397,723
397,734
397,740
397,744
397,747
397,759
397,762
397,763
397,783
397,792
397,794
397,800
397,801
398,399
398,400
398,402
398,403
398,405
398,415
398,416
398,417
398,425
398,436
398,438
398,442
398,451
398,453
398,470
398,473
398,474
398,475
398,477
398,482
398,484
398,485
398,487
398,496
398,511
398,517
398,519
398,555
398,569
398,581
398,582
398,590
398,591
398,592
398,593
398,596
398,604
398,608
398,611
398,612
398,616
398,629
398,643
398,651
398,663
398,684
398,689
398,693
398,694
398,696
398,697
398,745
398,746
398,750
398,751
398,753
398,759
398,774
398,776
398,781
398,786
398,797
398,811
399,400
399,402
399,403
399,405
399,410
399,415
399,416
399,417
399,425
399,436
399,438
399,442
399,451
399,453
399,470
399,473
399,474
399,475
399,477
399,484
399,485
399,487
399,493
399,495
399,496
399,507
399,511
399,517
399,519
399,555
399,569
399,582
399,590
399,591
399,592
399,593
399,596
399,600
399,608
399,611
399,612
399,616
399,629
399,643
399,651
399,663
399,669
399,684
399,689
399,693
399,694
399,696
399,697
399,745
399,746
399,750
399,751
399,753
399,759
399,774
399,776
399,781
399,784
399,786
399,797
400,402
400,405
400,415
400,416
400,417
400,425
400,436
400,438
400,442
400,451
400,453
400,470
400,473
400,474
400,475
400,477
400,482
400,484
400,485
400,487
400,493
400,495
400,496
400,511
400,517
400,519
400,555
400,556
400,569
400,581
400,582
400,590
400,591
400,592
400,593
400,596
400,608
400,611
400,612
400,616
400,629
400,643
400,651
400,663
400,684
400,689
400,693
400,694
400,696
400,697
400,745
400,746
400,750
400,751
400,753
400,759
400,774
400,776
400,781
400,784
400,786
400,797
400,804
400,811
402,403
402,405
402,415
402,416
402,417
402,425
402,436
402,438
402,442
402,451
402,453
402,470
402,473
402,474
402,475
402,477
402,482
402,484
402,485
402,487
402,493
402,495
402,496
402,507
402,511
402,517
402,519
402,555
402,556
402,569
402,581
402,582
402,590
402,591
402,592
402,593
402,596
402,608
402,611
402,612
402,616
402,629
402,643
402,651
402,663
402,684
402,689
402,693
402,694
402,696
402,697
402,713
402,745
402,746
402,750
402,751
402,753
402,759
402,774
402,776
402,781
402,784
402,786
402,797
402,804
402,811
403,405
403,410
403,415
403,416
403,417
403,484
403,485
403,487
403,496
403,511
403,519
403,696
403,697
403,751
403,757
404,412
404,413
404,420
404,421
404,422
404,424
404,426
404,428
404,429
404,430
404,431
404,433
404,434
404,435
404,437
404,439
404,461
404,464
404,467
404,471
404,472
404,486
404,488
404,490
404,492
404,498
404,505
404,508
404,509
404,524
404,526
404,527
404,589
404,598
404,613
404,628
404,631
404,632
404,633
404,635
404,656
404,667
404,690
404,701
404,717
404,720
404,732
404,740
404,744
404,747
404,762
404,763
404,783
404,794
404,800
404,801
405,410
405,415
405,416
405,417
405,436
405,438
405,442
405,451
405,470
405,473
405,474
405,475
405,477
405,482
405,484
405,485
405,487
405,496
405,511
405,517
405,519
405,555
405,569
405,578
405,582
405,590
405,611
405,612
405,616
405,643
405,651
405,663
405,684
405,686
405,693
405,694
405,696
405,697
405,733
405,745
405,746
405,750
405,751
405,753
405,759
405,776
405,780
405,781
405,797
405,807
406,408
406,413
406,414
406,421
406,424
406,457
406,543
406,544
406,566
406,610
406,660
406,716
406,717
406,744
406,752
406,755
406,786
406,789
408,412
408,413
408,414
408,420
408,421
408,422
408,428
408,431
408,439
408,456
408,458
408,459
408,461
408,464
408,467
408,468
408,472
408,483
408,490
408,499
408,509
408,541
408,542
408,579
408,583
408,585
408,589
408,594
408,598
408,610
408,614
408,619
408,631
408,636
408,652
408,666
408,676
408,698
408,723
408,744
408,762
408,763
408,773
408,775
408,783
408,792
408,794
409,410
409,453
409,462
409,469
409,470
409,473
409,474
409,484
409,494
409,507
409,544
409,581
409,582
409,591
409,592
409,593
409,600
409,604
409,612
409,643
409,660
409,669
409,706
409,712
409,738
409,745
409,749
409,759
409,760
409,774
409,776
409,781
409,782
410,415
410,416
410,417
410,435
410,453
410,469
410,473
410,474
410,477
410,484
410,485
410,487
410,494
410,501
410,507
410,514
410,517
410,541
410,543
410,544
410,582
410,591
410,592
410,593
410,595
410,596
410,598
410,600
410,604
410,612
410,633
410,643
410,660
410,669
410,706
410,712
410,716
410,737
410,738
410,749
410,755
410,759
410,760
410,770
410,774
410,776
410,781
412,420
412,421
412,422
412,424
412,426
412,428
412,429
412,430
412,431
412,433
412,434
412,435
412,437
412,439
412,461
412,464
412,467
412,471
412,472
412,486
412,488
412,490
412,492
412,498
412,505
412,508
412,509
412,524
412,526
412,527
412,589
412,598
412,613
412,628
412,631
412,632
412,633
412,635
412,667
412,690
412,698
412,701
412,717
412,720
412,734
412,740
412,741
412,744
412,747
412,762
412,763
412,783
412,792
412,794
412,800
412,801
413,414
413,420
413,421
413,430
413,437
413,457
413,467
413,472
413,509
413,538
413,542
413,566
413,589
413,595
413,619
413,631
413,635
413,660
413,667
413,676
413,690
413,698
413,716
413,717
413,744
413,748
413,773
413,775
413,783
413,789
414,458
414,459
414,466
414,468
414,499
414,579
414,583
414,585
414,610
414,636
414,649
414,650
414,652
414,666
414,773
414,792
415,416
415,417
415,436
415,438
415,442
415,470
415,473
415,474
415,475
415,477
415,484
415,485
415,487
415,496
415,511
415,517
415,519
415,555
415,569
415,590
415,593
415,611
415,616
415,643
415,651
415,663
415,684
415,686
415,693
415,694
415,696
415,697
415,700
415,745
415,746
415,750
415,751
415,753
415,781
415,797
416,417
416,436
416,438
416,442
416,451
416,470
416,473
416,474
416,475
416,477
416,482
416,484
416,485
416,487
416,496
416,511
416,517
416,519
416,555
416,569
416,578
416,582
416,590
416,593
416,611
416,612
416,616
416,643
416,651
416,663
416,684
416,686
416,693
416,694
416,696
416,697
416,733
416,745
416,746
416,750
416,751
416,753
416,759
416,776
416,780
416,781
416,797
416,807
417,436
417,438
417,442
417,451
417,470
417,475
417,484
417,485
417,487
417,496
417,501
417,507
417,511
417,517
417,519
417,555
417,569
417,595
417,616
417,663
417,694
417,696
417,697
417,733
417,745
417,750
417,751
417,753
417,786
417,791
418,422
418,435
418,461
418,469
418,499
418,528
418,531
418,542
418,582
418,593
418,594
418,598
418,604
418,612
418,628
418,633
418,635
418,654
418,690
418,698
418,699
418,716
418,749
418,752
418,755
418,756
418,770
418,772
418,802
418,803
420,421
420,422
420,424
420,426
420,428
420,429
420,430
420,431
420,433
420,434
420,435
420,437
420,439
420,461
420,464
420,467
420,471
420,472
420,486
420,488
420,490
420,492
420,498
420,505
420,508
420,509
420,524
420,526
420,527
420,589
420,598
420,610
420,613
420,619
420,628
420,631
420,632
420,633
420,635
420,656
420,667
420,690
420,698
420,701
420,717
420,720
420,732
420,740
420,741
420,744
420,747
420,762
420,763
420,783
420,792
420,794
420,800
420,801
421,422
421,424
421,426
421,428
421,429
421,430
421,431
421,433
421,434
421,435
421,437
421,439
421,461
421,464
421,467
421,471
421,472
421,486
421,488
421,490
421,492
421,498
421,505
421,508
421,509
421,524
421,526
421,527
421,544
421,589
421,598
421,610
421,613
421,618
421,631
421,632
421,633
421,635
421,656
421,660
421,667
421,690
421,698
421,701
421,717
421,720
421,732
421,740
421,741
421,744
421,747
421,762
421,763
421,783
421,792
421,794
421,800
421,801
422,424
422,426
422,428
422,429
422,430
422,431
422,433
422,434
422,435
422,439
422,461
422,464
422,467
422,472
422,486
422,490
422,498
422,505
422,508
422,509
422,524
422,526
422,527
422,589
422,598
422,604
422,613
422,618
422,628
422,631
422,632
422,633
422,635
422,667
422,690
422,716
422,717
422,720
422,744
422,747
422,755
422,762
422,763
422,783
422,792
422,794
422,800
422,801
424,426
424,428
424,429
424,430
424,431
424,433
424,434
424,435
424,437
424,439
424,461
424,464
424,467
424,472
424,486
424,488
424,490
424,492
424,498
424,505
424,508
424,509
424,524
424,526
424,527
424,541
424,589
424,598
424,613
424,628
424,631
424,632
424,635
424,656
424,667
424,676
424,690
424,698
424,701
424,717
424,720
424,740
424,741
424,744
424,747
424,752
424,762
424,763
424,783
424,792
424,794
424,800
424,801
425,442
425,470
425,474
425,475
425,501
425,555
425,569
425,571
425,590
425,593
425,611
425,612
425,616
425,626
425,629
425,663
425,689
425,693
425,694
425,745
425,751
425,753
425,759
425,781
425,797
426,428
426,429
426,430
426,431
426,433
426,434
426,435
426,439
426,461
426,464
426,467
426,469
426,472
426,490
426,492
426,498
426,505
426,507
426,508
426,509
426,526
426,527
426,541
426,589
426,595
426,598
426,613
426,628
426,631
426,632
426,633
426,676
426,690
426,701
426,707
426,717
426,720
426,741
426,744
426,747
426,762
426,763
426,783
426,786
426,794
426,801
427,455
427,528
427,536
427,539
427,543
427,596
427,608
427,614
427,626
427,629
427,648
427,653
427,669
427,756
427,788
428,429
428,430
428,431
428,433
428,434
428,435
428,437
428,439
428,461
428,464
428,467
428,471
428,472
428,486
428,488
428,490
428,492
428,498
428,505
428,508
428,509
428,524
428,526
428,527
428,589
428,598
428,613
428,619
428,628
428,631
428,632
428,633
428,635
428,656
428,667
428,690
428,698
428,701
428,717
428,720
428,732
428,740
428,741
428,744
428,747
428,762
428,763
428,783
428,792
428,794
428,799
428,800
428,801
429,430
429,431
429,433
429,434
429,435
429,437
429,439
429,461
429,464
429,467
429,472
429,486
429,488
429,490
429,492
429,498
429,505
429,508
429,509
429,524
429,526
429,527
429,589
429,598
429,613
429,628
429,631
429,632
429,633
429,635
429,656
429,667
429,690
429,701
429,717
429,720
429,740
429,741
429,744
429,747
429,762
429,763
429,783
429,792
429,794
429,800
429,801
430,431
430,433
430,434
430,435
430,437
430,439
430,461
430,464
430,467
430,471
430,472
430,486
430,488
430,490
430,492
430,498
430,505
430,508
430,509
430,524
430,526
430,527
430,589
430,598
430,613
430,628
430,631
430,632
430,633
430,635
430,656
430,667
430,690
430,701
430,717
430,720
430,732
430,734
430,740
430,744
430,747
430,762
430,763
430,783
430,794
430,799
430,800
430,801
431,433
431,434
431,435
431,437
431,439
431,461
431,464
431,467
431,471
431,472
431,486
431,488
431,490
431,492
431,498
431,505
431,508
431,509
431,524
431,526
431,527
431,589
431,598
431,613
431,618
431,619
431,628
431,631
431,632
431,633
431,635
431,656
431,667
431,690
431,698
431,701
431,707
431,717
431,720
431,732
431,734
431,740
431,741
431,744
431,747
431,762
431,763
431,783
431,792
431,794
431,800
431,801
433,434
433,435
433,437
433,439
433,461
433,464
433,467
433,471
433,472
433,486
433,488
433,490
433,492
433,498
433,505
433,508
433,509
433,524
433,526
433,527
433,589
433,598
433,613
433,619
433,631
433,632
433,633
433,635
433,649
433,656
433,667
433,690
433,698
433,701
433,717
433,720
433,740
433,741
433,744
433,747
433,762
433,763
433,783
433,792
433,794
433,799
433,800
433,801
434,435
434,437
434,439
434,461
434,464
434,467
434,471
434,472
434,486
434,488
434,490
434,492
434,498
434,505
434,508
434,509
434,510
434,524
434,526
434,527
434,542
434,589
434,598
434,610
434,613
434,631
434,633
434,635
434,656
434,690
434,701
434,717
434,720
434,732
434,740
434,741
434,744
434,747
434,762
434,763
434,783
434,794
434,799
434,801
435,439
435,453
435,461
435,464
435,467
435,469
435,472
435,488
435,490
435,494
435,498
435,505
435,508
435,509
435,524
435,526
435,527
435,531
435,543
435,544
435,589
435,598
435,600
435,613
435,618
435,628
435,631
435,632
435,633
435,635
435,660
435,690
435,698
435,701
435,716
435,717
435,720
435,740
435,744
435,747
435,752
435,755
435,756
435,762
435,763
435,770
435,772
435,776
435,783
435,792
435,794
435,800
435,801
436,438
436,442
436,443
436,444
436,449
436,451
436,462
436,470
436,475
436,476
436,477
436,478
436,479
436,480
436,485
436,487
436,489
436,491
436,493
436,496
436,497
436,500
436,503
436,504
436,511
436,512
436,517
436,518
436,521
436,525
436,555
436,556
436,559
436,564
436,590
436,596
436,599
436,616
436,684
436,686
436,691
436,694
436,696
436,697
436,703
436,735
436,737
436,738
436,742
436,743
436,745
436,746
436,750
436,751
436,753
436,758
436,767
436,782
436,784
436,785
436,786
436,790
436,797
436,809
436,810
437,439
437,461
437,464
437,467
437,472
437,486
437,488
437,490
437,492
437,509
437,524
437,526
437,527
437,589
437,613
437,618
437,631
437,633
437,635
437,656
437,667
437,674
437,701
437,717
437,720
437,732
437,734
437,740
437,741
437,744
437,747
437,762
437,763
437,783
437,794
437,799
438,442
438,444
438,448
438,449
438,462
438,470
438,474
438,475
438,476
438,477
438,478
438,479
438,480
438,484
438,485
438,487
438,489
438,491
438,493
438,495
438,496
438,497
438,500
438,503
438,504
438,511
438,512
438,517
438,518
438,521
438,525
438,555
438,556
438,569
438,582
438,590
438,596
438,599
438,611
438,616
438,641
438,651
438,663
438,684
438,686
438,691
438,692
438,694
438,696
438,697
438,735
438,738
438,742
438,743
438,745
438,746
438,750
438,751
438,753
438,758
438,767
438,782
438,784
438,785
438,790
438,797
438,798
438,809
438,810
439,461
439,464
439,467
439,471
439,472
439,486
439,488
439,490
439,492
439,498
439,505
439,508
439,509
439,524
439,526
439,527
439,589
439,598
439,613
439,618
439,619
439,628
439,631
439,632
439,633
439,635
439,656
439,667
439,690
439,698
439,701
439,717
439,720
439,732
439,734
439,740
439,741
439,744
439,747
439,762
439,763
439,783
439,792
439,794
439,800
439,801
441,443
441,444
441,445
441,446
441,447
441,448
441,449
441,450
441,454
441,476
441,479
441,489
441,491
441,497
441,503
441,504
441,515
441,518
441,520
441,525
441,530
441,532
441,534
441,537
441,545
441,547
441,557
441,558
441,559
441,563
441,564
441,570
441,573
441,574
441,575
441,576
441,617
441,623
441,624
441,625
441,641
441,691
441,692
441,702
441,703
441,704
441,705
441,711
441,714
441,721
441,735
441,739
441,742
441,743
441,767
441,768
441,771
441,782
441,790
441,795
441,809
441,810
442,451
442,453
442,470
442,473
442,474
442,475
442,477
442,484
442,485
442,496
442,507
442,511
442,519
442,555
442,569
442,581
442,582
442,590
442,591
442,592
442,593
442,596
442,600
442,608
442,611
442,612
442,616
442,643
442,651
442,663
442,684
442,689
442,693
442,694
442,696
442,697
442,745
442,746
442,749
442,750
442,751
442,753
442,759
442,774
442,776
442,781
442,784
442,786
442,797
442,811
443,444
443,445
443,446
443,447
443,448
443,449
443,450
443,454
443,496
443,511
443,515
443,520
443,530
443,532
443,534
443,537
443,545
443,547
443,557
443,558
443,559
443,564
443,570
443,573
443,574
443,575
443,617
443,623
443,624
443,625
443,641
443,691
443,692
443,702
443,703
443,704
443,721
443,739
443,742
443,743
443,767
443,768
443,771
443,790
443,795
443,809
443,810
444,445
444,446
444,447
444,448
444,449
444,450
444,454
444,462
444,476
444,478
444,479
444,480
444,485
444,487
444,489
444,491
444,493
444,496
444,497
444,500
444,503
444,504
444,511
444,512
444,518
444,521
444,525
444,530
444,532
444,534
444,537
444,547
444,556
444,557
444,558
444,559
444,564
444,570
444,574
444,617
444,624
444,641
444,686
444,691
444,692
444,696
444,702
444,703
444,704
444,713
444,714
444,721
444,735
444,738
444,739
444,742
444,746
444,767
444,782
444,784
444,785
444,790
444,795
444,798
444,804
444,805
444,807
444,809
444,810
444,811
444,813
444,815
444,816
444,817
445,446
445,447
445,448
445,449
445,450
445,454
445,491
445,496
445,511
445,515
445,520
445,530
445,532
445,534
445,537
445,545
445,547
445,557
445,558
445,559
445,563
445,564
445,570
445,573
445,574
445,575
445,617
445,623
445,624
445,625
445,641
445,691
445,692
445,702
445,703
445,704
445,714
445,721
445,739
445,742
445,743
445,767
445,768
445,771
445,790
445,795
445,809
445,810
446,447
446,448
446,449
446,450
446,454
446,496
446,520
446,530
446,532
446,534
446,537
446,545
446,547
446,557
446,558
446,559
446,564
446,570
446,573
446,574
446,575
446,617
446,623
446,624
446,625
446,641
446,692
446,702
446,703
446,704
446,714
446,721
446,739
446,742
446,743
446,767
446,768
446,782
446,790
446,795
446,809
447,448
447,449
447,450
447,454
447,479
447,491
447,496
447,511
447,515
447,520
447,530
447,532
447,534
447,537
447,545
447,547
447,557
447,558
447,559
447,563
447,564
447,570
447,573
447,574
447,575
447,617
447,623
447,624
447,625
447,641
447,691
447,692
447,702
447,703
447,704
447,714
447,721
447,739
447,742
447,743
447,767
447,768
447,771
447,790
447,795
447,809
447,810
448,449
448,450
448,454
448,479
448,480
448,489
448,491
448,496
448,503
448,504
448,511
448,512
448,515
448,518
448,520
448,521
448,530
448,532
448,534
448,537
448,545
448,547
448,557
448,558
448,559
448,564
448,570
448,573
448,574
448,575
448,617
448,623
448,624
448,625
448,641
448,686
448,691
448,692
448,702
448,703
448,704
448,714
448,721
448,739
448,742
448,743
448,767
448,768
448,771
448,782
448,790
448,795
448,809
448,810
449,450
449,454
449,479
449,489
449,491
449,496
449,504
449,511
449,515
449,520
449,521
449,530
449,532
449,534
449,537
449,545
449,547
449,557
449,558
449,559
449,564
449,570
449,573
449,574
449,575
449,617
449,623
449,624
449,625
449,641
449,691
449,692
449,702
449,703
449,704
449,714
449,721
449,739
449,742
449,743
449,767
449,768
449,771
449,790
449,795
449,809
449,810
450,454
450,479
450,491
450,496
450,511
450,515
450,520
450,530
450,532
450,534
450,537
450,545
450,547
450,557
450,558
450,559
450,563
450,564
450,570
450,573
450,574
450,575
450,599
450,617
450,623
450,624
450,625
450,641
450,691
450,692
450,702
450,703
450,704
450,714
450,721
450,739
450,742
450,743
450,767
450,768
450,790
450,795
450,809
450,810
451,470
451,473
451,474
451,477
451,484
451,501
451,507
451,555
451,569
451,582
451,590
451,591
451,595
451,611
451,616
451,651
451,663
451,684
451,689
451,694
451,696
451,737
451,745
451,746
451,750
451,751
451,753
451,781
451,786
451,791
451,797
452,458
452,459
452,535
452,579
452,583
452,585
452,594
452,636
452,652
452,769
452,775
452,789
453,469
453,470
453,473
453,474
453,477
453,484
453,485
453,487
453,494
453,501
453,507
453,514
453,517
453,543
453,544
453,581
453,582
453,590
453,591
453,592
453,593
453,595
453,596
453,600
453,604
453,608
453,611
453,612
453,618
453,633
453,643
453,660
453,663
453,669
453,684
453,694
453,706
453,712
453,716
453,737
453,738
453,745
453,749
453,751
453,755
453,759
453,760
453,770
453,774
453,776
453,781
454,476
454,479
454,480
454,489
454,491
454,496
454,497
454,500
454,503
454,504
454,511
454,512
454,515
454,518
454,520
454,521
454,525
454,530
454,532
454,534
454,537
454,545
454,547
454,557
454,558
454,559
454,563
454,564
454,570
454,573
454,574
454,575
454,599
454,617
454,623
454,624
454,625
454,641
454,691
454,692
454,702
454,703
454,704
454,705
454,711
454,714
454,721
454,739
454,742
454,743
454,767
454,768
454,782
454,785
454,790
454,795
454,809
454,810
455,465
455,510
455,529
455,536
455,543
455,614
455,626
455,648
455,653
455,788
456,458
456,459
456,468
456,483
456,499
456,583
456,585
456,652
456,666
456,773
457,501
457,509
457,510
457,541
457,543
457,595
457,601
457,626
457,660
457,707
457,712
457,725
457,754
458,459
458,468
458,483
458,499
458,579
458,580
458,583
458,585
458,594
458,619
458,636
458,649
458,650
458,652
458,653
458,666
458,723
458,748
458,773
458,775
458,789
459,468
459,483
459,499
459,538
459,542
459,579
459,580
459,583
459,585
459,594
459,610
459,619
459,636
459,649
459,650
459,652
459,654
459,666
459,698
459,723
459,748
459,763
459,773
459,775
459,789
459,792
459,794
461,464
461,467
461,469
461,471
461,472
461,486
461,488
461,490
461,492
461,498
461,505
461,508
461,509
461,524
461,526
461,527
461,531
461,589
461,598
461,613
461,618
461,628
461,631
461,632
461,633
461,635
461,656
461,660
461,667
461,690
461,701
461,716
461,717
461,720
461,740
461,744
461,747
461,755
461,760
461,762
461,763
461,770
461,783
461,792
461,794
461,800
461,801
462,474
462,476
462,478
462,479
462,480
462,484
462,485
462,487
462,489
462,491
462,493
462,496
462,497
462,500
462,503
462,504
462,511
462,512
462,518
462,521
462,525
462,530
462,532
462,556
462,557
462,558
462,559
462,564
462,592
462,596
462,599
462,600
462,624
462,686
462,691
462,702
462,703
462,704
462,705
462,721
462,735
462,737
462,738
462,739
462,742
462,743
462,758
462,767
462,771
462,782
462,784
462,785
462,790
462,795
462,798
462,810
463,465
463,502
463,510
463,516
463,529
463,533
463,536
463,540
463,579
464,467
464,471
464,472
464,486
464,488
464,490
464,492
464,498
464,505
464,508
464,509
464,524
464,526
464,527
464,589
464,598
464,613
464,618
464,619
464,628
464,631
464,632
464,633
464,635
464,656
464,667
464,690
464,698
464,701
464,717
464,720
464,732
464,734
464,740
464,741
464,744
464,747
464,762
464,763
464,783
464,792
464,794
464,799
464,800
464,801
465,502
465,506
465,510
465,516
465,529
465,533
465,540
465,793
466,502
466,533
466,546
467,471
467,472
467,486
467,488
467,490
467,492
467,498
467,505
467,508
467,509
467,524
467,526
467,527
467,589
467,598
467,613
467,618
467,619
467,628
467,631
467,632
467,633
467,635
467,656
467,667
467,690
467,698
467,701
467,717
467,720
467,732
467,734
467,740
467,741
467,744
467,747
467,762
467,763
467,783
467,792
467,794
467,799
467,800
467,801
468,483
468,499
468,535
468,579
468,580
468,583
468,585
468,594
468,619
468,636
468,649
468,650
468,652
468,666
468,725
468,748
468,770
468,773
469,472
469,494
469,507
469,514
469,523
469,531
469,541
469,543
469,544
469,582
469,592
469,593
469,598
469,600
469,604
469,605
469,612
469,618
469,628
469,633
469,635
469,660
469,669
469,698
469,699
469,705
469,706
469,707
469,712
469,716
469,725
469,738
469,749
469,755
469,756
469,760
469,770
469,774
469,776
470,473
470,474
470,475
470,477
470,484
470,485
470,487
470,493
470,495
470,501
470,507
470,511
470,519
470,555
470,569
470,581
470,582
470,590
470,591
470,592
470,593
470,596
470,604
470,608
470,611
470,612
470,616
470,629
470,643
470,651
470,663
470,684
470,689
470,693
470,694
470,696
470,697
470,745
470,746
470,750
470,751
470,753
470,759
470,774
470,776
470,781
470,784
470,786
470,797
470,804
470,811
471,472
471,486
471,490
471,526
471,527
471,589
471,613
471,631
471,744
471,762
471,763
471,783
471,794
472,486
472,488
472,490
472,492
472,498
472,505
472,508
472,509
472,524
472,526
472,527
472,542
472,589
472,598
472,613
472,618
472,619
472,628
472,631
472,632
472,633
472,635
472,656
472,667
472,690
472,698
472,701
472,717
472,720
472,732
472,734
472,740
472,741
472,744
472,747
472,762
472,763
472,783
472,792
472,794
472,799
472,800
472,801
473,474
473,475
473,477
473,484
473,485
473,507
473,555
473,569
473,581
473,582
473,590
473,591
473,592
473,593
473,600
473,604
473,611
473,612
473,616
473,629
473,643
473,651
473,663
473,669
473,684
473,689
473,693
473,694
473,737
473,745
473,746
473,749
473,750
473,751
473,753
473,759
473,760
473,774
473,776
473,781
473,797
473,803
474,475
474,477
474,484
474,485
474,487
474,501
474,507
474,555
474,569
474,582
474,590
474,592
474,593
474,595
474,596
474,600
474,611
474,612
474,616
474,629
474,643
474,651
474,663
474,669
474,684
474,689
474,693
474,694
474,745
474,746
474,749
474,750
474,751
474,753
474,759
474,774
474,776
474,781
474,786
474,797
475,477
475,484
475,485
475,487
475,511
475,517
475,555
475,569
475,590
475,596
475,611
475,612
475,616
475,643
475,651
475,663
475,684
475,689
475,693
475,694
475,696
475,697
475,713
475,745
475,746
475,750
475,751
475,753
475,759
475,781
475,797
475,804
475,807
475,811
476,478
476,479
476,480
476,485
476,487
476,489
476,491
476,493
476,496
476,497
476,500
476,503
476,504
476,511
476,512
476,518
476,521
476,525
476,530
476,532
476,534
476,537
476,547
476,556
476,557
476,558
476,559
476,564
476,570
476,573
476,574
476,599
476,617
476,623
476,624
476,625
476,641
476,686
476,691
476,692
476,702
476,703
476,704
476,714
476,721
476,735
476,737
476,738
476,739
476,742
476,743
476,746
476,758
476,767
476,771
476,782
476,784
476,785
476,790
476,795
476,798
476,809
476,810
477,484
477,485
477,487
477,493
477,494
477,495
477,507
477,514
477,555
477,569
477,578
477,582
477,590
477,592
477,593
477,596
477,600
477,608
477,611
477,612
477,616
477,643
477,651
477,663
477,669
477,684
477,689
477,693
477,694
477,696
477,697
477,716
477,745
477,746
477,750
477,751
477,753
477,759
477,774
477,776
477,781
477,784
477,786
477,797
478,479
478,480
478,485
478,487
478,489
478,491
478,493
478,496
478,497
478,500
478,503
478,504
478,511
478,512
478,518
478,521
478,525
478,530
478,532
478,534
478,537
478,547
478,556
478,557
478,558
478,559
478,564
478,574
478,599
478,686
478,691
478,702
478,703
478,704
478,714
478,721
478,735
478,737
478,738
478,739
478,742
478,743
478,758
478,767
478,771
478,782
478,784
478,785
478,790
478,795
478,798
478,810
479,480
479,485
479,487
479,489
479,491
479,493
479,496
479,497
479,500
479,503
479,504
479,511
479,512
479,518
479,521
479,525
479,530
479,532
479,534
479,537
479,547
479,556
479,557
479,558
479,559
479,564
479,570
479,573
479,574
479,575
479,599
479,617
479,623
479,624
479,625
479,641
479,686
479,691
479,702
479,703
479,704
479,714
479,721
479,735
479,737
479,738
479,739
479,742
479,743
479,758
479,767
479,771
479,782
479,784
479,785
479,790
479,795
479,798
479,809
479,810
480,485
480,487
480,489
480,491
480,493
480,496
480,497
480,500
480,503
480,504
480,511
480,512
480,518
480,521
480,525
480,530
480,532
480,534
480,537
480,547
480,556
480,557
480,558
480,559
480,564
480,570
480,574
480,575
480,596
480,599
480,617
480,623
480,624
480,625
480,641
480,686
480,691
480,692
480,702
480,703
480,704
480,714
480,721
480,735
480,737
480,738
480,739
480,742
480,743
480,758
480,767
480,771
480,782
480,784
480,785
480,790
480,795
480,798
480,809
480,810
482,485
482,487
482,694
482,696
482,697
482,745
482,751
482,753
482,797
482,805
482,808
483,499
483,580
483,583
483,585
483,594
483,595
483,619
483,652
483,666
483,707
483,723
483,773
484,485
484,487
484,501
484,507
484,514
484,555
484,556
484,569
484,582
484,590
484,591
484,592
484,593
484,595
484,596
484,602
484,604
484,611
484,612
484,616
484,626
484,629
484,643
484,651
484,663
484,669
484,684
484,687
484,689
484,693
484,694
484,697
484,738
484,745
484,746
484,750
484,751
484,753
484,759
484,774
484,776
484,781
484,786
484,797
485,487
485,489
485,491
485,493
485,494
485,495
485,496
485,497
485,500
485,503
485,504
485,507
485,511
485,512
485,514
485,517
485,518
485,521
485,525
485,555
485,556
485,569
485,582
485,590
485,592
485,593
485,596
485,600
485,611
485,612
485,616
485,643
485,651
485,663
485,684
485,686
485,691
485,694
485,696
485,697
485,735
485,737
485,738
485,742
485,743
485,745
485,746
485,751
485,753
485,759
485,767
485,776
485,781
485,782
485,784
485,785
485,790
485,797
485,810
486,488
486,490
486,492
486,498
486,505
486,508
486,509
486,524
486,527
486,589
486,598
486,613
486,618
486,631
486,633
486,635
486,656
486,667
486,674
486,690
486,701
486,717
486,720
486,732
486,734
486,740
486,741
486,744
486,762
486,763
486,783
486,792
486,794
486,799
486,801
487,489
487,491
487,493
487,495
487,496
487,497
487,500
487,503
487,504
487,511
487,512
487,514
487,517
487,518
487,519
487,521
487,525
487,555
487,556
487,569
487,582
487,592
487,593
487,596
487,600
487,611
487,612
487,616
487,651
487,684
487,686
487,691
487,694
487,696
487,697
487,735
487,737
487,738
487,743
487,745
487,746
487,751
487,753
487,759
487,767
487,776
487,781
487,782
487,784
487,785
487,786
487,797
488,490
488,492
488,498
488,505
488,508
488,509
488,524
488,526
488,527
488,589
488,598
488,610
488,613
488,618
488,631
488,633
488,635
488,656
488,667
488,674
488,701
488,717
488,720
488,732
488,734
488,740
488,741
488,744
488,762
488,763
488,783
488,794
488,799
489,491
489,493
489,496
489,497
489,500
489,503
489,504
489,511
489,512
489,518
489,521
489,525
489,530
489,532
489,534
489,537
489,547
489,556
489,557
489,558
489,559
489,564
489,570
489,574
489,575
489,599
489,617
489,623
489,624
489,625
489,641
489,686
489,691
489,702
489,703
489,704
489,714
489,721
489,735
489,737
489,738
489,739
489,742
489,743
489,746
489,758
489,767
489,771
489,782
489,784
489,785
489,790
489,795
489,798
489,809
489,810
490,492
490,498
490,505
490,508
490,509
490,524
490,526
490,527
490,589
490,598
490,613
490,619
490,628
490,631
490,632
490,633
490,635
490,656
490,667
490,690
490,698
490,701
490,717
490,720
490,732
490,740
490,744
490,747
490,762
490,763
490,783
490,792
490,794
490,800
490,801
490,808
491,493
491,496
491,497
491,500
491,503
491,504
491,511
491,512
491,518
491,521
491,525
491,530
491,532
491,534
491,537
491,547
491,556
491,557
491,558
491,559
491,563
491,564
491,570
491,573
491,574
491,575
491,599
491,617
491,623
491,624
491,625
491,641
491,686
491,691
491,692
491,702
491,703
491,704
491,705
491,711
491,714
491,721
491,735
491,737
491,738
491,739
491,742
491,743
491,758
491,767
491,768
491,771
491,782
491,784
491,785
491,790
491,795
491,798
491,809
491,810
492,498
492,505
492,508
492,509
492,524
492,527
492,589
492,598
492,613
492,618
492,631
492,632
492,633
492,635
492,656
492,667
492,674
492,676
492,690
492,701
492,707
492,717
492,720
492,732
492,734
492,740
492,741
492,744
492,747
492,762
492,763
492,783
492,794
492,799
493,494
493,495
493,496
493,497
493,500
493,503
493,504
493,511
493,512
493,518
493,521
493,525
493,555
493,556
493,569
493,570
493,573
493,574
493,575
493,592
493,596
493,611
493,616
493,617
493,623
493,624
493,625
493,684
493,691
493,703
493,735
493,738
493,742
493,743
493,746
493,751
493,758
493,767
493,771
493,782
493,784
493,785
493,790
493,795
493,797
494,495
494,507
494,514
494,523
494,541
494,543
494,544
494,545
494,582
494,591
494,592
494,593
494,595
494,596
494,600
494,604
494,608
494,612
494,618
494,633
494,635
494,643
494,660
494,669
494,705
494,706
494,712
494,716
494,737
494,738
494,749
494,755
494,770
494,774
494,776
495,512
495,525
495,556
495,569
495,592
495,596
495,600
495,611
495,684
495,691
495,694
495,745
495,746
495,751
495,784
496,497
496,500
496,503
496,504
496,511
496,512
496,517
496,518
496,521
496,525
496,537
496,547
496,555
496,556
496,557
496,558
496,559
496,564
496,599
496,616
496,641
496,684
496,686
496,691
496,692
496,694
496,696
496,697
496,702
496,703
496,735
496,737
496,738
496,742
496,743
496,745
496,746
496,750
496,751
496,753
496,758
496,767
496,782
496,784
496,785
496,790
496,797
496,798
496,809
496,810
497,500
497,503
497,504
497,511
497,512
497,518
497,521
497,525
497,530
497,532
497,534
497,537
497,547
497,556
497,557
497,558
497,559
497,564
497,570
497,574
497,575
497,599
497,617
497,623
497,624
497,625
497,686
497,691
497,702
497,703
497,704
497,714
497,721
497,735
497,737
497,738
497,739
497,742
497,743
497,746
497,758
497,767
497,771
497,782
497,784
497,785
497,790
497,795
497,798
497,809
497,810
498,505
498,508
498,509
498,524
498,526
498,527
498,589
498,598
498,613
498,631
498,632
498,656
498,690
498,701
498,717
498,720
498,740
498,744
498,747
498,762
498,763
498,783
498,794
498,800
498,801
499,542
499,580
499,585
499,594
499,610
499,650
499,652
499,654
499,666
499,773
499,775
499,792
500,503
500,504
500,511
500,512
500,518
500,521
500,525
500,530
500,532
500,534
500,537
500,547
500,556
500,557
500,558
500,559
500,563
500,564
500,574
500,575
500,599
500,623
500,686
500,691
500,702
500,703
500,704
500,705
500,711
500,714
500,721
500,735
500,737
500,738
500,739
500,742
500,743
500,758
500,767
500,771
500,782
500,784
500,785
500,786
500,790
500,795
500,798
500,809
500,810
501,507
501,517
501,569
501,592
501,593
501,595
501,602
501,612
501,626
501,663
501,684
501,694
501,707
501,745
501,753
501,759
501,776
501,781
501,786
501,791
501,797
502,510
502,516
502,529
502,533
502,540
502,793
503,504
503,511
503,512
503,518
503,521
503,525
503,530
503,532
503,534
503,537
503,547
503,556
503,557
503,558
503,559
503,564
503,570
503,573
503,574
503,599
503,617
503,624
503,625
503,641
503,686
503,691
503,702
503,703
503,704
503,714
503,721
503,735
503,737
503,738
503,739
503,742
503,743
503,746
503,758
503,767
503,771
503,782
503,784
503,785
503,790
503,795
503,798
503,809
503,810
504,511
504,512
504,518
504,521
504,525
504,530
504,532
504,534
504,537
504,547
504,556
504,557
504,558
504,559
504,564
504,570
504,574
504,575
504,599
504,617
504,623
504,624
504,625
504,641
504,686
504,691
504,692
504,702
504,703
504,704
504,714
504,721
504,735
504,737
504,738
504,739
504,742
504,743
504,746
504,758
504,767
504,771
504,782
504,784
504,785
504,790
504,795
504,798
504,809
504,810
505,508
505,509
505,524
505,526
505,527
505,589
505,598
505,613
505,628
505,631
505,632
505,635
505,656
505,690
505,701
505,717
505,720
505,740
505,744
505,747
505,762
505,763
505,783
505,792
505,794
505,800
505,801
506,510
506,527
506,597
506,602
506,676
506,707
506,725
506,754
506,786
506,791
507,514
507,528
507,543
507,544
507,569
507,581
507,582
507,591
507,592
507,593
507,595
507,596
507,600
507,604
507,611
507,612
507,643
507,660
507,663
507,669
507,705
507,706
507,707
507,712
507,716
507,725
507,737
507,738
507,745
507,749
507,750
507,751
507,753
507,755
507,759
507,760
507,770
507,774
507,776
507,781
507,786
508,509
508,524
508,526
508,527
508,589
508,598
508,613
508,631
508,632
508,690
508,701
508,717
508,720
508,740
508,744
508,747
508,762
508,763
508,783
508,792
508,794
508,800
508,801
509,524
509,526
509,527
509,538
509,541
509,566
509,589
509,598
509,613
509,618
509,619
509,628
509,631
509,632
509,633
509,635
509,656
509,660
509,667
509,676
509,690
509,701
509,717
509,720
509,740
509,741
509,744
509,747
509,762
509,763
509,783
509,792
509,794
509,800
509,801
510,516
510,529
510,536
510,540
510,793
511,512
511,518
511,521
511,525
511,530
511,537
511,547
511,555
511,556
511,557
511,558
511,559
511,564
511,599
511,616
511,641
511,686
511,691
511,692
511,693
511,694
511,696
511,697
511,702
511,703
511,735
511,738
511,742
511,743
511,745
511,746
511,750
511,751
511,753
511,758
511,767
511,782
511,784
511,785
511,790
511,797
511,798
511,809
511,810
512,518
512,521
512,525
512,530
512,532
512,534
512,547
512,556
512,557
512,558
512,559
512,564
512,570
512,574
512,592
512,599
512,617
512,624
512,686
512,691
512,702
512,703
512,704
512,705
512,714
512,721
512,735
512,737
512,738
512,739
512,742
512,743
512,758
512,767
512,771
512,782
512,784
512,785
512,790
512,795
512,798
512,810
514,517
514,523
514,528
514,536
514,543
514,544
514,546
514,581
514,582
514,591
514,592
514,593
514,596
514,600
514,604
514,608
514,612
514,618
514,626
514,643
514,660
514,669
514,705
514,706
514,712
514,716
514,737
514,738
514,749
514,752
514,755
514,770
514,776
514,788
515,520
515,530
515,534
515,537
515,547
515,557
515,558
515,559
515,563
515,564
515,570
515,573
515,574
515,575
515,617
515,623
515,624
515,625
515,641
515,691
515,692
515,702
515,703
515,704
515,714
515,721
515,739
515,768
515,771
515,795
515,809
516,529
516,540
517,519
517,556
517,569
517,596
517,616
517,684
517,686
517,694
517,696
517,697
517,745
517,788
518,521
518,525
518,530
518,532
518,534
518,537
518,547
518,556
518,557
518,558
518,559
518,564
518,570
518,573
518,574
518,575
518,599
518,617
518,623
518,624
518,625
518,641
518,686
518,691
518,702
518,703
518,704
518,714
518,721
518,735
518,737
518,738
518,739
518,742
518,743
518,746
518,758
518,767
518,771
518,782
518,784
518,785
518,790
518,795
518,798
518,809
518,810
519,569
519,590
519,609
519,651
519,663
519,693
519,694
519,696
519,697
519,700
519,733
519,745
519,751
519,753
519,780
519,797
520,530
520,532
520,534
520,537
520,547
520,557
520,558
520,559
520,563
520,564
520,570
520,573
520,574
520,575
520,576
520,617
520,623
520,624
520,625
520,641
520,691
520,692
520,702
520,703
520,704
520,714
520,721
520,739
520,742
520,768
520,771
520,790
520,795
520,798
520,809
521,525
521,530
521,532
521,534
521,537
521,547
521,556
521,557
521,558
521,559
521,564
521,570
521,573
521,574
521,575
521,599
521,616
521,617
521,623
521,624
521,625
521,641
521,686
521,691
521,692
521,702
521,703
521,704
521,714
521,721
521,735
521,737
521,738
521,739
521,742
521,743
521,746
521,758
521,767
521,771
521,782
521,784
521,785
521,790
521,795
521,798
521,809
521,810
522,801
523,528
523,543
523,544
523,545
523,563
523,600
523,618
523,626
523,660
523,669
523,705
523,706
523,711
523,712
523,768
524,526
524,527
524,589
524,598
524,613
524,618
524,631
524,633
524,635
524,656
524,667
524,674
524,690
524,701
524,717
524,720
524,732
524,740
524,741
524,744
524,747
524,762
524,763
524,783
524,794
524,799
525,530
525,532
525,534
525,537
525,547
525,556
525,557
525,558
525,559
525,564
525,570
525,574
525,575
525,599
525,617
525,624
525,625
525,641
525,686
525,691
525,692
525,702
525,703
525,704
525,714
525,721
525,735
525,737
525,738
525,739
525,742
525,743
525,746
525,758
525,767
525,771
525,782
525,784
525,785
525,790
525,795
525,798
525,809
525,810
526,527
526,541
526,543
526,589
526,598
526,613
526,618
526,631
526,633
526,667
526,690
526,698
526,701
526,717
526,720
526,734
526,740
526,741
526,744
526,762
526,763
526,783
526,794
526,800
526,801
527,589
527,598
527,613
527,619
527,628
527,631
527,632
527,633
527,635
527,656
527,676
527,690
527,698
527,701
527,707
527,717
527,720
527,732
527,740
527,741
527,744
527,747
527,754
527,762
527,763
527,783
527,792
527,794
527,800
527,801
528,536
528,543
528,544
528,581
528,591
528,604
528,618
528,669
528,705
528,716
528,737
528,752
528,755
528,756
528,770
529,533
529,540
529,793
530,532
530,534
530,537
530,545
530,547
530,556
530,557
530,558
530,559
530,563
530,564
530,570
530,573
530,574
530,575
530,576
530,599
530,617
530,623
530,624
530,625
530,641
530,691
530,692
530,702
530,703
530,704
530,705
530,706
530,711
530,713
530,714
530,721
530,735
530,737
530,738
530,739
530,742
530,743
530,767
530,768
530,771
530,782
530,785
530,790
530,795
530,798
530,809
530,810
531,535
531,538
531,543
531,544
531,582
531,598
531,600
531,604
531,628
531,660
531,698
531,699
531,716
531,749
531,752
531,755
531,756
531,770
531,772
531,776
532,534
532,537
532,545
532,547
532,556
532,557
532,558
532,559
532,563
532,564
532,570
532,573
532,574
532,575
532,599
532,617
532,623
532,624
532,625
532,641
532,691
532,692
532,702
532,703
532,704
532,705
532,706
532,711
532,712
532,713
532,714
532,721
532,735
532,737
532,738
532,739
532,742
532,743
532,767
532,768
532,771
532,782
532,785
532,790
532,795
532,809
532,810
533,540
534,537
534,545
534,547
534,556
534,557
534,558
534,559
534,563
534,564
534,570
534,573
534,574
534,575
534,599
534,617
534,623
534,624
534,625
534,641
534,691
534,692
534,702
534,703
534,704
534,705
534,706
534,711
534,713
534,714
534,721
534,735
534,738
534,739
534,742
534,743
534,767
534,768
534,782
534,785
534,790
534,795
534,798
534,809
534,810
535,538
535,585
535,636
535,650
535,748
535,752
536,543
536,578
536,614
536,626
536,648
536,653
536,667
536,788
536,800
537,545
537,547
537,557
537,558
537,559
537,564
537,570
537,573
537,574
537,575
537,599
537,617
537,623
537,624
537,625
537,641
537,691
537,692
537,702
537,703
537,704
537,705
537,711
537,713
537,714
537,721
537,735
537,739
537,742
537,743
537,758
537,767
537,768
537,782
537,785
537,790
537,795
537,809
537,810
537,811
537,815
537,820
538,566
538,585
538,660
538,676
538,716
538,747
538,748
538,775
539,608
539,614
539,626
539,648
539,653
539,667
539,734
539,788
540,566
541,543
541,544
541,566
541,600
541,613
541,619
541,660
541,676
541,688
541,698
541,699
541,715
541,723
541,725
541,752
541,755
541,756
541,769
542,543
542,544
542,566
542,585
542,594
542,598
542,610
542,633
542,654
542,660
542,666
542,698
542,699
542,707
542,716
542,723
542,755
542,756
542,770
542,772
542,773
542,802
543,544
543,566
543,581
543,591
543,595
543,598
543,600
543,608
543,618
543,626
543,628
543,633
543,635
543,648
543,653
543,660
543,667
543,669
543,698
543,699
543,705
543,706
543,707
543,712
543,716
543,734
543,752
543,755
543,756
543,770
543,776
544,545
544,566
544,578
544,582
544,592
544,593
544,595
544,598
544,600
544,604
544,612
544,618
544,626
544,633
544,635
544,660
544,669
544,690
544,698
544,699
544,705
544,706
544,712
544,716
544,725
544,737
544,738
544,749
544,752
544,755
544,756
544,760
544,770
544,772
544,774
544,776
545,547
545,557
545,558
545,559
545,563
545,564
545,570
545,574
545,617
545,624
545,641
545,660
545,692
545,702
545,703
545,704
545,705
545,706
545,711
545,712
545,714
545,721
545,735
545,738
545,739
545,743
545,768
545,782
547,556
547,557
547,558
547,559
547,564
547,570
547,573
547,574
547,575
547,617
547,623
547,624
547,625
547,641
547,691
547,692
547,702
547,703
547,704
547,714
547,721
547,735
547,738
547,739
547,742
547,743
547,767
547,768
547,782
547,785
547,790
547,795
547,809
547,810
555,556
555,569
555,581
555,582
555,590
555,591
555,592
555,593
555,596
555,608
555,611
555,612
555,616
555,629
555,643
555,651
555,663
555,684
555,689
555,693
555,694
555,695
555,696
555,697
555,745
555,746
555,750
555,751
555,753
555,759
555,774
555,776
555,781
555,784
555,786
555,797
556,557
556,558
556,559
556,564
556,590
556,592
556,599
556,616
556,641
556,686
556,691
556,692
556,694
556,702
556,703
556,714
556,721
556,735
556,737
556,738
556,739
556,742
556,743
556,746
556,758
556,767
556,771
556,781
556,782
556,784
556,785
556,790
556,795
556,797
556,798
556,810
557,558
557,559
557,563
557,564
557,570
557,573
557,574
557,575
557,576
557,599
557,617
557,623
557,624
557,625
557,641
557,691
557,692
557,702
557,703
557,704
557,705
557,706
557,711
557,713
557,714
557,721
557,735
557,737
557,738
557,739
557,742
557,743
557,767
557,768
557,771
557,782
557,785
557,790
557,795
557,798
557,809
557,810
558,559
558,563
558,564
558,570
558,573
558,574
558,575
558,576
558,599
558,617
558,623
558,624
558,625
558,641
558,691
558,692
558,702
558,703
558,704
558,705
558,706
558,711
558,713
558,714
558,721
558,735
558,737
558,738
558,739
558,742
558,743
558,758
558,767
558,768
558,771
558,782
558,785
558,790
558,795
558,798
558,809
558,810
559,563
559,564
559,570
559,573
559,574
559,575
559,576
559,599
559,617
559,623
559,624
559,625
559,641
559,691
559,692
559,702
559,703
559,704
559,705
559,706
559,711
559,713
559,714
559,721
559,735
559,738
559,739
559,742
559,743
559,758
559,767
559,768
559,771
559,782
559,785
559,790
559,795
559,798
559,809
559,810
563,564
563,570
563,573
563,574
563,575
563,576
563,599
563,617
563,623
563,624
563,625
563,674
563,691
563,702
563,703
563,704
563,705
563,711
563,714
563,721
563,737
563,738
563,739
563,742
563,743
563,756
563,758
563,768
563,771
563,782
563,790
563,795
564,570
564,573
564,574
564,575
564,599
564,617
564,623
564,624
564,625
564,641
564,691
564,692
564,702
564,703
564,704
564,705
564,706
564,711
564,713
564,714
564,721
564,735
564,737
564,738
564,739
564,742
564,743
564,767
564,768
564,771
564,782
564,785
564,790
564,795
564,798
564,809
564,810
566,585
566,596
566,619
566,649
566,660
566,666
566,676
566,698
566,699
566,707
566,716
566,723
566,752
566,755
566,762
566,770
566,773
569,581
569,582
569,590
569,591
569,592
569,593
569,596
569,604
569,611
569,612
569,616
569,629
569,643
569,651
569,663
569,684
569,689
569,693
569,694
569,695
569,696
569,697
569,700
569,745
569,746
569,750
569,751
569,753
569,759
569,774
569,776
569,781
569,784
569,786
569,797
570,573
570,574
570,575
570,576
570,617
570,623
570,624
570,625
570,641
570,691
570,692
570,702
570,703
570,704
570,705
570,711
570,714
570,721
570,735
570,739
570,742
570,743
570,767
570,768
570,771
570,782
570,790
570,795
570,809
571,578
571,663
571,695
571,733
571,780
573,574
573,575
573,576
573,617
573,623
573,624
573,625
573,641
573,691
573,692
573,702
573,703
573,704
573,711
573,714
573,721
573,735
573,739
573,742
573,767
573,768
573,771
573,782
573,785
573,790
573,795
573,809
574,575
574,576
574,617
574,623
574,624
574,625
574,641
574,691
574,692
574,702
574,703
574,704
574,705
574,711
574,714
574,721
574,735
574,739
574,742
574,743
574,767
574,768
574,771
574,782
574,785
574,790
574,795
574,809
574,810
575,576
575,617
575,623
575,624
575,625
575,641
575,691
575,692
575,702
575,703
575,704
575,705
575,711
575,714
575,721
575,735
575,739
575,742
575,767
575,768
575,771
575,782
575,790
575,795
575,809
576,617
576,623
576,624
576,625
576,691
576,703
576,738
576,768
576,782
576,795
577,591
577,605
577,698
577,755
577,770
577,776
577,802
577,803
578,697
578,700
578,760
579,580
579,583
579,585
579,594
579,597
579,614
579,619
579,636
579,652
579,666
579,723
579,752
579,773
580,583
580,585
580,594
580,619
580,652
580,666
580,773
580,775
580,789
581,582
581,590
581,591
581,593
581,604
581,608
581,611
581,612
581,626
581,643
581,663
581,669
581,712
581,737
581,745
581,749
581,750
581,751
581,753
581,774
581,776
581,797
582,590
582,591
582,592
582,593
582,596
582,600
582,604
582,605
582,608
582,611
582,612
582,616
582,629
582,643
582,651
582,663
582,669
582,684
582,689
582,693
582,694
582,699
582,706
582,712
582,716
582,737
582,738
582,745
582,746
582,749
582,750
582,751
582,753
582,755
582,760
582,770
582,772
582,774
582,776
582,781
582,786
582,797
582,803
583,585
583,594
583,619
583,636
583,649
583,650
583,652
583,653
583,666
583,723
583,748
583,773
583,775
585,594
585,610
585,614
585,619
585,636
585,649
585,650
585,652
585,653
585,654
585,666
585,698
585,723
585,748
585,773
585,775
585,789
589,598
589,610
589,613
589,619
589,628
589,631
589,632
589,633
589,635
589,656
589,667
589,690
589,698
589,701
589,717
589,720
589,732
589,734
589,740
589,741
589,744
589,747
589,762
589,763
589,783
589,792
589,794
589,800
589,801
590,591
590,592
590,593
590,596
590,608
590,611
590,612
590,616
590,629
590,643
590,651
590,663
590,684
590,689
590,693
590,694
590,696
590,697
590,745
590,746
590,750
590,751
590,753
590,759
590,774
590,776
590,781
590,784
590,797
591,592
591,593
591,600
591,604
591,605
591,608
591,611
591,612
591,626
591,629
591,643
591,663
591,669
591,684
591,689
591,694
591,706
591,712
591,737
591,745
591,746
591,749
591,750
591,751
591,753
591,770
591,774
591,776
591,788
591,797
592,593
592,596
592,600
592,604
592,608
592,612
592,616
592,629
592,643
592,660
592,669
592,694
592,706
592,707
592,712
592,735
592,737
592,738
592,745
592,746
592,749
592,751
592,753
592,759
592,774
592,776
592,781
592,786
592,797
593,595
593,596
593,597
593,600
593,604
593,605
593,611
593,612
593,616
593,626
593,629
593,643
593,660
593,669
593,684
593,689
593,693
593,694
593,706
593,712
593,737
593,738
593,745
593,746
593,749
593,750
593,751
593,753
593,755
593,759
593,760
593,770
593,774
593,776
593,781
593,786
593,797
594,619
594,652
594,654
594,666
594,698
594,723
594,773
595,597
595,600
595,601
595,602
595,660
595,669
595,676
595,707
595,723
595,759
595,769
595,791
596,600
596,608
596,611
596,612
596,616
596,626
596,629
596,643
596,651
596,660
596,663
596,669
596,684
596,689
596,693
596,694
596,712
596,735
596,737
596,738
596,745
596,746
596,750
596,751
596,753
596,776
596,781
596,786
596,797
597,602
597,650
597,752
597,769
598,604
598,613
598,618
598,628
598,631
598,632
598,633
598,635
598,660
598,690
598,698
598,701
598,716
598,717
598,720
598,740
598,741
598,744
598,747
598,749
598,755
598,756
598,762
598,763
598,770
598,772
598,774
598,783
598,792
598,794
598,800
598,801
598,802
598,803
599,641
599,691
599,702
599,703
599,704
599,705
599,711
599,714
599,721
599,735
599,737
599,738
599,739
599,742
599,743
599,758
599,767
599,768
599,771
599,782
599,785
599,790
599,810
600,604
600,608
600,612
600,618
600,629
600,633
600,635
600,643
600,660
600,669
600,684
600,699
600,705
600,706
600,711
600,712
600,716
600,737
600,738
600,749
600,752
600,755
600,770
600,774
600,776
600,781
600,786
601,602
602,626
602,707
602,723
602,747
602,754
602,769
602,786
602,791
604,612
604,629
604,633
604,635
604,643
604,660
604,669
604,689
604,706
604,712
604,716
604,737
604,738
604,745
604,749
604,751
604,755
604,770
604,772
604,774
604,776
604,781
604,802
604,803
605,698
605,699
605,776
608,611
608,626
608,663
608,669
608,693
608,694
608,706
608,712
608,745
608,746
608,751
608,753
608,776
608,781
608,786
609,696
609,780
609,805
610,614
610,619
610,628
610,631
610,636
610,666
610,717
610,744
610,762
610,773
610,792
611,612
611,616
611,629
611,643
611,651
611,663
611,684
611,689
611,693
611,694
611,745
611,746
611,750
611,751
611,753
611,759
611,774
611,776
611,781
611,784
611,797
612,616
612,629
612,643
612,660
612,663
612,669
612,684
612,689
612,693
612,694
612,706
612,712
612,716
612,737
612,738
612,745
612,746
612,749
612,750
612,751
612,753
612,755
612,760
612,770
612,774
612,776
612,781
612,797
612,802
612,803
613,618
613,628
613,631
613,633
613,635
613,656
613,667
613,688
613,690
613,701
613,717
613,720
613,732
613,734
613,740
613,741
613,744
613,747
613,762
613,763
613,783
613,794
613,800
613,801
614,619
614,648
614,653
614,667
614,734
614,756
614,788
614,800
616,629
616,643
616,651
616,663
616,684
616,689
616,691
616,693
616,694
616,696
616,697
616,735
616,745
616,746
616,750
616,751
616,753
616,759
616,774
616,781
616,784
616,786
616,797
617,623
617,624
617,625
617,641
617,691
617,692
617,702
617,703
617,704
617,705
617,711
617,714
617,721
617,735
617,739
617,742
617,767
617,768
617,771
617,782
617,785
617,790
617,795
617,809
617,810
618,633
618,635
618,656
618,660
618,667
618,669
618,674
618,690
618,701
618,706
618,712
618,716
618,720
618,732
618,734
618,740
618,741
618,744
618,752
618,755
618,756
618,770
618,799
619,631
619,632
619,636
619,649
619,652
619,666
619,676
619,698
619,723
619,744
619,762
619,763
619,773
619,792
619,794
623,624
623,625
623,641
623,691
623,692
623,702
623,703
623,704
623,711
623,714
623,721
623,739
623,742
623,743
623,758
623,767
623,768
623,771
623,782
623,790
623,795
623,809
624,625
624,641
624,691
624,692
624,702
624,703
624,704
624,705
624,711
624,714
624,721
624,735
624,739
624,742
624,767
624,768
624,771
624,782
624,790
624,795
624,809
624,810
625,641
625,691
625,692
625,702
625,703
625,704
625,711
625,714
625,721
625,735
625,739
625,742
625,758
625,767
625,768
625,771
625,782
625,790
625,795
625,809
626,629
626,648
626,669
626,705
626,706
626,712
626,734
626,788
628,631
628,633
628,635
628,654
628,660
628,690
628,716
628,717
628,720
628,744
628,752
628,755
628,760
628,762
628,763
628,770
628,783
628,792
628,794
629,684
629,689
629,745
629,746
629,750
629,751
629,753
629,774
629,776
629,781
629,786
629,797
631,632
631,635
631,690
631,698
631,701
631,717
631,720
631,734
631,740
631,744
631,762
631,763
631,783
631,792
631,794
631,799
631,800
631,801
632,676
632,698
632,707
632,717
632,744
632,747
632,754
632,762
632,763
632,783
632,792
632,794
633,635
633,656
633,660
633,667
633,674
633,690
633,698
633,701
633,716
633,717
633,720
633,732
633,734
633,740
633,741
633,744
633,752
633,755
633,756
633,760
633,762
633,763
633,770
633,772
633,783
633,794
633,799
633,802
635,656
635,660
635,667
635,674
635,690
635,701
635,707
635,717
635,720
635,732
635,734
635,740
635,741
635,744
635,752
635,755
635,756
635,762
635,763
635,770
635,783
635,794
635,799
636,648
636,649
636,650
636,652
636,653
636,666
636,752
636,773
636,775
636,789
641,686
641,691
641,692
641,702
641,703
641,704
641,714
641,721
641,739
641,742
641,743
641,767
641,768
641,771
641,782
641,790
641,795
641,798
641,809
641,810
643,651
643,663
643,669
643,684
643,689
643,693
643,694
643,737
643,738
643,745
643,746
643,749
643,750
643,751
643,753
643,759
643,760
643,774
643,776
643,781
643,797
648,652
648,653
648,666
648,667
648,734
648,788
648,800
649,650
649,652
649,666
649,698
649,773
650,652
650,666
650,723
650,773
651,663
651,684
651,689
651,693
651,694
651,696
651,697
651,733
651,745
651,746
651,750
651,751
651,753
651,759
651,776
651,780
651,781
651,797
651,804
652,653
652,666
652,698
652,723
652,754
652,769
652,773
652,775
652,789
653,666
653,734
653,756
653,773
653,775
653,788
653,800
654,666
654,698
654,699
654,707
654,716
654,755
654,770
654,773
656,667
656,674
656,701
656,717
656,720
656,732
656,734
656,740
656,741
656,744
656,747
656,762
656,763
656,783
656,794
656,799
660,669
660,690
660,698
660,699
660,705
660,706
660,707
660,712
660,716
660,723
660,725
660,737
660,738
660,749
660,752
660,755
660,756
660,760
660,770
660,772
660,776
663,669
663,684
663,689
663,693
663,694
663,697
663,733
663,745
663,746
663,750
663,751
663,753
663,759
663,776
663,781
663,788
663,797
663,804
663,807
666,698
666,723
666,748
666,773
666,775
666,789
667,674
667,690
667,701
667,717
667,720
667,732
667,734
667,740
667,741
667,744
667,762
667,763
667,783
667,788
667,794
667,799
667,800
669,705
669,706
669,712
669,716
669,737
669,738
669,749
669,755
669,756
669,759
669,760
669,770
669,774
669,776
669,788
674,701
674,720
674,732
674,734
674,740
674,741
674,799
676,698
676,699
676,707
676,725
676,747
676,769
676,773
676,791
684,689
684,693
684,694
684,696
684,697
684,745
684,746
684,750
684,751
684,753
684,759
684,774
684,776
684,781
684,784
684,786
684,797
684,804
685,760
685,772
686,691
686,692
686,694
686,696
686,697
686,735
686,738
686,742
686,743
686,758
686,767
686,782
686,785
686,790
686,798
686,809
686,810
687,688
689,693
689,694
689,745
689,746
689,750
689,751
689,753
689,759
689,774
689,776
689,781
689,797
690,716
690,717
690,720
690,744
690,747
690,752
690,755
690,760
690,762
690,763
690,770
690,783
690,792
690,794
690,800
690,801
691,692
691,702
691,703
691,714
691,721
691,735
691,737
691,738
691,739
691,742
691,743
691,758
691,767
691,768
691,771
691,782
691,784
691,785
691,790
691,795
691,798
691,809
691,810
692,702
692,703
692,704
692,714
692,721
692,735
692,739
692,742
692,743
692,767
692,768
692,771
692,782
692,790
692,795
692,798
692,809
693,694
693,695
693,696
693,697
693,700
693,745
693,746
693,750
693,751
693,753
693,759
693,776
693,781
693,797
694,696
694,697
694,733
694,745
694,746
694,750
694,751
694,753
694,759
694,774
694,776
694,780
694,781
694,784
694,786
694,797
694,804
694,807
694,811
694,815
695,700
695,760
696,697
696,733
696,745
696,746
696,750
696,751
696,753
696,759
696,780
696,781
696,784
696,785
696,786
696,788
696,793
696,797
696,804
696,807
696,815
697,733
697,745
697,746
697,750
697,751
697,753
697,759
697,781
697,797
697,804
697,807
697,813
697,815
698,699
698,707
698,716
698,717
698,723
698,741
698,744
698,755
698,762
698,763
698,770
698,794
699,716
699,725
699,752
699,755
699,756
699,770
699,773
700,788
701,717
701,720
701,732
701,734
701,740
701,741
701,744
701,747
701,762
701,763
701,783
701,792
701,794
701,799
702,703
702,704
702,705
702,706
702,711
702,713
702,714
702,721
702,735
702,738
702,739
702,742
702,743
702,758
702,767
702,768
702,771
702,782
702,784
702,785
702,790
702,795
702,798
702,809
702,810
703,704
703,705
703,706
703,711
703,713
703,714
703,721
703,735
703,738
703,739
703,742
703,743
703,758
703,767
703,768
703,771
703,782
703,785
703,790
703,795
703,798
703,809
703,810
704,705
704,706
704,711
704,712
704,713
704,714
704,721
704,735
704,737
704,738
704,739
704,742
704,743
704,758
704,767
704,768
704,771
704,782
704,790
704,795
704,809
705,706
705,711
705,712
705,713
705,714
705,721
705,735
705,737
705,738
705,739
705,742
705,743
705,767
705,768
705,771
705,782
705,790
706,711
706,712
706,713
706,714
706,716
706,721
706,738
706,739
706,749
706,770
706,776
706,782
707,723
707,754
707,769
707,786
707,791
711,712
711,713
711,714
711,721
711,735
711,737
711,738
711,739
711,742
711,743
711,768
711,771
711,782
711,795
712,714
712,716
712,721
712,738
712,749
712,770
712,774
712,776
712,782
712,788
713,714
713,721
713,739
713,745
713,746
713,751
713,781
713,804
713,805
713,807
713,808
713,810
713,811
713,812
713,813
713,815
713,816
713,817
713,820
714,721
714,735
714,738
714,739
714,742
714,743
714,758
714,767
714,768
714,771
714,782
714,785
714,790
714,795
714,809
714,810
716,725
716,749
716,752
716,755
716,756
716,770
716,772
716,774
716,776
716,802
717,720
717,740
717,741
717,744
717,747
717,762
717,763
717,783
717,792
717,794
717,799
717,800
717,801
720,732
720,734
720,740
720,741
720,744
720,762
720,763
720,783
720,794
720,799
721,735
721,737
721,738
721,739
721,742
721,743
721,758
721,767
721,768
721,771
721,782
721,785
721,790
721,795
721,798
721,809
721,810
723,769
723,773
725,752
725,754
725,755
725,773
732,734
732,740
732,741
732,744
732,747
732,762
732,763
732,794
732,799
733,759
733,780
733,804
734,740
734,741
734,756
734,763
734,799
734,800
735,737
735,738
735,739
735,742
735,743
735,746
735,758
735,767
735,771
735,781
735,782
735,784
735,785
735,786
735,790
735,795
735,798
735,810
737,738
737,742
737,743
737,749
737,755
737,758
737,767
737,770
737,771
737,774
737,776
737,782
737,785
737,786
737,790
738,739
738,742
738,743
738,749
738,755
738,758
738,767
738,771
738,772
738,774
738,776
738,782
738,784
738,785
738,786
738,790
738,798
738,810
739,742
739,743
739,758
739,767
739,768
739,771
739,782
739,785
739,790
739,795
739,809
739,810
740,741
740,744
740,747
740,762
740,763
740,783
740,794
740,799
741,744
741,762
741,763
741,783
741,794
741,799
742,743
742,758
742,767
742,768
742,771
742,782
742,785
742,790
742,795
742,809
742,810
743,758
743,767
743,768
743,771
743,782
743,785
743,790
743,795
743,809
744,747
744,755
744,762
744,763
744,783
744,792
744,794
744,799
744,800
744,801
745,746
745,750
745,751
745,753
745,759
745,774
745,776
745,781
745,784
745,786
745,797
745,804
745,811
746,750
746,751
746,753
746,759
746,774
746,776
746,781
746,784
746,785
746,786
746,797
746,804
746,811
747,754
747,762
747,763
747,769
747,783
747,794
748,773
749,755
749,770
749,772
749,774
749,776
750,751
750,753
750,774
750,776
750,781
750,784
750,786
750,797
751,753
751,759
751,774
751,776
751,781
751,784
751,786
751,797
751,804
751,811
752,754
752,755
752,756
752,769
752,770
753,759
753,774
753,776
753,781
753,786
753,797
753,804
754,755
754,769
754,786
755,756
755,760
755,770
755,772
755,774
755,776
755,802
755,803
756,770
756,772
758,767
758,771
758,782
758,784
758,785
758,790
758,798
759,780
759,781
759,797
759,804
760,770
760,776
762,763
762,783
762,792
762,794
762,800
762,801
763,783
763,792
763,794
763,799
763,800
763,801
767,768
767,771
767,782
767,785
767,790
767,795
767,809
767,810
768,771
768,790
768,795
768,809
769,786
770,772
770,774
770,776
770,802
770,803
771,782
771,785
771,790
771,795
772,774
772,802
773,775
773,789
774,776
774,781
774,782
774,784
774,797
774,802
774,803
775,783
775,789
775,792
775,793
775,794
775,800
776,781
776,786
776,797
780,781
780,788
780,789
780,792
780,793
780,797
780,804
780,805
780,807
781,784
781,786
781,793
781,797
781,804
781,807
781,811
782,784
782,785
782,790
782,795
782,798
782,802
782,803
782,809
782,810
783,789
783,792
783,793
783,794
783,799
783,800
783,801
784,785
784,786
784,790
784,797
784,798
784,810
785,790
785,795
785,797
785,798
785,809
785,810
786,791
786,797
788,789
788,800
789,791
789,792
789,793
789,794
789,800
790,795
790,809
790,810
791,792
791,793
792,793
792,794
792,799
792,800
792,801
792,802
792,808
793,794
793,801
793,805
794,799
794,800
794,801
794,802
794,808
795,809
795,810
797,804
797,810
797,811
798,809
798,810
799,801
800,801
800,802
800,808
801,802
801,803
801,804
801,805
801,807
801,808
801,817
801,820
802,803
802,804
802,805
802,807
802,808
803,804
803,805
803,807
803,808
803,811
804,805
804,807
804,808
804,810
804,811
804,812
804,813
804,815
804,816
804,817
804,820
805,807
805,808
805,810
805,811
805,812
805,813
805,815
805,816
805,817
805,820
807,808
807,809
807,810
807,811
807,813
807,815
807,816
807,817
807,820
808,810
808,811
808,812
808,813
808,815
808,816
808,817
808,820
809,810
809,811
809,815
810,811
810,812
810,813
810,815
810,816
810,817
810,820
811,812
811,813
811,815
811,816
811,817
811,820
812,813
812,815
812,816
812,817
812,820
813,815
813,816
813,817
813,820
815,816
815,817
815,820
816,817
816,820
817,820
