"from","to","weight"
"Markus FERBER (DEU-EPP)","Peter LIESE (DEU-EPP)",1
"Markus FERBER (DEU-EPP)","José Manuel GARCÍA-MARGALLO Y MARFIL (ESP-EPP)",1
"Markus FERBER (DEU-EPP)","Rainer WIELAND (DEU-EPP)",1
"Markus FERBER (DEU-EPP)","Michael GAHLER (DEU-EPP)",1
"Markus FERBER (DEU-EPP)","Angelika NIEBLER (DEU-EPP)",1
"Markus FERBER (DEU-EPP)","Daniel CASPARY (DEU-EPP)",1
"Markus FERBER (DEU-EPP)","Andreas SCHWAB (DEU-EPP)",1
"Markus FERBER (DEU-EPP)","Markus PIEPER (DEU-EPP)",1
"Markus FERBER (DEU-EPP)","Christian EHLER (DEU-EPP)",1
"Markus FERBER (DEU-EPP)","Manfred WEBER (DEU-EPP)",1
"Markus FERBER (DEU-EPP)","Jan OLBRYCHT (POL-EPP)",1
"Markus FERBER (DEU-EPP)","Ljudmila NOVAK (SVN-EPP)",1
"Markus FERBER (DEU-EPP)","Antonio LÓPEZ-ISTÚRIZ WHITE (ESP-EPP)",1
"Markus FERBER (DEU-EPP)","Francisco José MILLÁN MON (ESP-EPP)",1
"Markus FERBER (DEU-EPP)","Marian-Jean MARINESCU (ROU-EPP)",1
"Markus FERBER (DEU-EPP)","Cristian-Silviu BUŞOI (ROU-EPP)",1
"Markus FERBER (DEU-EPP)","Jeroen LENAERS (NLD-EPP)",1
"Markus FERBER (DEU-EPP)","Sabine VERHEYEN (DEU-EPP)",1
"Markus FERBER (DEU-EPP)","Axel VOSS (DEU-EPP)",1
"Markus FERBER (DEU-EPP)","Peter JAHR (DEU-EPP)",1
"Markus FERBER (DEU-EPP)","Monika HOHLMEIER (DEU-EPP)",1
"Markus FERBER (DEU-EPP)","Herbert DORFMANN (ITA-EPP)",1
"Markus FERBER (DEU-EPP)","Pablo ARIAS ECHEVERRÍA (ESP-EPP)",1
"Markus FERBER (DEU-EPP)","Gabriel MATO (ESP-EPP)",1
"Markus FERBER (DEU-EPP)","Andrey KOVATCHEV (BGR-EPP)",1
"Markus FERBER (DEU-EPP)","Lena DÜPONT (DEU-EPP)",1
"Markus FERBER (DEU-EPP)","Andrey NOVAKOV (BGR-EPP)",1
"Markus FERBER (DEU-EPP)","Tomáš ZDECHOVSKÝ (CZE-EPP)",1
"Markus FERBER (DEU-EPP)","Siegfried MUREŞAN (ROU-EPP)",1
"Markus FERBER (DEU-EPP)","David McALLISTER (DEU-EPP)",1
"Markus FERBER (DEU-EPP)","Jens GIESEKE (DEU-EPP)",1
"Markus FERBER (DEU-EPP)","Norbert LINS (DEU-EPP)",1
"Markus FERBER (DEU-EPP)","Franc BOGOVIČ (SVN-EPP)",1
"Markus FERBER (DEU-EPP)","Daniel BUDA (ROU-EPP)",1
"Markus FERBER (DEU-EPP)","Dennis RADTKE (DEU-EPP)",1
"Markus FERBER (DEU-EPP)","Asim ADEMOV (BGR-EPP)",1
"Markus FERBER (DEU-EPP)","Lukas MANDL (AUT-EPP)",1
"Markus FERBER (DEU-EPP)","Hildegard BENTELE (DEU-EPP)",1
"Markus FERBER (DEU-EPP)","Stefan BERGER (DEU-EPP)",1
"Markus FERBER (DEU-EPP)","Niclas HERBST (DEU-EPP)",1
"Markus FERBER (DEU-EPP)","Christine SCHNEIDER (DEU-EPP)",1
"Markus FERBER (DEU-EPP)","Ralf SEEKATZ (DEU-EPP)",1
"Markus FERBER (DEU-EPP)","Sven SIMON (DEU-EPP)",1
"Markus FERBER (DEU-EPP)","Marlene MORTLER (DEU-EPP)",1
"Markus FERBER (DEU-EPP)","Marion WALSMANN (DEU-EPP)",1
"Markus FERBER (DEU-EPP)","Christian DOLESCHAL (DEU-EPP)",1
"Markus FERBER (DEU-EPP)","Jarosław DUDA (POL-EPP)",1
"Markus FERBER (DEU-EPP)","Tomasz FRANKOWSKI (POL-EPP)",1
"Markus FERBER (DEU-EPP)","Pernille WEISS (DNK-EPP)",1
"Markus FERBER (DEU-EPP)","Adam JARUBAS (POL-EPP)",1
"Markus FERBER (DEU-EPP)","Javier ZARZALEJOS (ESP-EPP)",1
"Markus FERBER (DEU-EPP)","Mircea-Gheorghe HAVA (ROU-EPP)",1
"Markus FERBER (DEU-EPP)","Traian BĂSESCU (ROU-EPP)",1
"Markus FERBER (DEU-EPP)","Isabel BENJUMEA BENJUMEA (ESP-EPP)",1
"Markus FERBER (DEU-EPP)","Tom BERENDSEN (NLD-EPP)",1
"Markus FERBER (DEU-EPP)","Aušra SEIBUTYTĖ (LTU-EPP)",1
"Markus FERBER (DEU-EPP)","Liudas MAŽYLIS (LTU-EPP)",1
"Markus FERBER (DEU-EPP)","Andrius KUBILIUS (LTU-EPP)",1
"Markus FERBER (DEU-EPP)","Riho TERRAS (EST-EPP)",1
"Peter LIESE (DEU-EPP)","Rainer WIELAND (DEU-EPP)",1
"Peter LIESE (DEU-EPP)","Michael GAHLER (DEU-EPP)",1
"Peter LIESE (DEU-EPP)","Angelika NIEBLER (DEU-EPP)",1
"Peter LIESE (DEU-EPP)","Janusz LEWANDOWSKI (POL-EPP)",1
"Peter LIESE (DEU-EPP)","Daniel CASPARY (DEU-EPP)",1
"Peter LIESE (DEU-EPP)","Andreas SCHWAB (DEU-EPP)",1
"Peter LIESE (DEU-EPP)","Manfred WEBER (DEU-EPP)",1
"Peter LIESE (DEU-EPP)","Jerzy BUZEK (POL-EPP)",1
"Peter LIESE (DEU-EPP)","Jan OLBRYCHT (POL-EPP)",1
"Peter LIESE (DEU-EPP)","Ljudmila NOVAK (SVN-EPP)",1
"Peter LIESE (DEU-EPP)","Marian-Jean MARINESCU (ROU-EPP)",1
"Peter LIESE (DEU-EPP)","Cristian-Silviu BUŞOI (ROU-EPP)",1
"Peter LIESE (DEU-EPP)","Iuliu WINKLER (ROU-EPP)",1
"Peter LIESE (DEU-EPP)","Sabine VERHEYEN (DEU-EPP)",1
"Peter LIESE (DEU-EPP)","Axel VOSS (DEU-EPP)",1
"Peter LIESE (DEU-EPP)","Peter JAHR (DEU-EPP)",1
"Peter LIESE (DEU-EPP)","Herbert DORFMANN (ITA-EPP)",1
"Peter LIESE (DEU-EPP)","Andrey KOVATCHEV (BGR-EPP)",1
"Peter LIESE (DEU-EPP)","Siegfried MUREŞAN (ROU-EPP)",1
"Peter LIESE (DEU-EPP)","David McALLISTER (DEU-EPP)",1
"Peter LIESE (DEU-EPP)","Norbert LINS (DEU-EPP)",1
"Peter LIESE (DEU-EPP)","Franc BOGOVIČ (SVN-EPP)",1
"Peter LIESE (DEU-EPP)","Daniel BUDA (ROU-EPP)",1
"Peter LIESE (DEU-EPP)","Dennis RADTKE (DEU-EPP)",1
"Peter LIESE (DEU-EPP)","Lukas MANDL (AUT-EPP)",1
"Peter LIESE (DEU-EPP)","Hildegard BENTELE (DEU-EPP)",1
"Peter LIESE (DEU-EPP)","Niclas HERBST (DEU-EPP)",1
"Peter LIESE (DEU-EPP)","Christine SCHNEIDER (DEU-EPP)",1
"Peter LIESE (DEU-EPP)","Ralf SEEKATZ (DEU-EPP)",1
"Peter LIESE (DEU-EPP)","Marlene MORTLER (DEU-EPP)",1
"Peter LIESE (DEU-EPP)","Marion WALSMANN (DEU-EPP)",1
"Peter LIESE (DEU-EPP)","Christian DOLESCHAL (DEU-EPP)",1
"Peter LIESE (DEU-EPP)","Adam JARUBAS (POL-EPP)",1
"Peter LIESE (DEU-EPP)","Mircea-Gheorghe HAVA (ROU-EPP)",1
"Peter LIESE (DEU-EPP)","Dan-Ştefan MOTREANU (ROU-EPP)",1
"Peter LIESE (DEU-EPP)","Angelika WINZIG (AUT-EPP)",1
"Peter LIESE (DEU-EPP)","Lídia PEREIRA (PRT-EPP)",1
"Peter LIESE (DEU-EPP)","Aušra SEIBUTYTĖ (LTU-EPP)",1
"Peter LIESE (DEU-EPP)","Liudas MAŽYLIS (LTU-EPP)",1
"Peter LIESE (DEU-EPP)","Andrius KUBILIUS (LTU-EPP)",1
"José Manuel GARCÍA-MARGALLO Y MARFIL (ESP-EPP)","Rainer WIELAND (DEU-EPP)",1
"José Manuel GARCÍA-MARGALLO Y MARFIL (ESP-EPP)","Angelika NIEBLER (DEU-EPP)",1
"José Manuel GARCÍA-MARGALLO Y MARFIL (ESP-EPP)","Andreas SCHWAB (DEU-EPP)",1
"José Manuel GARCÍA-MARGALLO Y MARFIL (ESP-EPP)","Manfred WEBER (DEU-EPP)",1
"José Manuel GARCÍA-MARGALLO Y MARFIL (ESP-EPP)","Pilar del CASTILLO VERA (ESP-EPP)",1
"José Manuel GARCÍA-MARGALLO Y MARFIL (ESP-EPP)","Antonio LÓPEZ-ISTÚRIZ WHITE (ESP-EPP)",1
"José Manuel GARCÍA-MARGALLO Y MARFIL (ESP-EPP)","Francisco José MILLÁN MON (ESP-EPP)",1
"José Manuel GARCÍA-MARGALLO Y MARFIL (ESP-EPP)","Cristian-Silviu BUŞOI (ROU-EPP)",1
"José Manuel GARCÍA-MARGALLO Y MARFIL (ESP-EPP)","Sabine VERHEYEN (DEU-EPP)",1
"José Manuel GARCÍA-MARGALLO Y MARFIL (ESP-EPP)","Axel VOSS (DEU-EPP)",1
"José Manuel GARCÍA-MARGALLO Y MARFIL (ESP-EPP)","Pablo ARIAS ECHEVERRÍA (ESP-EPP)",1
"José Manuel GARCÍA-MARGALLO Y MARFIL (ESP-EPP)","Gabriel MATO (ESP-EPP)",1
"José Manuel GARCÍA-MARGALLO Y MARFIL (ESP-EPP)","Andrey KOVATCHEV (BGR-EPP)",1
"José Manuel GARCÍA-MARGALLO Y MARFIL (ESP-EPP)","Lena DÜPONT (DEU-EPP)",1
"José Manuel GARCÍA-MARGALLO Y MARFIL (ESP-EPP)","David McALLISTER (DEU-EPP)",1
"José Manuel GARCÍA-MARGALLO Y MARFIL (ESP-EPP)","Jens GIESEKE (DEU-EPP)",1
"José Manuel GARCÍA-MARGALLO Y MARFIL (ESP-EPP)","Norbert LINS (DEU-EPP)",1
"José Manuel GARCÍA-MARGALLO Y MARFIL (ESP-EPP)","Emil RADEV (BGR-EPP)",1
"José Manuel GARCÍA-MARGALLO Y MARFIL (ESP-EPP)","Franc BOGOVIČ (SVN-EPP)",1
"José Manuel GARCÍA-MARGALLO Y MARFIL (ESP-EPP)","Hildegard BENTELE (DEU-EPP)",1
"José Manuel GARCÍA-MARGALLO Y MARFIL (ESP-EPP)","Niclas HERBST (DEU-EPP)",1
"José Manuel GARCÍA-MARGALLO Y MARFIL (ESP-EPP)","Christine SCHNEIDER (DEU-EPP)",1
"José Manuel GARCÍA-MARGALLO Y MARFIL (ESP-EPP)","Ralf SEEKATZ (DEU-EPP)",1
"José Manuel GARCÍA-MARGALLO Y MARFIL (ESP-EPP)","Marion WALSMANN (DEU-EPP)",1
"José Manuel GARCÍA-MARGALLO Y MARFIL (ESP-EPP)","Christian DOLESCHAL (DEU-EPP)",1
"José Manuel GARCÍA-MARGALLO Y MARFIL (ESP-EPP)","Adam JARUBAS (POL-EPP)",1
"José Manuel GARCÍA-MARGALLO Y MARFIL (ESP-EPP)","Javier ZARZALEJOS (ESP-EPP)",1
"José Manuel GARCÍA-MARGALLO Y MARFIL (ESP-EPP)","Juan Ignacio ZOIDO ÁLVAREZ (ESP-EPP)",1
"José Manuel GARCÍA-MARGALLO Y MARFIL (ESP-EPP)","Mircea-Gheorghe HAVA (ROU-EPP)",1
"José Manuel GARCÍA-MARGALLO Y MARFIL (ESP-EPP)","Isabel BENJUMEA BENJUMEA (ESP-EPP)",1
"José Manuel GARCÍA-MARGALLO Y MARFIL (ESP-EPP)","Dolors MONTSERRAT (ESP-EPP)",1
"José Manuel GARCÍA-MARGALLO Y MARFIL (ESP-EPP)","Leopoldo LÓPEZ GIL (ESP-EPP)",1
"Rainer WIELAND (DEU-EPP)","Michael GAHLER (DEU-EPP)",1
"Rainer WIELAND (DEU-EPP)","Angelika NIEBLER (DEU-EPP)",1
"Rainer WIELAND (DEU-EPP)","Antonius MANDERS (NLD-EPP)",1
"Rainer WIELAND (DEU-EPP)","Daniel CASPARY (DEU-EPP)",1
"Rainer WIELAND (DEU-EPP)","Andreas SCHWAB (DEU-EPP)",1
"Rainer WIELAND (DEU-EPP)","Markus PIEPER (DEU-EPP)",1
"Rainer WIELAND (DEU-EPP)","Christian EHLER (DEU-EPP)",1
"Rainer WIELAND (DEU-EPP)","Manfred WEBER (DEU-EPP)",1
"Rainer WIELAND (DEU-EPP)","Jan OLBRYCHT (POL-EPP)",1
"Rainer WIELAND (DEU-EPP)","Ljudmila NOVAK (SVN-EPP)",1
"Rainer WIELAND (DEU-EPP)","Antonio LÓPEZ-ISTÚRIZ WHITE (ESP-EPP)",1
"Rainer WIELAND (DEU-EPP)","Francisco José MILLÁN MON (ESP-EPP)",1
"Rainer WIELAND (DEU-EPP)","Marian-Jean MARINESCU (ROU-EPP)",1
"Rainer WIELAND (DEU-EPP)","Jeroen LENAERS (NLD-EPP)",1
"Rainer WIELAND (DEU-EPP)","Sabine VERHEYEN (DEU-EPP)",1
"Rainer WIELAND (DEU-EPP)","Axel VOSS (DEU-EPP)",1
"Rainer WIELAND (DEU-EPP)","Jarosław KALINOWSKI (POL-EPP)",1
"Rainer WIELAND (DEU-EPP)","Peter JAHR (DEU-EPP)",1
"Rainer WIELAND (DEU-EPP)","Monika HOHLMEIER (DEU-EPP)",1
"Rainer WIELAND (DEU-EPP)","Herbert DORFMANN (ITA-EPP)",1
"Rainer WIELAND (DEU-EPP)","Pablo ARIAS ECHEVERRÍA (ESP-EPP)",1
"Rainer WIELAND (DEU-EPP)","Sandra KALNIETE (LVA-EPP)",1
"Rainer WIELAND (DEU-EPP)","Andrey KOVATCHEV (BGR-EPP)",1
"Rainer WIELAND (DEU-EPP)","Loránt VINCZE (ROU-EPP)",1
"Rainer WIELAND (DEU-EPP)","Lena DÜPONT (DEU-EPP)",1
"Rainer WIELAND (DEU-EPP)","Tomáš ZDECHOVSKÝ (CZE-EPP)",1
"Rainer WIELAND (DEU-EPP)","Siegfried MUREŞAN (ROU-EPP)",1
"Rainer WIELAND (DEU-EPP)","David McALLISTER (DEU-EPP)",1
"Rainer WIELAND (DEU-EPP)","Jens GIESEKE (DEU-EPP)",1
"Rainer WIELAND (DEU-EPP)","Norbert LINS (DEU-EPP)",1
"Rainer WIELAND (DEU-EPP)","Franc BOGOVIČ (SVN-EPP)",1
"Rainer WIELAND (DEU-EPP)","Daniel BUDA (ROU-EPP)",1
"Rainer WIELAND (DEU-EPP)","Dennis RADTKE (DEU-EPP)",1
"Rainer WIELAND (DEU-EPP)","Asim ADEMOV (BGR-EPP)",1
"Rainer WIELAND (DEU-EPP)","Lukas MANDL (AUT-EPP)",1
"Rainer WIELAND (DEU-EPP)","Hildegard BENTELE (DEU-EPP)",1
"Rainer WIELAND (DEU-EPP)","Stefan BERGER (DEU-EPP)",1
"Rainer WIELAND (DEU-EPP)","Niclas HERBST (DEU-EPP)",1
"Rainer WIELAND (DEU-EPP)","Christine SCHNEIDER (DEU-EPP)",1
"Rainer WIELAND (DEU-EPP)","Ralf SEEKATZ (DEU-EPP)",1
"Rainer WIELAND (DEU-EPP)","Sven SIMON (DEU-EPP)",1
"Rainer WIELAND (DEU-EPP)","Marlene MORTLER (DEU-EPP)",1
"Rainer WIELAND (DEU-EPP)","Marion WALSMANN (DEU-EPP)",1
"Rainer WIELAND (DEU-EPP)","Christian DOLESCHAL (DEU-EPP)",1
"Rainer WIELAND (DEU-EPP)","Jarosław DUDA (POL-EPP)",1
"Rainer WIELAND (DEU-EPP)","Tomasz FRANKOWSKI (POL-EPP)",1
"Rainer WIELAND (DEU-EPP)","Pernille WEISS (DNK-EPP)",1
"Rainer WIELAND (DEU-EPP)","Adam JARUBAS (POL-EPP)",1
"Rainer WIELAND (DEU-EPP)","Javier ZARZALEJOS (ESP-EPP)",1
"Rainer WIELAND (DEU-EPP)","Juan Ignacio ZOIDO ÁLVAREZ (ESP-EPP)",1
"Rainer WIELAND (DEU-EPP)","Vasile BLAGA (ROU-EPP)",1
"Rainer WIELAND (DEU-EPP)","Mircea-Gheorghe HAVA (ROU-EPP)",1
"Rainer WIELAND (DEU-EPP)","Angelika WINZIG (AUT-EPP)",1
"Rainer WIELAND (DEU-EPP)","Barbara THALER (AUT-EPP)",1
"Rainer WIELAND (DEU-EPP)","Traian BĂSESCU (ROU-EPP)",1
"Rainer WIELAND (DEU-EPP)","Leopoldo LÓPEZ GIL (ESP-EPP)",1
"Rainer WIELAND (DEU-EPP)","Tom BERENDSEN (NLD-EPP)",1
"Rainer WIELAND (DEU-EPP)","Aušra SEIBUTYTĖ (LTU-EPP)",1
"Rainer WIELAND (DEU-EPP)","Alexander ALEXANDROV YORDANOV (BGR-EPP)",1
"Rainer WIELAND (DEU-EPP)","Rasa JUKNEVIČIENĖ (LTU-EPP)",1
"Rainer WIELAND (DEU-EPP)","Liudas MAŽYLIS (LTU-EPP)",1
"Rainer WIELAND (DEU-EPP)","Andrius KUBILIUS (LTU-EPP)",1
"Rainer WIELAND (DEU-EPP)","Riho TERRAS (EST-EPP)",1
"Michael GAHLER (DEU-EPP)","Angelika NIEBLER (DEU-EPP)",1
"Michael GAHLER (DEU-EPP)","Janusz LEWANDOWSKI (POL-EPP)",1
"Michael GAHLER (DEU-EPP)","Daniel CASPARY (DEU-EPP)",1
"Michael GAHLER (DEU-EPP)","Andreas SCHWAB (DEU-EPP)",1
"Michael GAHLER (DEU-EPP)","Christian EHLER (DEU-EPP)",1
"Michael GAHLER (DEU-EPP)","Manfred WEBER (DEU-EPP)",1
"Michael GAHLER (DEU-EPP)","Jan OLBRYCHT (POL-EPP)",1
"Michael GAHLER (DEU-EPP)","Ljudmila NOVAK (SVN-EPP)",1
"Michael GAHLER (DEU-EPP)","Antonio LÓPEZ-ISTÚRIZ WHITE (ESP-EPP)",1
"Michael GAHLER (DEU-EPP)","Francisco José MILLÁN MON (ESP-EPP)",1
"Michael GAHLER (DEU-EPP)","Inese VAIDERE (LVA-EPP)",1
"Michael GAHLER (DEU-EPP)","Marian-Jean MARINESCU (ROU-EPP)",1
"Michael GAHLER (DEU-EPP)","Jeroen LENAERS (NLD-EPP)",1
"Michael GAHLER (DEU-EPP)","Sabine VERHEYEN (DEU-EPP)",1
"Michael GAHLER (DEU-EPP)","Axel VOSS (DEU-EPP)",1
"Michael GAHLER (DEU-EPP)","Peter JAHR (DEU-EPP)",1
"Michael GAHLER (DEU-EPP)","Monika HOHLMEIER (DEU-EPP)",1
"Michael GAHLER (DEU-EPP)","Herbert DORFMANN (ITA-EPP)",1
"Michael GAHLER (DEU-EPP)","Pablo ARIAS ECHEVERRÍA (ESP-EPP)",1
"Michael GAHLER (DEU-EPP)","Rosa ESTARÀS FERRAGUT (ESP-EPP)",1
"Michael GAHLER (DEU-EPP)","Sandra KALNIETE (LVA-EPP)",1
"Michael GAHLER (DEU-EPP)","Andrey KOVATCHEV (BGR-EPP)",1
"Michael GAHLER (DEU-EPP)","Lena DÜPONT (DEU-EPP)",1
"Michael GAHLER (DEU-EPP)","Henna VIRKKUNEN (FIN-EPP)",1
"Michael GAHLER (DEU-EPP)","Siegfried MUREŞAN (ROU-EPP)",1
"Michael GAHLER (DEU-EPP)","David McALLISTER (DEU-EPP)",1
"Michael GAHLER (DEU-EPP)","Jens GIESEKE (DEU-EPP)",1
"Michael GAHLER (DEU-EPP)","Norbert LINS (DEU-EPP)",1
"Michael GAHLER (DEU-EPP)","Franc BOGOVIČ (SVN-EPP)",1
"Michael GAHLER (DEU-EPP)","Daniel BUDA (ROU-EPP)",1
"Michael GAHLER (DEU-EPP)","Dennis RADTKE (DEU-EPP)",1
"Michael GAHLER (DEU-EPP)","Lukas MANDL (AUT-EPP)",1
"Michael GAHLER (DEU-EPP)","Hildegard BENTELE (DEU-EPP)",1
"Michael GAHLER (DEU-EPP)","Niclas HERBST (DEU-EPP)",1
"Michael GAHLER (DEU-EPP)","Christine SCHNEIDER (DEU-EPP)",1
"Michael GAHLER (DEU-EPP)","Ralf SEEKATZ (DEU-EPP)",1
"Michael GAHLER (DEU-EPP)","Sven SIMON (DEU-EPP)",1
"Michael GAHLER (DEU-EPP)","Marlene MORTLER (DEU-EPP)",1
"Michael GAHLER (DEU-EPP)","Marion WALSMANN (DEU-EPP)",1
"Michael GAHLER (DEU-EPP)","Christian DOLESCHAL (DEU-EPP)",1
"Michael GAHLER (DEU-EPP)","Jarosław DUDA (POL-EPP)",1
"Michael GAHLER (DEU-EPP)","Javier ZARZALEJOS (ESP-EPP)",1
"Michael GAHLER (DEU-EPP)","Juan Ignacio ZOIDO ÁLVAREZ (ESP-EPP)",1
"Michael GAHLER (DEU-EPP)","Mircea-Gheorghe HAVA (ROU-EPP)",1
"Michael GAHLER (DEU-EPP)","Angelika WINZIG (AUT-EPP)",1
"Michael GAHLER (DEU-EPP)","Traian BĂSESCU (ROU-EPP)",1
"Michael GAHLER (DEU-EPP)","Leopoldo LÓPEZ GIL (ESP-EPP)",1
"Michael GAHLER (DEU-EPP)","Tom BERENDSEN (NLD-EPP)",1
"Michael GAHLER (DEU-EPP)","Aušra SEIBUTYTĖ (LTU-EPP)",1
"Michael GAHLER (DEU-EPP)","Liudas MAŽYLIS (LTU-EPP)",1
"Michael GAHLER (DEU-EPP)","Andrius KUBILIUS (LTU-EPP)",1
"Michael GAHLER (DEU-EPP)","Christian SAGARTZ (AUT-EPP)",1
"Othmar KARAS (AUT-EPP)","Ljudmila NOVAK (SVN-EPP)",1
"Othmar KARAS (AUT-EPP)","Herbert DORFMANN (ITA-EPP)",1
"Othmar KARAS (AUT-EPP)","Andrey KOVATCHEV (BGR-EPP)",1
"Othmar KARAS (AUT-EPP)","Željana ZOVKO (HRV-EPP)",1
"Othmar KARAS (AUT-EPP)","Angelika WINZIG (AUT-EPP)",1
"Othmar KARAS (AUT-EPP)","Aušra SEIBUTYTĖ (LTU-EPP)",1
"Othmar KARAS (AUT-EPP)","Liudas MAŽYLIS (LTU-EPP)",1
"Frédérique RIES (BEL-RENEW)","Lefteris CHRISTOFOROU (CYP-EPP)",1
"Frédérique RIES (BEL-RENEW)","Michal ŠIMEČKA (SVK-RENEW)",1
"Frédérique RIES (BEL-RENEW)","Simona BONAFÈ (ITA-SD)",1
"Frédérique RIES (BEL-RENEW)","Christophe HANSEN (LUX-EPP)",1
"Frédérique RIES (BEL-RENEW)","Agnès EVREN (FRA-EPP)",1
"Frédérique RIES (BEL-RENEW)","Pierfrancesco MAJORINO (ITA-SD)",1
"Frédérique RIES (BEL-RENEW)","Sira REGO (ESP-GUE_NGL)",1
"Frédérique RIES (BEL-RENEW)","Stelios KYMPOUROPOULOS (GRC-EPP)",1
"Frédérique RIES (BEL-RENEW)","Álvaro AMARO (PRT-EPP)",1
"Angelika NIEBLER (DEU-EPP)","Antonius MANDERS (NLD-EPP)",1
"Angelika NIEBLER (DEU-EPP)","Daniel CASPARY (DEU-EPP)",1
"Angelika NIEBLER (DEU-EPP)","Andreas SCHWAB (DEU-EPP)",1
"Angelika NIEBLER (DEU-EPP)","Markus PIEPER (DEU-EPP)",1
"Angelika NIEBLER (DEU-EPP)","Christian EHLER (DEU-EPP)",1
"Angelika NIEBLER (DEU-EPP)","Manfred WEBER (DEU-EPP)",1
"Angelika NIEBLER (DEU-EPP)","Jan OLBRYCHT (POL-EPP)",1
"Angelika NIEBLER (DEU-EPP)","Ljudmila NOVAK (SVN-EPP)",1
"Angelika NIEBLER (DEU-EPP)","Antonio LÓPEZ-ISTÚRIZ WHITE (ESP-EPP)",1
"Angelika NIEBLER (DEU-EPP)","Francisco José MILLÁN MON (ESP-EPP)",1
"Angelika NIEBLER (DEU-EPP)","Marian-Jean MARINESCU (ROU-EPP)",1
"Angelika NIEBLER (DEU-EPP)","Jeroen LENAERS (NLD-EPP)",1
"Angelika NIEBLER (DEU-EPP)","Sabine VERHEYEN (DEU-EPP)",1
"Angelika NIEBLER (DEU-EPP)","Axel VOSS (DEU-EPP)",1
"Angelika NIEBLER (DEU-EPP)","Jarosław KALINOWSKI (POL-EPP)",1
"Angelika NIEBLER (DEU-EPP)","Peter JAHR (DEU-EPP)",1
"Angelika NIEBLER (DEU-EPP)","Monika HOHLMEIER (DEU-EPP)",1
"Angelika NIEBLER (DEU-EPP)","Herbert DORFMANN (ITA-EPP)",1
"Angelika NIEBLER (DEU-EPP)","Pablo ARIAS ECHEVERRÍA (ESP-EPP)",1
"Angelika NIEBLER (DEU-EPP)","Gabriel MATO (ESP-EPP)",1
"Angelika NIEBLER (DEU-EPP)","Andrey KOVATCHEV (BGR-EPP)",1
"Angelika NIEBLER (DEU-EPP)","Loránt VINCZE (ROU-EPP)",1
"Angelika NIEBLER (DEU-EPP)","Lena DÜPONT (DEU-EPP)",1
"Angelika NIEBLER (DEU-EPP)","Andrey NOVAKOV (BGR-EPP)",1
"Angelika NIEBLER (DEU-EPP)","Tomáš ZDECHOVSKÝ (CZE-EPP)",1
"Angelika NIEBLER (DEU-EPP)","Siegfried MUREŞAN (ROU-EPP)",1
"Angelika NIEBLER (DEU-EPP)","David McALLISTER (DEU-EPP)",1
"Angelika NIEBLER (DEU-EPP)","Jens GIESEKE (DEU-EPP)",1
"Angelika NIEBLER (DEU-EPP)","Norbert LINS (DEU-EPP)",1
"Angelika NIEBLER (DEU-EPP)","Ivan ŠTEFANEC (SVK-EPP)",1
"Angelika NIEBLER (DEU-EPP)","Franc BOGOVIČ (SVN-EPP)",1
"Angelika NIEBLER (DEU-EPP)","Daniel BUDA (ROU-EPP)",1
"Angelika NIEBLER (DEU-EPP)","Asim ADEMOV (BGR-EPP)",1
"Angelika NIEBLER (DEU-EPP)","Lukas MANDL (AUT-EPP)",1
"Angelika NIEBLER (DEU-EPP)","Hildegard BENTELE (DEU-EPP)",1
"Angelika NIEBLER (DEU-EPP)","Stefan BERGER (DEU-EPP)",1
"Angelika NIEBLER (DEU-EPP)","Niclas HERBST (DEU-EPP)",1
"Angelika NIEBLER (DEU-EPP)","Karlo RESSLER (HRV-EPP)",1
"Angelika NIEBLER (DEU-EPP)","Christine SCHNEIDER (DEU-EPP)",1
"Angelika NIEBLER (DEU-EPP)","Ralf SEEKATZ (DEU-EPP)",1
"Angelika NIEBLER (DEU-EPP)","Sven SIMON (DEU-EPP)",1
"Angelika NIEBLER (DEU-EPP)","Marlene MORTLER (DEU-EPP)",1
"Angelika NIEBLER (DEU-EPP)","Marion WALSMANN (DEU-EPP)",1
"Angelika NIEBLER (DEU-EPP)","Christian DOLESCHAL (DEU-EPP)",1
"Angelika NIEBLER (DEU-EPP)","Jarosław DUDA (POL-EPP)",1
"Angelika NIEBLER (DEU-EPP)","Tomasz FRANKOWSKI (POL-EPP)",1
"Angelika NIEBLER (DEU-EPP)","Pernille WEISS (DNK-EPP)",1
"Angelika NIEBLER (DEU-EPP)","Adam JARUBAS (POL-EPP)",1
"Angelika NIEBLER (DEU-EPP)","Javier ZARZALEJOS (ESP-EPP)",1
"Angelika NIEBLER (DEU-EPP)","Juan Ignacio ZOIDO ÁLVAREZ (ESP-EPP)",1
"Angelika NIEBLER (DEU-EPP)","Mircea-Gheorghe HAVA (ROU-EPP)",1
"Angelika NIEBLER (DEU-EPP)","Angelika WINZIG (AUT-EPP)",1
"Angelika NIEBLER (DEU-EPP)","Isabel BENJUMEA BENJUMEA (ESP-EPP)",1
"Angelika NIEBLER (DEU-EPP)","Dolors MONTSERRAT (ESP-EPP)",1
"Angelika NIEBLER (DEU-EPP)","Tom BERENDSEN (NLD-EPP)",1
"Angelika NIEBLER (DEU-EPP)","Aušra SEIBUTYTĖ (LTU-EPP)",1
"Angelika NIEBLER (DEU-EPP)","Alexander ALEXANDROV YORDANOV (BGR-EPP)",1
"Angelika NIEBLER (DEU-EPP)","Liudas MAŽYLIS (LTU-EPP)",1
"Angelika NIEBLER (DEU-EPP)","Andrius KUBILIUS (LTU-EPP)",1
"Angelika NIEBLER (DEU-EPP)","Salvatore DE MEO (ITA-EPP)",1
"Angelika NIEBLER (DEU-EPP)","Riho TERRAS (EST-EPP)",1
"Antonius MANDERS (NLD-EPP)","Jan OLBRYCHT (POL-EPP)",1
"Antonius MANDERS (NLD-EPP)","Ljudmila NOVAK (SVN-EPP)",1
"Antonius MANDERS (NLD-EPP)","Jeroen LENAERS (NLD-EPP)",1
"Antonius MANDERS (NLD-EPP)","Sabine VERHEYEN (DEU-EPP)",1
"Antonius MANDERS (NLD-EPP)","Herbert DORFMANN (ITA-EPP)",1
"Antonius MANDERS (NLD-EPP)","Siegfried MUREŞAN (ROU-EPP)",1
"Antonius MANDERS (NLD-EPP)","Norbert LINS (DEU-EPP)",1
"Antonius MANDERS (NLD-EPP)","Franc BOGOVIČ (SVN-EPP)",1
"Antonius MANDERS (NLD-EPP)","Lukas MANDL (AUT-EPP)",1
"Antonius MANDERS (NLD-EPP)","Ralf SEEKATZ (DEU-EPP)",1
"Antonius MANDERS (NLD-EPP)","Marion WALSMANN (DEU-EPP)",1
"Antonius MANDERS (NLD-EPP)","Tom BERENDSEN (NLD-EPP)",1
"Antonius MANDERS (NLD-EPP)","Aušra SEIBUTYTĖ (LTU-EPP)",1
"Antonius MANDERS (NLD-EPP)","Liudas MAŽYLIS (LTU-EPP)",1
"Antonius MANDERS (NLD-EPP)","Andrius KUBILIUS (LTU-EPP)",1
"Sergio BERLATO (ITA-ECR)","Jan ZAHRADIL (CZE-ECR)",1
"Sergio BERLATO (ITA-ECR)","Adam BIELAN (POL-ECR)",1
"Sergio BERLATO (ITA-ECR)","Jacek SARYUSZ-WOLSKI (POL-ECR)",1
"Sergio BERLATO (ITA-ECR)","Anna FOTYGA (POL-ECR)",1
"Sergio BERLATO (ITA-ECR)","Ryszard CZARNECKI (POL-ECR)",1
"Sergio BERLATO (ITA-ECR)","Zbigniew KUŹMIUK (POL-ECR)",1
"Sergio BERLATO (ITA-ECR)","Roberts ZĪLE (LVA-ECR)",1
"Sergio BERLATO (ITA-ECR)","Marco CAMPOMENOSI (ITA-ID)",1
"Sergio BERLATO (ITA-ECR)","Catherine GRISET (FRA-ID)",1
"Sergio BERLATO (ITA-ECR)","Waldemar TOMASZEWSKI (LTU-ECR)",1
"Sergio BERLATO (ITA-ECR)","Evžen TOŠENOVSKÝ (CZE-ECR)",1
"Sergio BERLATO (ITA-ECR)","Ryszard Antoni LEGUTKO (POL-ECR)",1
"Sergio BERLATO (ITA-ECR)","Tomasz Piotr PORĘBA (POL-ECR)",1
"Sergio BERLATO (ITA-ECR)","Carlo FIDANZA (ITA-ECR)",1
"Sergio BERLATO (ITA-ECR)","Gabriel MATO (ESP-EPP)",1
"Sergio BERLATO (ITA-ECR)","Alessandro PANZA (ITA-ID)",1
"Sergio BERLATO (ITA-ECR)","Paolo BORCHIA (ITA-ID)",1
"Sergio BERLATO (ITA-ECR)","Ondřej KOVAŘÍK (CZE-RENEW)",1
"Sergio BERLATO (ITA-ECR)","Michaela ŠOJDROVÁ (CZE-EPP)",1
"Sergio BERLATO (ITA-ECR)","Tomáš ZDECHOVSKÝ (CZE-EPP)",1
"Sergio BERLATO (ITA-ECR)","György HÖLVÉNYI (HUN-EPP)",1
"Sergio BERLATO (ITA-ECR)","Gilles LEBRETON (FRA-ID)",1
"Sergio BERLATO (ITA-ECR)","Nicolas BAY (FRA-ID)",1
"Sergio BERLATO (ITA-ECR)","Dominique BILDE (FRA-ID)",1
"Sergio BERLATO (ITA-ECR)","Marco ZANNI (ITA-ID)",1
"Sergio BERLATO (ITA-ECR)","Angel DZHAMBAZKI (BGR-ECR)",1
"Sergio BERLATO (ITA-ECR)","Jadwiga WIŚNIEWSKA (POL-ECR)",1
"Sergio BERLATO (ITA-ECR)","Kosma ZŁOTOWSKI (POL-ECR)",1
"Sergio BERLATO (ITA-ECR)","Karol KARSKI (POL-ECR)",1
"Sergio BERLATO (ITA-ECR)","Zdzisław KRASNODĘBSKI (POL-ECR)",1
"Sergio BERLATO (ITA-ECR)","Ivan ŠTEFANEC (SVK-EPP)",1
"Sergio BERLATO (ITA-ECR)","Gerolf ANNEMANS (BEL-ID)",1
"Sergio BERLATO (ITA-ECR)","Annika BRUNA (FRA-ID)",1
"Sergio BERLATO (ITA-ECR)","Angelo CIOCCA (ITA-ID)",1
"Sergio BERLATO (ITA-ECR)","Tom VANDENDRIESSCHE (BEL-ID)",1
"Sergio BERLATO (ITA-ECR)","France JAMET (FRA-ID)",1
"Sergio BERLATO (ITA-ECR)","Jörg MEUTHEN (DEU-ID)",1
"Sergio BERLATO (ITA-ECR)","Danilo Oscar LANCINI (ITA-ID)",1
"Sergio BERLATO (ITA-ECR)","Geert BOURGEOIS (BEL-ECR)",1
"Sergio BERLATO (ITA-ECR)","Assita KANKO (BEL-ECR)",1
"Sergio BERLATO (ITA-ECR)","Filip DE MAN (BEL-ID)",1
"Sergio BERLATO (ITA-ECR)","Lars Patrick BERG (DEU-ECR)",1
"Sergio BERLATO (ITA-ECR)","Joachim Stanisław BRUDZIŃSKI (POL-ECR)",1
"Sergio BERLATO (ITA-ECR)","Patryk JAKI (POL-ECR)",1
"Sergio BERLATO (ITA-ECR)","Krzysztof JURGIEL (POL-ECR)",1
"Sergio BERLATO (ITA-ECR)","Beata KEMPA (POL-ECR)",1
"Sergio BERLATO (ITA-ECR)","Izabela-Helena KLOC (POL-ECR)",1
"Sergio BERLATO (ITA-ECR)","Ondřej KNOTEK (CZE-RENEW)",1
"Sergio BERLATO (ITA-ECR)","Joanna KOPCIŃSKA (POL-ECR)",1
"Sergio BERLATO (ITA-ECR)","Elżbieta KRUK (POL-ECR)",1
"Sergio BERLATO (ITA-ECR)","François-Xavier BELLAMY (FRA-EPP)",1
"Sergio BERLATO (ITA-ECR)","Alexandr VONDRA (CZE-ECR)",1
"Sergio BERLATO (ITA-ECR)","Beata MAZUREK (POL-ECR)",1
"Sergio BERLATO (ITA-ECR)","Andżelika Anna MOŻDŻANOWSKA (POL-ECR)",1
"Sergio BERLATO (ITA-ECR)","Elżbieta RAFALSKA (POL-ECR)",1
"Sergio BERLATO (ITA-ECR)","Bogdan RZOŃCA (POL-ECR)",1
"Sergio BERLATO (ITA-ECR)","Veronika VRECIONOVÁ (CZE-ECR)",1
"Sergio BERLATO (ITA-ECR)","Beata SZYDŁO (POL-ECR)",1
"Sergio BERLATO (ITA-ECR)","Grzegorz TOBISZOWSKI (POL-ECR)",1
"Sergio BERLATO (ITA-ECR)","Witold Jan WASZCZYKOWSKI (POL-ECR)",1
"Sergio BERLATO (ITA-ECR)","Anna ZALEWSKA (POL-ECR)",1
"Sergio BERLATO (ITA-ECR)","Silvia SARDONE (ITA-ID)",1
"Sergio BERLATO (ITA-ECR)","Isabella TOVAGLIERI (ITA-ID)",1
"Sergio BERLATO (ITA-ECR)","Gianna GANCIA (ITA-ID)",1
"Sergio BERLATO (ITA-ECR)","Stefania ZAMBELLI (ITA-ID)",1
"Sergio BERLATO (ITA-ECR)","Pietro FIOCCHI (ITA-ECR)",1
"Sergio BERLATO (ITA-ECR)","Gianantonio DA RE (ITA-ID)",1
"Sergio BERLATO (ITA-ECR)","Alessandra BASSO (ITA-ID)",1
"Sergio BERLATO (ITA-ECR)","Elena LIZZI (ITA-ID)",1
"Sergio BERLATO (ITA-ECR)","Rosanna CONTE (ITA-ID)",1
"Sergio BERLATO (ITA-ECR)","Thierry MARIANI (FRA-ID)",1
"Sergio BERLATO (ITA-ECR)","Hervé JUVIN (FRA-ID)",1
"Sergio BERLATO (ITA-ECR)","Virginie JORON (FRA-ID)",1
"Sergio BERLATO (ITA-ECR)","Jean-Paul GARRAUD (FRA-ID)",1
"Sergio BERLATO (ITA-ECR)","Cristian TERHEŞ (ROU-ECR)",1
"Sergio BERLATO (ITA-ECR)","Aurélia BEIGNEUX (FRA-ID)",1
"Sergio BERLATO (ITA-ECR)","André ROUGÉ (FRA-ID)",1
"Sergio BERLATO (ITA-ECR)","Mathilde ANDROUËT (FRA-ID)",1
"Sergio BERLATO (ITA-ECR)","Bert-Jan RUISSEN (NLD-ECR)",1
"Sergio BERLATO (ITA-ECR)","Susanna CECCARDI (ITA-ID)",1
"Sergio BERLATO (ITA-ECR)","Antonio Maria RINALDI (ITA-ID)",1
"Sergio BERLATO (ITA-ECR)","Valentino GRANT (ITA-ID)",1
"Sergio BERLATO (ITA-ECR)","Annalisa TARDINO (ITA-ID)",1
"Sergio BERLATO (ITA-ECR)","Nicola PROCACCINI (ITA-ECR)",1
"Sergio BERLATO (ITA-ECR)","Giuseppe MILAZZO (ITA-ECR)",1
"Sergio BERLATO (ITA-ECR)","Raffaele STANCANELLI (ITA-ECR)",1
"Sergio BERLATO (ITA-ECR)","Matteo ADINOLFI (ITA-ID)",1
"Sergio BERLATO (ITA-ECR)","Jorge BUXADÉ VILLALBA (ESP-ECR)",1
"Sergio BERLATO (ITA-ECR)","Hermann TERTSCH (ESP-ECR)",1
"Sergio BERLATO (ITA-ECR)","Andrey SLABAKOV (BGR-ECR)",1
"Sergio BERLATO (ITA-ECR)","Mazaly AGUILAR (ESP-ECR)",1
"Sergio BERLATO (ITA-ECR)","Emmanouil FRAGKOS (GRC-ECR)",1
"Sergio BERLATO (ITA-ECR)","Vincenzo SOFO (ITA-ECR)",1
"Sergio BERLATO (ITA-ECR)","Miriam LEXMANN (SVK-EPP)",1
"Sergio BERLATO (ITA-ECR)","Dominik TARCZYŃSKI (POL-ECR)",1
"Sergio BERLATO (ITA-ECR)","Margarita DE LA PISA CARRIÓN (ESP-ECR)",1
"Sergio BERLATO (ITA-ECR)","Jean-Lin LACAPELLE (FRA-ID)",1
"Sergio BERLATO (ITA-ECR)","Michiel HOOGEVEEN (NLD-ECR)",1
"Sergio BERLATO (ITA-ECR)","Ladislav ILČIĆ (HRV-ECR)",1
"Lara WOLTERS (NLD-SD)","Yannick JADOT (FRA-GREEN_EFA)",1
"Lara WOLTERS (NLD-SD)","Ismail ERTUG (DEU-SD)",1
"Lara WOLTERS (NLD-SD)","Michal ŠIMEČKA (SVK-RENEW)",1
"Lara WOLTERS (NLD-SD)","Eric ANDRIEU (FRA-SD)",1
"Lara WOLTERS (NLD-SD)","Eleonora EVI (ITA-GREEN_EFA)",1
"Lara WOLTERS (NLD-SD)","Ernest URTASUN (ESP-GREEN_EFA)",1
"Lara WOLTERS (NLD-SD)","Christophe HANSEN (LUX-EPP)",1
"Lara WOLTERS (NLD-SD)","Michael BLOSS (DEU-GREEN_EFA)",1
"Lara WOLTERS (NLD-SD)","Pierfrancesco MAJORINO (ITA-SD)",1
"Lara WOLTERS (NLD-SD)","Véronique TRILLET-LENOIR (FRA-RENEW)",1
"Lara WOLTERS (NLD-SD)","Adriana MALDONADO LÓPEZ (ESP-SD)",1
"Lara WOLTERS (NLD-SD)","Álvaro AMARO (PRT-EPP)",1
"Brice HORTEFEUX (FRA-EPP)","Anne SANDER (FRA-EPP)",1
"Brice HORTEFEUX (FRA-EPP)","Nadine MORANO (FRA-EPP)",1
"Brice HORTEFEUX (FRA-EPP)","Arnaud DANJEAN (FRA-EPP)",1
"Brice HORTEFEUX (FRA-EPP)","Geoffroy DIDIER (FRA-EPP)",1
"Brice HORTEFEUX (FRA-EPP)","François-Xavier BELLAMY (FRA-EPP)",1
"Brice HORTEFEUX (FRA-EPP)","Nathalie COLIN-OESTERLÉ (FRA-EPP)",1
"Jan ZAHRADIL (CZE-ECR)","Adam BIELAN (POL-ECR)",1
"Jan ZAHRADIL (CZE-ECR)","Jacek SARYUSZ-WOLSKI (POL-ECR)",1
"Jan ZAHRADIL (CZE-ECR)","Anna FOTYGA (POL-ECR)",1
"Jan ZAHRADIL (CZE-ECR)","Ryszard CZARNECKI (POL-ECR)",1
"Jan ZAHRADIL (CZE-ECR)","Marco CAMPOMENOSI (ITA-ID)",1
"Jan ZAHRADIL (CZE-ECR)","Evžen TOŠENOVSKÝ (CZE-ECR)",1
"Jan ZAHRADIL (CZE-ECR)","Ryszard Antoni LEGUTKO (POL-ECR)",1
"Jan ZAHRADIL (CZE-ECR)","Tomasz Piotr PORĘBA (POL-ECR)",1
"Jan ZAHRADIL (CZE-ECR)","Carlo FIDANZA (ITA-ECR)",1
"Jan ZAHRADIL (CZE-ECR)","Angel DZHAMBAZKI (BGR-ECR)",1
"Jan ZAHRADIL (CZE-ECR)","Jadwiga WIŚNIEWSKA (POL-ECR)",1
"Jan ZAHRADIL (CZE-ECR)","Kosma ZŁOTOWSKI (POL-ECR)",1
"Jan ZAHRADIL (CZE-ECR)","Karol KARSKI (POL-ECR)",1
"Jan ZAHRADIL (CZE-ECR)","Zdzisław KRASNODĘBSKI (POL-ECR)",1
"Jan ZAHRADIL (CZE-ECR)","Peter LUNDGREN (SWE-ECR)",1
"Jan ZAHRADIL (CZE-ECR)","Johan VAN OVERTVELDT (BEL-ECR)",1
"Jan ZAHRADIL (CZE-ECR)","Jörg MEUTHEN (DEU-ID)",1
"Jan ZAHRADIL (CZE-ECR)","Sara SKYTTEDAL (SWE-EPP)",1
"Jan ZAHRADIL (CZE-ECR)","Abir AL-SAHLANI (SWE-RENEW)",1
"Jan ZAHRADIL (CZE-ECR)","Arba KOKALARI (SWE-EPP)",1
"Jan ZAHRADIL (CZE-ECR)","Engin EROGLU (DEU-RENEW)",1
"Jan ZAHRADIL (CZE-ECR)","Geert BOURGEOIS (BEL-ECR)",1
"Jan ZAHRADIL (CZE-ECR)","Assita KANKO (BEL-ECR)",1
"Jan ZAHRADIL (CZE-ECR)","Joachim Stanisław BRUDZIŃSKI (POL-ECR)",1
"Jan ZAHRADIL (CZE-ECR)","Patryk JAKI (POL-ECR)",1
"Jan ZAHRADIL (CZE-ECR)","Krzysztof JURGIEL (POL-ECR)",1
"Jan ZAHRADIL (CZE-ECR)","Beata KEMPA (POL-ECR)",1
"Jan ZAHRADIL (CZE-ECR)","Izabela-Helena KLOC (POL-ECR)",1
"Jan ZAHRADIL (CZE-ECR)","Joanna KOPCIŃSKA (POL-ECR)",1
"Jan ZAHRADIL (CZE-ECR)","Elżbieta KRUK (POL-ECR)",1
"Jan ZAHRADIL (CZE-ECR)","Alexandr VONDRA (CZE-ECR)",1
"Jan ZAHRADIL (CZE-ECR)","Beata MAZUREK (POL-ECR)",1
"Jan ZAHRADIL (CZE-ECR)","Andżelika Anna MOŻDŻANOWSKA (POL-ECR)",1
"Jan ZAHRADIL (CZE-ECR)","Elżbieta RAFALSKA (POL-ECR)",1
"Jan ZAHRADIL (CZE-ECR)","Bogdan RZOŃCA (POL-ECR)",1
"Jan ZAHRADIL (CZE-ECR)","Veronika VRECIONOVÁ (CZE-ECR)",1
"Jan ZAHRADIL (CZE-ECR)","Beata SZYDŁO (POL-ECR)",1
"Jan ZAHRADIL (CZE-ECR)","Grzegorz TOBISZOWSKI (POL-ECR)",1
"Jan ZAHRADIL (CZE-ECR)","Witold Jan WASZCZYKOWSKI (POL-ECR)",1
"Jan ZAHRADIL (CZE-ECR)","Anna ZALEWSKA (POL-ECR)",1
"Jan ZAHRADIL (CZE-ECR)","Stefania ZAMBELLI (ITA-ID)",1
"Jan ZAHRADIL (CZE-ECR)","Pietro FIOCCHI (ITA-ECR)",1
"Jan ZAHRADIL (CZE-ECR)","Elena LIZZI (ITA-ID)",1
"Jan ZAHRADIL (CZE-ECR)","Rosanna CONTE (ITA-ID)",1
"Jan ZAHRADIL (CZE-ECR)","Robert ROOS (NLD-ECR)",1
"Jan ZAHRADIL (CZE-ECR)","Eugen JURZYCA (SVK-ECR)",1
"Jan ZAHRADIL (CZE-ECR)","Bert-Jan RUISSEN (NLD-ECR)",1
"Jan ZAHRADIL (CZE-ECR)","Rob ROOKEN (NLD-ECR)",1
"Jan ZAHRADIL (CZE-ECR)","Susanna CECCARDI (ITA-ID)",1
"Jan ZAHRADIL (CZE-ECR)","Antonio Maria RINALDI (ITA-ID)",1
"Jan ZAHRADIL (CZE-ECR)","Nicola PROCACCINI (ITA-ECR)",1
"Jan ZAHRADIL (CZE-ECR)","Mazaly AGUILAR (ESP-ECR)",1
"Jan ZAHRADIL (CZE-ECR)","Vincenzo SOFO (ITA-ECR)",1
"Jan ZAHRADIL (CZE-ECR)","Dominik TARCZYŃSKI (POL-ECR)",1
"Jan ZAHRADIL (CZE-ECR)","Margarita DE LA PISA CARRIÓN (ESP-ECR)",1
"Jan ZAHRADIL (CZE-ECR)","Michiel HOOGEVEEN (NLD-ECR)",1
"Janusz LEWANDOWSKI (POL-EPP)","Manfred WEBER (DEU-EPP)",1
"Janusz LEWANDOWSKI (POL-EPP)","Jan OLBRYCHT (POL-EPP)",1
"Janusz LEWANDOWSKI (POL-EPP)","Ljudmila NOVAK (SVN-EPP)",1
"Janusz LEWANDOWSKI (POL-EPP)","Iuliu WINKLER (ROU-EPP)",1
"Janusz LEWANDOWSKI (POL-EPP)","Jarosław KALINOWSKI (POL-EPP)",1
"Janusz LEWANDOWSKI (POL-EPP)","Monika HOHLMEIER (DEU-EPP)",1
"Janusz LEWANDOWSKI (POL-EPP)","Loránt VINCZE (ROU-EPP)",1
"Janusz LEWANDOWSKI (POL-EPP)","Andrey NOVAKOV (BGR-EPP)",1
"Janusz LEWANDOWSKI (POL-EPP)","Lukas MANDL (AUT-EPP)",1
"Janusz LEWANDOWSKI (POL-EPP)","Niclas HERBST (DEU-EPP)",1
"Janusz LEWANDOWSKI (POL-EPP)","Marlene MORTLER (DEU-EPP)",1
"Janusz LEWANDOWSKI (POL-EPP)","Tomasz FRANKOWSKI (POL-EPP)",1
"Janusz LEWANDOWSKI (POL-EPP)","Adam JARUBAS (POL-EPP)",1
"Janusz LEWANDOWSKI (POL-EPP)","Angelika WINZIG (AUT-EPP)",1
"Janusz LEWANDOWSKI (POL-EPP)","Christian SAGARTZ (AUT-EPP)",1
"Adam BIELAN (POL-ECR)","Jacek SARYUSZ-WOLSKI (POL-ECR)",1
"Adam BIELAN (POL-ECR)","Anna FOTYGA (POL-ECR)",1
"Adam BIELAN (POL-ECR)","Ryszard CZARNECKI (POL-ECR)",1
"Adam BIELAN (POL-ECR)","Zbigniew KUŹMIUK (POL-ECR)",1
"Adam BIELAN (POL-ECR)","Roberts ZĪLE (LVA-ECR)",1
"Adam BIELAN (POL-ECR)","Marco CAMPOMENOSI (ITA-ID)",1
"Adam BIELAN (POL-ECR)","Waldemar TOMASZEWSKI (LTU-ECR)",1
"Adam BIELAN (POL-ECR)","Evžen TOŠENOVSKÝ (CZE-ECR)",1
"Adam BIELAN (POL-ECR)","Ryszard Antoni LEGUTKO (POL-ECR)",1
"Adam BIELAN (POL-ECR)","Tomasz Piotr PORĘBA (POL-ECR)",1
"Adam BIELAN (POL-ECR)","Carlo FIDANZA (ITA-ECR)",1
"Adam BIELAN (POL-ECR)","Alessandro PANZA (ITA-ID)",1
"Adam BIELAN (POL-ECR)","Paolo BORCHIA (ITA-ID)",1
"Adam BIELAN (POL-ECR)","Nicolas BAY (FRA-ID)",1
"Adam BIELAN (POL-ECR)","Marco ZANNI (ITA-ID)",1
"Adam BIELAN (POL-ECR)","Angel DZHAMBAZKI (BGR-ECR)",1
"Adam BIELAN (POL-ECR)","Jadwiga WIŚNIEWSKA (POL-ECR)",1
"Adam BIELAN (POL-ECR)","Kosma ZŁOTOWSKI (POL-ECR)",1
"Adam BIELAN (POL-ECR)","Karol KARSKI (POL-ECR)",1
"Adam BIELAN (POL-ECR)","Zdzisław KRASNODĘBSKI (POL-ECR)",1
"Adam BIELAN (POL-ECR)","Angelo CIOCCA (ITA-ID)",1
"Adam BIELAN (POL-ECR)","Jörg MEUTHEN (DEU-ID)",1
"Adam BIELAN (POL-ECR)","Danilo Oscar LANCINI (ITA-ID)",1
"Adam BIELAN (POL-ECR)","Lars Patrick BERG (DEU-ECR)",1
"Adam BIELAN (POL-ECR)","Joachim Stanisław BRUDZIŃSKI (POL-ECR)",1
"Adam BIELAN (POL-ECR)","Patryk JAKI (POL-ECR)",1
"Adam BIELAN (POL-ECR)","Krzysztof JURGIEL (POL-ECR)",1
"Adam BIELAN (POL-ECR)","Beata KEMPA (POL-ECR)",1
"Adam BIELAN (POL-ECR)","Izabela-Helena KLOC (POL-ECR)",1
"Adam BIELAN (POL-ECR)","Joanna KOPCIŃSKA (POL-ECR)",1
"Adam BIELAN (POL-ECR)","Elżbieta KRUK (POL-ECR)",1
"Adam BIELAN (POL-ECR)","Alexandr VONDRA (CZE-ECR)",1
"Adam BIELAN (POL-ECR)","Beata MAZUREK (POL-ECR)",1
"Adam BIELAN (POL-ECR)","Andżelika Anna MOŻDŻANOWSKA (POL-ECR)",1
"Adam BIELAN (POL-ECR)","Elżbieta RAFALSKA (POL-ECR)",1
"Adam BIELAN (POL-ECR)","Bogdan RZOŃCA (POL-ECR)",1
"Adam BIELAN (POL-ECR)","Veronika VRECIONOVÁ (CZE-ECR)",1
"Adam BIELAN (POL-ECR)","Beata SZYDŁO (POL-ECR)",1
"Adam BIELAN (POL-ECR)","Grzegorz TOBISZOWSKI (POL-ECR)",1
"Adam BIELAN (POL-ECR)","Witold Jan WASZCZYKOWSKI (POL-ECR)",1
"Adam BIELAN (POL-ECR)","Anna ZALEWSKA (POL-ECR)",1
"Adam BIELAN (POL-ECR)","Silvia SARDONE (ITA-ID)",1
"Adam BIELAN (POL-ECR)","Pietro FIOCCHI (ITA-ECR)",1
"Adam BIELAN (POL-ECR)","Gianantonio DA RE (ITA-ID)",1
"Adam BIELAN (POL-ECR)","Alessandra BASSO (ITA-ID)",1
"Adam BIELAN (POL-ECR)","Elena LIZZI (ITA-ID)",1
"Adam BIELAN (POL-ECR)","Rosanna CONTE (ITA-ID)",1
"Adam BIELAN (POL-ECR)","Cristian TERHEŞ (ROU-ECR)",1
"Adam BIELAN (POL-ECR)","Bert-Jan RUISSEN (NLD-ECR)",1
"Adam BIELAN (POL-ECR)","Susanna CECCARDI (ITA-ID)",1
"Adam BIELAN (POL-ECR)","Antonio Maria RINALDI (ITA-ID)",1
"Adam BIELAN (POL-ECR)","Nicola PROCACCINI (ITA-ECR)",1
"Adam BIELAN (POL-ECR)","Giuseppe MILAZZO (ITA-ECR)",1
"Adam BIELAN (POL-ECR)","Raffaele STANCANELLI (ITA-ECR)",1
"Adam BIELAN (POL-ECR)","Matteo ADINOLFI (ITA-ID)",1
"Adam BIELAN (POL-ECR)","Jorge BUXADÉ VILLALBA (ESP-ECR)",1
"Adam BIELAN (POL-ECR)","Hermann TERTSCH (ESP-ECR)",1
"Adam BIELAN (POL-ECR)","Andrey SLABAKOV (BGR-ECR)",1
"Adam BIELAN (POL-ECR)","Mazaly AGUILAR (ESP-ECR)",1
"Adam BIELAN (POL-ECR)","Emmanouil FRAGKOS (GRC-ECR)",1
"Adam BIELAN (POL-ECR)","Vincenzo SOFO (ITA-ECR)",1
"Adam BIELAN (POL-ECR)","Dominik TARCZYŃSKI (POL-ECR)",1
"Adam BIELAN (POL-ECR)","Margarita DE LA PISA CARRIÓN (ESP-ECR)",1
"Adam BIELAN (POL-ECR)","Ladislav ILČIĆ (HRV-ECR)",1
"Monika BEŇOVÁ (SVK-SD)","Loucas FOURLAS (CYP-EPP)",1
"Monika BEŇOVÁ (SVK-SD)","Véronique TRILLET-LENOIR (FRA-RENEW)",1
"Emmanuel MAUREL (FRA-GUE_NGL)","Younous OMARJEE (FRA-GUE_NGL)",1
"Emmanuel MAUREL (FRA-GUE_NGL)","Cornelia ERNST (DEU-GUE_NGL)",1
"Emmanuel MAUREL (FRA-GUE_NGL)","Martina MICHELS (DEU-GUE_NGL)",1
"Emmanuel MAUREL (FRA-GUE_NGL)","Marc BOTENGA (BEL-GUE_NGL)",1
"Emmanuel MAUREL (FRA-GUE_NGL)","Özlem DEMIREL (DEU-GUE_NGL)",1
"Emmanuel MAUREL (FRA-GUE_NGL)","Anne-Sophie PELLETIER (FRA-GUE_NGL)",1
"Emmanuel MAUREL (FRA-GUE_NGL)","Leila CHAIBI (FRA-GUE_NGL)",1
"Emmanuel MAUREL (FRA-GUE_NGL)","Manon AUBRY (FRA-GUE_NGL)",1
"Emmanuel MAUREL (FRA-GUE_NGL)","Clare DALY (IRL-GUE_NGL)",1
"Emmanuel MAUREL (FRA-GUE_NGL)","Mick WALLACE (IRL-GUE_NGL)",1
"Anne SANDER (FRA-EPP)","Nadine MORANO (FRA-EPP)",1
"Anne SANDER (FRA-EPP)","Arnaud DANJEAN (FRA-EPP)",1
"Anne SANDER (FRA-EPP)","Sabine VERHEYEN (DEU-EPP)",1
"Anne SANDER (FRA-EPP)","Geoffroy DIDIER (FRA-EPP)",1
"Anne SANDER (FRA-EPP)","François-Xavier BELLAMY (FRA-EPP)",1
"Anne SANDER (FRA-EPP)","Nathalie COLIN-OESTERLÉ (FRA-EPP)",1
"Lefteris CHRISTOFOROU (CYP-EPP)","Yannick JADOT (FRA-GREEN_EFA)",1
"Lefteris CHRISTOFOROU (CYP-EPP)","Michèle RIVASI (FRA-GREEN_EFA)",1
"Lefteris CHRISTOFOROU (CYP-EPP)","Peter van DALEN (NLD-EPP)",1
"Lefteris CHRISTOFOROU (CYP-EPP)","Ismail ERTUG (DEU-SD)",1
"Lefteris CHRISTOFOROU (CYP-EPP)","Mara BIZZOTTO (ITA-ID)",1
"Lefteris CHRISTOFOROU (CYP-EPP)","Michal ŠIMEČKA (SVK-RENEW)",1
"Lefteris CHRISTOFOROU (CYP-EPP)","Eric ANDRIEU (FRA-SD)",1
"Lefteris CHRISTOFOROU (CYP-EPP)","Costas MAVRIDES (CYP-SD)",1
"Lefteris CHRISTOFOROU (CYP-EPP)","Eleonora EVI (ITA-GREEN_EFA)",1
"Lefteris CHRISTOFOROU (CYP-EPP)","Simona BONAFÈ (ITA-SD)",1
"Lefteris CHRISTOFOROU (CYP-EPP)","Krzysztof HETMAN (POL-EPP)",1
"Lefteris CHRISTOFOROU (CYP-EPP)","Ernest URTASUN (ESP-GREEN_EFA)",1
"Lefteris CHRISTOFOROU (CYP-EPP)","Jytte GUTELAND (SWE-SD)",1
"Lefteris CHRISTOFOROU (CYP-EPP)","Esteban GONZÁLEZ PONS (ESP-EPP)",1
"Lefteris CHRISTOFOROU (CYP-EPP)","Annie SCHREIJER-PIERIK (NLD-EPP)",1
"Lefteris CHRISTOFOROU (CYP-EPP)","Stelios KOULOGLOU (GRC-GUE_NGL)",1
"Lefteris CHRISTOFOROU (CYP-EPP)","Giuseppe FERRANDINO (ITA-SD)",1
"Lefteris CHRISTOFOROU (CYP-EPP)","Christophe HANSEN (LUX-EPP)",1
"Lefteris CHRISTOFOROU (CYP-EPP)","Erik BERGKVIST (SWE-SD)",1
"Lefteris CHRISTOFOROU (CYP-EPP)","Loucas FOURLAS (CYP-EPP)",1
"Lefteris CHRISTOFOROU (CYP-EPP)","Nicola BEER (DEU-RENEW)",1
"Lefteris CHRISTOFOROU (CYP-EPP)","Bartosz ARŁUKOWICZ (POL-EPP)",1
"Lefteris CHRISTOFOROU (CYP-EPP)","Stéphane SÉJOURNÉ (FRA-RENEW)",1
"Lefteris CHRISTOFOROU (CYP-EPP)","Agnès EVREN (FRA-EPP)",1
"Lefteris CHRISTOFOROU (CYP-EPP)","Radosław SIKORSKI (POL-EPP)",1
"Lefteris CHRISTOFOROU (CYP-EPP)","Søren GADE (DNK-RENEW)",1
"Lefteris CHRISTOFOROU (CYP-EPP)","Peter KOFOD (DNK-ID)",1
"Lefteris CHRISTOFOROU (CYP-EPP)","Pierfrancesco MAJORINO (ITA-SD)",1
"Lefteris CHRISTOFOROU (CYP-EPP)","Véronique TRILLET-LENOIR (FRA-RENEW)",1
"Lefteris CHRISTOFOROU (CYP-EPP)","Simone SCHMIEDTBAUER (AUT-EPP)",1
"Lefteris CHRISTOFOROU (CYP-EPP)","Sira REGO (ESP-GUE_NGL)",1
"Lefteris CHRISTOFOROU (CYP-EPP)","Stelios KYMPOUROPOULOS (GRC-EPP)",1
"Lefteris CHRISTOFOROU (CYP-EPP)","Adriana MALDONADO LÓPEZ (ESP-SD)",1
"Lefteris CHRISTOFOROU (CYP-EPP)","Álvaro AMARO (PRT-EPP)",1
"Lefteris CHRISTOFOROU (CYP-EPP)","Simona BALDASSARRE (ITA-ID)",1
"Lefteris CHRISTOFOROU (CYP-EPP)","Luisa REGIMENTI (ITA-ID)",1
"Lefteris CHRISTOFOROU (CYP-EPP)","Andrea CAROPPO (ITA-EPP)",1
"Margrete AUKEN (DNK-GREEN_EFA)","Tilly METZ (LUX-GREEN_EFA)",1
"Margrete AUKEN (DNK-GREEN_EFA)","Rasmus ANDRESEN (DEU-GREEN_EFA)",1
"Daniel CASPARY (DEU-EPP)","Andreas SCHWAB (DEU-EPP)",1
"Daniel CASPARY (DEU-EPP)","Markus PIEPER (DEU-EPP)",1
"Daniel CASPARY (DEU-EPP)","Christian EHLER (DEU-EPP)",1
"Daniel CASPARY (DEU-EPP)","Manfred WEBER (DEU-EPP)",1
"Daniel CASPARY (DEU-EPP)","Ljudmila NOVAK (SVN-EPP)",1
"Daniel CASPARY (DEU-EPP)","Antonio LÓPEZ-ISTÚRIZ WHITE (ESP-EPP)",1
"Daniel CASPARY (DEU-EPP)","Francisco José MILLÁN MON (ESP-EPP)",1
"Daniel CASPARY (DEU-EPP)","Marian-Jean MARINESCU (ROU-EPP)",1
"Daniel CASPARY (DEU-EPP)","Jeroen LENAERS (NLD-EPP)",1
"Daniel CASPARY (DEU-EPP)","Sabine VERHEYEN (DEU-EPP)",1
"Daniel CASPARY (DEU-EPP)","Axel VOSS (DEU-EPP)",1
"Daniel CASPARY (DEU-EPP)","Jarosław KALINOWSKI (POL-EPP)",1
"Daniel CASPARY (DEU-EPP)","Peter JAHR (DEU-EPP)",1
"Daniel CASPARY (DEU-EPP)","Monika HOHLMEIER (DEU-EPP)",1
"Daniel CASPARY (DEU-EPP)","Herbert DORFMANN (ITA-EPP)",1
"Daniel CASPARY (DEU-EPP)","Pablo ARIAS ECHEVERRÍA (ESP-EPP)",1
"Daniel CASPARY (DEU-EPP)","Andrey KOVATCHEV (BGR-EPP)",1
"Daniel CASPARY (DEU-EPP)","Lena DÜPONT (DEU-EPP)",1
"Daniel CASPARY (DEU-EPP)","Petri SARVAMAA (FIN-EPP)",1
"Daniel CASPARY (DEU-EPP)","Tomáš ZDECHOVSKÝ (CZE-EPP)",1
"Daniel CASPARY (DEU-EPP)","Siegfried MUREŞAN (ROU-EPP)",1
"Daniel CASPARY (DEU-EPP)","David McALLISTER (DEU-EPP)",1
"Daniel CASPARY (DEU-EPP)","Jens GIESEKE (DEU-EPP)",1
"Daniel CASPARY (DEU-EPP)","Norbert LINS (DEU-EPP)",1
"Daniel CASPARY (DEU-EPP)","Franc BOGOVIČ (SVN-EPP)",1
"Daniel CASPARY (DEU-EPP)","Dennis RADTKE (DEU-EPP)",1
"Daniel CASPARY (DEU-EPP)","Lukas MANDL (AUT-EPP)",1
"Daniel CASPARY (DEU-EPP)","Hildegard BENTELE (DEU-EPP)",1
"Daniel CASPARY (DEU-EPP)","Stefan BERGER (DEU-EPP)",1
"Daniel CASPARY (DEU-EPP)","Niclas HERBST (DEU-EPP)",1
"Daniel CASPARY (DEU-EPP)","Christine SCHNEIDER (DEU-EPP)",1
"Daniel CASPARY (DEU-EPP)","Ralf SEEKATZ (DEU-EPP)",1
"Daniel CASPARY (DEU-EPP)","Sven SIMON (DEU-EPP)",1
"Daniel CASPARY (DEU-EPP)","Marlene MORTLER (DEU-EPP)",1
"Daniel CASPARY (DEU-EPP)","Marion WALSMANN (DEU-EPP)",1
"Daniel CASPARY (DEU-EPP)","Christian DOLESCHAL (DEU-EPP)",1
"Daniel CASPARY (DEU-EPP)","Jarosław DUDA (POL-EPP)",1
"Daniel CASPARY (DEU-EPP)","Pernille WEISS (DNK-EPP)",1
"Daniel CASPARY (DEU-EPP)","Adam JARUBAS (POL-EPP)",1
"Daniel CASPARY (DEU-EPP)","Javier ZARZALEJOS (ESP-EPP)",1
"Daniel CASPARY (DEU-EPP)","Juan Ignacio ZOIDO ÁLVAREZ (ESP-EPP)",1
"Daniel CASPARY (DEU-EPP)","Mircea-Gheorghe HAVA (ROU-EPP)",1
"Daniel CASPARY (DEU-EPP)","Alexander BERNHUBER (AUT-EPP)",1
"Daniel CASPARY (DEU-EPP)","Angelika WINZIG (AUT-EPP)",1
"Daniel CASPARY (DEU-EPP)","Barbara THALER (AUT-EPP)",1
"Daniel CASPARY (DEU-EPP)","Tom BERENDSEN (NLD-EPP)",1
"Daniel CASPARY (DEU-EPP)","Aušra SEIBUTYTĖ (LTU-EPP)",1
"Daniel CASPARY (DEU-EPP)","Rasa JUKNEVIČIENĖ (LTU-EPP)",1
"Daniel CASPARY (DEU-EPP)","Liudas MAŽYLIS (LTU-EPP)",1
"Daniel CASPARY (DEU-EPP)","Andrius KUBILIUS (LTU-EPP)",1
"Daniel CASPARY (DEU-EPP)","Riho TERRAS (EST-EPP)",1
"Andreas SCHWAB (DEU-EPP)","Christian EHLER (DEU-EPP)",1
"Andreas SCHWAB (DEU-EPP)","Ljudmila NOVAK (SVN-EPP)",1
"Andreas SCHWAB (DEU-EPP)","Antonio LÓPEZ-ISTÚRIZ WHITE (ESP-EPP)",1
"Andreas SCHWAB (DEU-EPP)","Francisco José MILLÁN MON (ESP-EPP)",1
"Andreas SCHWAB (DEU-EPP)","Marian-Jean MARINESCU (ROU-EPP)",1
"Andreas SCHWAB (DEU-EPP)","Jeroen LENAERS (NLD-EPP)",1
"Andreas SCHWAB (DEU-EPP)","Sabine VERHEYEN (DEU-EPP)",1
"Andreas SCHWAB (DEU-EPP)","Axel VOSS (DEU-EPP)",1
"Andreas SCHWAB (DEU-EPP)","Jarosław KALINOWSKI (POL-EPP)",1
"Andreas SCHWAB (DEU-EPP)","Peter JAHR (DEU-EPP)",1
"Andreas SCHWAB (DEU-EPP)","Herbert DORFMANN (ITA-EPP)",1
"Andreas SCHWAB (DEU-EPP)","Pablo ARIAS ECHEVERRÍA (ESP-EPP)",1
"Andreas SCHWAB (DEU-EPP)","Andrey KOVATCHEV (BGR-EPP)",1
"Andreas SCHWAB (DEU-EPP)","Lena DÜPONT (DEU-EPP)",1
"Andreas SCHWAB (DEU-EPP)","Siegfried MUREŞAN (ROU-EPP)",1
"Andreas SCHWAB (DEU-EPP)","David McALLISTER (DEU-EPP)",1
"Andreas SCHWAB (DEU-EPP)","Jens GIESEKE (DEU-EPP)",1
"Andreas SCHWAB (DEU-EPP)","Norbert LINS (DEU-EPP)",1
"Andreas SCHWAB (DEU-EPP)","Franc BOGOVIČ (SVN-EPP)",1
"Andreas SCHWAB (DEU-EPP)","Dennis RADTKE (DEU-EPP)",1
"Andreas SCHWAB (DEU-EPP)","Asim ADEMOV (BGR-EPP)",1
"Andreas SCHWAB (DEU-EPP)","Lukas MANDL (AUT-EPP)",1
"Andreas SCHWAB (DEU-EPP)","Hildegard BENTELE (DEU-EPP)",1
"Andreas SCHWAB (DEU-EPP)","Stefan BERGER (DEU-EPP)",1
"Andreas SCHWAB (DEU-EPP)","Niclas HERBST (DEU-EPP)",1
"Andreas SCHWAB (DEU-EPP)","Christine SCHNEIDER (DEU-EPP)",1
"Andreas SCHWAB (DEU-EPP)","Ralf SEEKATZ (DEU-EPP)",1
"Andreas SCHWAB (DEU-EPP)","Sven SIMON (DEU-EPP)",1
"Andreas SCHWAB (DEU-EPP)","Marlene MORTLER (DEU-EPP)",1
"Andreas SCHWAB (DEU-EPP)","Marion WALSMANN (DEU-EPP)",1
"Andreas SCHWAB (DEU-EPP)","Christian DOLESCHAL (DEU-EPP)",1
"Andreas SCHWAB (DEU-EPP)","Adam JARUBAS (POL-EPP)",1
"Andreas SCHWAB (DEU-EPP)","Javier ZARZALEJOS (ESP-EPP)",1
"Andreas SCHWAB (DEU-EPP)","Angelika WINZIG (AUT-EPP)",1
"Andreas SCHWAB (DEU-EPP)","Barbara THALER (AUT-EPP)",1
"Andreas SCHWAB (DEU-EPP)","Traian BĂSESCU (ROU-EPP)",1
"Andreas SCHWAB (DEU-EPP)","Tom BERENDSEN (NLD-EPP)",1
"Andreas SCHWAB (DEU-EPP)","Aušra SEIBUTYTĖ (LTU-EPP)",1
"Andreas SCHWAB (DEU-EPP)","Liudas MAŽYLIS (LTU-EPP)",1
"Andreas SCHWAB (DEU-EPP)","Andrius KUBILIUS (LTU-EPP)",1
"Markus PIEPER (DEU-EPP)","Sabine VERHEYEN (DEU-EPP)",1
"Markus PIEPER (DEU-EPP)","Axel VOSS (DEU-EPP)",1
"Markus PIEPER (DEU-EPP)","Tomáš ZDECHOVSKÝ (CZE-EPP)",1
"Markus PIEPER (DEU-EPP)","David McALLISTER (DEU-EPP)",1
"Markus PIEPER (DEU-EPP)","Jens GIESEKE (DEU-EPP)",1
"Markus PIEPER (DEU-EPP)","Massimiliano SALINI (ITA-EPP)",1
"Markus PIEPER (DEU-EPP)","Asim ADEMOV (BGR-EPP)",1
"Markus PIEPER (DEU-EPP)","David LEGA (SWE-EPP)",1
"Markus PIEPER (DEU-EPP)","Hildegard BENTELE (DEU-EPP)",1
"Markus PIEPER (DEU-EPP)","Stefan BERGER (DEU-EPP)",1
"Markus PIEPER (DEU-EPP)","Ralf SEEKATZ (DEU-EPP)",1
"Markus PIEPER (DEU-EPP)","Sven SIMON (DEU-EPP)",1
"Markus PIEPER (DEU-EPP)","Marion WALSMANN (DEU-EPP)",1
"Markus PIEPER (DEU-EPP)","Christian DOLESCHAL (DEU-EPP)",1
"Markus PIEPER (DEU-EPP)","Gheorghe FALCĂ (ROU-EPP)",1
"Markus PIEPER (DEU-EPP)","Eugen TOMAC (ROU-EPP)",1
"Markus PIEPER (DEU-EPP)","Peter POLLÁK (SVK-EPP)",1
"Christian EHLER (DEU-EPP)","Sabine VERHEYEN (DEU-EPP)",1
"Christian EHLER (DEU-EPP)","Axel VOSS (DEU-EPP)",1
"Christian EHLER (DEU-EPP)","Peter JAHR (DEU-EPP)",1
"Christian EHLER (DEU-EPP)","Lena DÜPONT (DEU-EPP)",1
"Christian EHLER (DEU-EPP)","David McALLISTER (DEU-EPP)",1
"Christian EHLER (DEU-EPP)","Norbert LINS (DEU-EPP)",1
"Christian EHLER (DEU-EPP)","Hildegard BENTELE (DEU-EPP)",1
"Christian EHLER (DEU-EPP)","Christine SCHNEIDER (DEU-EPP)",1
"Christian EHLER (DEU-EPP)","Ralf SEEKATZ (DEU-EPP)",1
"Christian EHLER (DEU-EPP)","Sven SIMON (DEU-EPP)",1
"Christian EHLER (DEU-EPP)","Marlene MORTLER (DEU-EPP)",1
"Christian EHLER (DEU-EPP)","Marion WALSMANN (DEU-EPP)",1
"Christian EHLER (DEU-EPP)","Christian DOLESCHAL (DEU-EPP)",1
"Christian EHLER (DEU-EPP)","Pernille WEISS (DNK-EPP)",1
"Christian EHLER (DEU-EPP)","Mircea-Gheorghe HAVA (ROU-EPP)",1
"Christian EHLER (DEU-EPP)","Simone SCHMIEDTBAUER (AUT-EPP)",1
"Christian EHLER (DEU-EPP)","Gheorghe-Vlad NISTOR (ROU-EPP)",1
"Manfred WEBER (DEU-EPP)","Jerzy BUZEK (POL-EPP)",1
"Manfred WEBER (DEU-EPP)","Jan OLBRYCHT (POL-EPP)",1
"Manfred WEBER (DEU-EPP)","Ljudmila NOVAK (SVN-EPP)",1
"Manfred WEBER (DEU-EPP)","Pilar del CASTILLO VERA (ESP-EPP)",1
"Manfred WEBER (DEU-EPP)","Francisco José MILLÁN MON (ESP-EPP)",1
"Manfred WEBER (DEU-EPP)","Inese VAIDERE (LVA-EPP)",1
"Manfred WEBER (DEU-EPP)","Marian-Jean MARINESCU (ROU-EPP)",1
"Manfred WEBER (DEU-EPP)","Jeroen LENAERS (NLD-EPP)",1
"Manfred WEBER (DEU-EPP)","Sabine VERHEYEN (DEU-EPP)",1
"Manfred WEBER (DEU-EPP)","Peter JAHR (DEU-EPP)",1
"Manfred WEBER (DEU-EPP)","Monika HOHLMEIER (DEU-EPP)",1
"Manfred WEBER (DEU-EPP)","Pablo ARIAS ECHEVERRÍA (ESP-EPP)",1
"Manfred WEBER (DEU-EPP)","Rosa ESTARÀS FERRAGUT (ESP-EPP)",1
"Manfred WEBER (DEU-EPP)","Sandra KALNIETE (LVA-EPP)",1
"Manfred WEBER (DEU-EPP)","Andrey KOVATCHEV (BGR-EPP)",1
"Manfred WEBER (DEU-EPP)","Henna VIRKKUNEN (FIN-EPP)",1
"Manfred WEBER (DEU-EPP)","Siegfried MUREŞAN (ROU-EPP)",1
"Manfred WEBER (DEU-EPP)","Norbert LINS (DEU-EPP)",1
"Manfred WEBER (DEU-EPP)","Franc BOGOVIČ (SVN-EPP)",1
"Manfred WEBER (DEU-EPP)","Lukas MANDL (AUT-EPP)",1
"Manfred WEBER (DEU-EPP)","Hildegard BENTELE (DEU-EPP)",1
"Manfred WEBER (DEU-EPP)","Stefan BERGER (DEU-EPP)",1
"Manfred WEBER (DEU-EPP)","Niclas HERBST (DEU-EPP)",1
"Manfred WEBER (DEU-EPP)","Ralf SEEKATZ (DEU-EPP)",1
"Manfred WEBER (DEU-EPP)","Sven SIMON (DEU-EPP)",1
"Manfred WEBER (DEU-EPP)","Marlene MORTLER (DEU-EPP)",1
"Manfred WEBER (DEU-EPP)","Marion WALSMANN (DEU-EPP)",1
"Manfred WEBER (DEU-EPP)","Javier ZARZALEJOS (ESP-EPP)",1
"Manfred WEBER (DEU-EPP)","Angelika WINZIG (AUT-EPP)",1
"Manfred WEBER (DEU-EPP)","Traian BĂSESCU (ROU-EPP)",1
"Manfred WEBER (DEU-EPP)","Dolors MONTSERRAT (ESP-EPP)",1
"Manfred WEBER (DEU-EPP)","Leopoldo LÓPEZ GIL (ESP-EPP)",1
"Manfred WEBER (DEU-EPP)","Aušra SEIBUTYTĖ (LTU-EPP)",1
"Manfred WEBER (DEU-EPP)","Alexander ALEXANDROV YORDANOV (BGR-EPP)",1
"Manfred WEBER (DEU-EPP)","Liudas MAŽYLIS (LTU-EPP)",1
"Manfred WEBER (DEU-EPP)","Christian SAGARTZ (AUT-EPP)",1
"Jerzy BUZEK (POL-EPP)","Iuliu WINKLER (ROU-EPP)",1
"Jerzy BUZEK (POL-EPP)","Rosa ESTARÀS FERRAGUT (ESP-EPP)",1
"Jerzy BUZEK (POL-EPP)","Siegfried MUREŞAN (ROU-EPP)",1
"Jerzy BUZEK (POL-EPP)","Eugen TOMAC (ROU-EPP)",1
"Jerzy BUZEK (POL-EPP)","Lídia PEREIRA (PRT-EPP)",1
"Jan OLBRYCHT (POL-EPP)","Ljudmila NOVAK (SVN-EPP)",1
"Jan OLBRYCHT (POL-EPP)","Antonio LÓPEZ-ISTÚRIZ WHITE (ESP-EPP)",1
"Jan OLBRYCHT (POL-EPP)","Francisco José MILLÁN MON (ESP-EPP)",1
"Jan OLBRYCHT (POL-EPP)","Marian-Jean MARINESCU (ROU-EPP)",1
"Jan OLBRYCHT (POL-EPP)","Sabine VERHEYEN (DEU-EPP)",1
"Jan OLBRYCHT (POL-EPP)","Jarosław KALINOWSKI (POL-EPP)",1
"Jan OLBRYCHT (POL-EPP)","Monika HOHLMEIER (DEU-EPP)",1
"Jan OLBRYCHT (POL-EPP)","Herbert DORFMANN (ITA-EPP)",1
"Jan OLBRYCHT (POL-EPP)","Pablo ARIAS ECHEVERRÍA (ESP-EPP)",1
"Jan OLBRYCHT (POL-EPP)","Milan ZVER (SVN-EPP)",1
"Jan OLBRYCHT (POL-EPP)","Gabriel MATO (ESP-EPP)",1
"Jan OLBRYCHT (POL-EPP)","Andrey KOVATCHEV (BGR-EPP)",1
"Jan OLBRYCHT (POL-EPP)","Loránt VINCZE (ROU-EPP)",1
"Jan OLBRYCHT (POL-EPP)","Andrey NOVAKOV (BGR-EPP)",1
"Jan OLBRYCHT (POL-EPP)","Tomáš ZDECHOVSKÝ (CZE-EPP)",1
"Jan OLBRYCHT (POL-EPP)","Siegfried MUREŞAN (ROU-EPP)",1
"Jan OLBRYCHT (POL-EPP)","David McALLISTER (DEU-EPP)",1
"Jan OLBRYCHT (POL-EPP)","Norbert LINS (DEU-EPP)",1
"Jan OLBRYCHT (POL-EPP)","Franc BOGOVIČ (SVN-EPP)",1
"Jan OLBRYCHT (POL-EPP)","Daniel BUDA (ROU-EPP)",1
"Jan OLBRYCHT (POL-EPP)","Romana TOMC (SVN-EPP)",1
"Jan OLBRYCHT (POL-EPP)","Massimiliano SALINI (ITA-EPP)",1
"Jan OLBRYCHT (POL-EPP)","Željana ZOVKO (HRV-EPP)",1
"Jan OLBRYCHT (POL-EPP)","Dennis RADTKE (DEU-EPP)",1
"Jan OLBRYCHT (POL-EPP)","Asim ADEMOV (BGR-EPP)",1
"Jan OLBRYCHT (POL-EPP)","Lukas MANDL (AUT-EPP)",1
"Jan OLBRYCHT (POL-EPP)","Hildegard BENTELE (DEU-EPP)",1
"Jan OLBRYCHT (POL-EPP)","Karlo RESSLER (HRV-EPP)",1
"Jan OLBRYCHT (POL-EPP)","Tomislav SOKOL (HRV-EPP)",1
"Jan OLBRYCHT (POL-EPP)","Ralf SEEKATZ (DEU-EPP)",1
"Jan OLBRYCHT (POL-EPP)","Marlene MORTLER (DEU-EPP)",1
"Jan OLBRYCHT (POL-EPP)","Marion WALSMANN (DEU-EPP)",1
"Jan OLBRYCHT (POL-EPP)","Jarosław DUDA (POL-EPP)",1
"Jan OLBRYCHT (POL-EPP)","Tomasz FRANKOWSKI (POL-EPP)",1
"Jan OLBRYCHT (POL-EPP)","Andrzej HALICKI (POL-EPP)",1
"Jan OLBRYCHT (POL-EPP)","Adam JARUBAS (POL-EPP)",1
"Jan OLBRYCHT (POL-EPP)","Ewa KOPACZ (POL-EPP)",1
"Jan OLBRYCHT (POL-EPP)","Javier ZARZALEJOS (ESP-EPP)",1
"Jan OLBRYCHT (POL-EPP)","Juan Ignacio ZOIDO ÁLVAREZ (ESP-EPP)",1
"Jan OLBRYCHT (POL-EPP)","Mircea-Gheorghe HAVA (ROU-EPP)",1
"Jan OLBRYCHT (POL-EPP)","Traian BĂSESCU (ROU-EPP)",1
"Jan OLBRYCHT (POL-EPP)","Tom BERENDSEN (NLD-EPP)",1
"Jan OLBRYCHT (POL-EPP)","Aušra SEIBUTYTĖ (LTU-EPP)",1
"Jan OLBRYCHT (POL-EPP)","Alexander ALEXANDROV YORDANOV (BGR-EPP)",1
"Jan OLBRYCHT (POL-EPP)","Liudas MAŽYLIS (LTU-EPP)",1
"Jan OLBRYCHT (POL-EPP)","Andrius KUBILIUS (LTU-EPP)",1
"Jan OLBRYCHT (POL-EPP)","Riho TERRAS (EST-EPP)",1
"Ljudmila NOVAK (SVN-EPP)","Antonio LÓPEZ-ISTÚRIZ WHITE (ESP-EPP)",1
"Ljudmila NOVAK (SVN-EPP)","Francisco José MILLÁN MON (ESP-EPP)",1
"Ljudmila NOVAK (SVN-EPP)","Marian-Jean MARINESCU (ROU-EPP)",1
"Ljudmila NOVAK (SVN-EPP)","Jeroen LENAERS (NLD-EPP)",1
"Ljudmila NOVAK (SVN-EPP)","Sabine VERHEYEN (DEU-EPP)",1
"Ljudmila NOVAK (SVN-EPP)","Axel VOSS (DEU-EPP)",1
"Ljudmila NOVAK (SVN-EPP)","Jarosław KALINOWSKI (POL-EPP)",1
"Ljudmila NOVAK (SVN-EPP)","Peter JAHR (DEU-EPP)",1
"Ljudmila NOVAK (SVN-EPP)","Herbert DORFMANN (ITA-EPP)",1
"Ljudmila NOVAK (SVN-EPP)","Pablo ARIAS ECHEVERRÍA (ESP-EPP)",1
"Ljudmila NOVAK (SVN-EPP)","Gabriel MATO (ESP-EPP)",1
"Ljudmila NOVAK (SVN-EPP)","Andrey KOVATCHEV (BGR-EPP)",1
"Ljudmila NOVAK (SVN-EPP)","Lena DÜPONT (DEU-EPP)",1
"Ljudmila NOVAK (SVN-EPP)","Andrey NOVAKOV (BGR-EPP)",1
"Ljudmila NOVAK (SVN-EPP)","Siegfried MUREŞAN (ROU-EPP)",1
"Ljudmila NOVAK (SVN-EPP)","David McALLISTER (DEU-EPP)",1
"Ljudmila NOVAK (SVN-EPP)","Jens GIESEKE (DEU-EPP)",1
"Ljudmila NOVAK (SVN-EPP)","Norbert LINS (DEU-EPP)",1
"Ljudmila NOVAK (SVN-EPP)","Franc BOGOVIČ (SVN-EPP)",1
"Ljudmila NOVAK (SVN-EPP)","Daniel BUDA (ROU-EPP)",1
"Ljudmila NOVAK (SVN-EPP)","Dennis RADTKE (DEU-EPP)",1
"Ljudmila NOVAK (SVN-EPP)","Asim ADEMOV (BGR-EPP)",1
"Ljudmila NOVAK (SVN-EPP)","Lukas MANDL (AUT-EPP)",1
"Ljudmila NOVAK (SVN-EPP)","Hildegard BENTELE (DEU-EPP)",1
"Ljudmila NOVAK (SVN-EPP)","Niclas HERBST (DEU-EPP)",1
"Ljudmila NOVAK (SVN-EPP)","Christine SCHNEIDER (DEU-EPP)",1
"Ljudmila NOVAK (SVN-EPP)","Ralf SEEKATZ (DEU-EPP)",1
"Ljudmila NOVAK (SVN-EPP)","Sven SIMON (DEU-EPP)",1
"Ljudmila NOVAK (SVN-EPP)","Marlene MORTLER (DEU-EPP)",1
"Ljudmila NOVAK (SVN-EPP)","Marion WALSMANN (DEU-EPP)",1
"Ljudmila NOVAK (SVN-EPP)","Christian DOLESCHAL (DEU-EPP)",1
"Ljudmila NOVAK (SVN-EPP)","Jarosław DUDA (POL-EPP)",1
"Ljudmila NOVAK (SVN-EPP)","Tomasz FRANKOWSKI (POL-EPP)",1
"Ljudmila NOVAK (SVN-EPP)","Pernille WEISS (DNK-EPP)",1
"Ljudmila NOVAK (SVN-EPP)","Adam JARUBAS (POL-EPP)",1
"Ljudmila NOVAK (SVN-EPP)","Javier ZARZALEJOS (ESP-EPP)",1
"Ljudmila NOVAK (SVN-EPP)","Juan Ignacio ZOIDO ÁLVAREZ (ESP-EPP)",1
"Ljudmila NOVAK (SVN-EPP)","Mircea-Gheorghe HAVA (ROU-EPP)",1
"Ljudmila NOVAK (SVN-EPP)","Angelika WINZIG (AUT-EPP)",1
"Ljudmila NOVAK (SVN-EPP)","Traian BĂSESCU (ROU-EPP)",1
"Ljudmila NOVAK (SVN-EPP)","Dolors MONTSERRAT (ESP-EPP)",1
"Ljudmila NOVAK (SVN-EPP)","Tom BERENDSEN (NLD-EPP)",1
"Ljudmila NOVAK (SVN-EPP)","Aušra SEIBUTYTĖ (LTU-EPP)",1
"Ljudmila NOVAK (SVN-EPP)","Alexander ALEXANDROV YORDANOV (BGR-EPP)",1
"Ljudmila NOVAK (SVN-EPP)","Rasa JUKNEVIČIENĖ (LTU-EPP)",1
"Ljudmila NOVAK (SVN-EPP)","Liudas MAŽYLIS (LTU-EPP)",1
"Ljudmila NOVAK (SVN-EPP)","Andrius KUBILIUS (LTU-EPP)",1
"Ljudmila NOVAK (SVN-EPP)","Christian SAGARTZ (AUT-EPP)",1
"Ljudmila NOVAK (SVN-EPP)","Riho TERRAS (EST-EPP)",1
"Jacek SARYUSZ-WOLSKI (POL-ECR)","Anna FOTYGA (POL-ECR)",1
"Jacek SARYUSZ-WOLSKI (POL-ECR)","Ryszard CZARNECKI (POL-ECR)",1
"Jacek SARYUSZ-WOLSKI (POL-ECR)","Zbigniew KUŹMIUK (POL-ECR)",1
"Jacek SARYUSZ-WOLSKI (POL-ECR)","Roberts ZĪLE (LVA-ECR)",1
"Jacek SARYUSZ-WOLSKI (POL-ECR)","Marco CAMPOMENOSI (ITA-ID)",1
"Jacek SARYUSZ-WOLSKI (POL-ECR)","Waldemar TOMASZEWSKI (LTU-ECR)",1
"Jacek SARYUSZ-WOLSKI (POL-ECR)","Evžen TOŠENOVSKÝ (CZE-ECR)",1
"Jacek SARYUSZ-WOLSKI (POL-ECR)","Ryszard Antoni LEGUTKO (POL-ECR)",1
"Jacek SARYUSZ-WOLSKI (POL-ECR)","Tomasz Piotr PORĘBA (POL-ECR)",1
"Jacek SARYUSZ-WOLSKI (POL-ECR)","Carlo FIDANZA (ITA-ECR)",1
"Jacek SARYUSZ-WOLSKI (POL-ECR)","Alessandro PANZA (ITA-ID)",1
"Jacek SARYUSZ-WOLSKI (POL-ECR)","Michaela ŠOJDROVÁ (CZE-EPP)",1
"Jacek SARYUSZ-WOLSKI (POL-ECR)","Tomáš ZDECHOVSKÝ (CZE-EPP)",1
"Jacek SARYUSZ-WOLSKI (POL-ECR)","Angel DZHAMBAZKI (BGR-ECR)",1
"Jacek SARYUSZ-WOLSKI (POL-ECR)","Jadwiga WIŚNIEWSKA (POL-ECR)",1
"Jacek SARYUSZ-WOLSKI (POL-ECR)","Kosma ZŁOTOWSKI (POL-ECR)",1
"Jacek SARYUSZ-WOLSKI (POL-ECR)","Karol KARSKI (POL-ECR)",1
"Jacek SARYUSZ-WOLSKI (POL-ECR)","Zdzisław KRASNODĘBSKI (POL-ECR)",1
"Jacek SARYUSZ-WOLSKI (POL-ECR)","Ivan ŠTEFANEC (SVK-EPP)",1
"Jacek SARYUSZ-WOLSKI (POL-ECR)","Jörg MEUTHEN (DEU-ID)",1
"Jacek SARYUSZ-WOLSKI (POL-ECR)","Geert BOURGEOIS (BEL-ECR)",1
"Jacek SARYUSZ-WOLSKI (POL-ECR)","Assita KANKO (BEL-ECR)",1
"Jacek SARYUSZ-WOLSKI (POL-ECR)","Lars Patrick BERG (DEU-ECR)",1
"Jacek SARYUSZ-WOLSKI (POL-ECR)","Joachim Stanisław BRUDZIŃSKI (POL-ECR)",1
"Jacek SARYUSZ-WOLSKI (POL-ECR)","Patryk JAKI (POL-ECR)",1
"Jacek SARYUSZ-WOLSKI (POL-ECR)","Krzysztof JURGIEL (POL-ECR)",1
"Jacek SARYUSZ-WOLSKI (POL-ECR)","Beata KEMPA (POL-ECR)",1
"Jacek SARYUSZ-WOLSKI (POL-ECR)","Izabela-Helena KLOC (POL-ECR)",1
"Jacek SARYUSZ-WOLSKI (POL-ECR)","Joanna KOPCIŃSKA (POL-ECR)",1
"Jacek SARYUSZ-WOLSKI (POL-ECR)","Elżbieta KRUK (POL-ECR)",1
"Jacek SARYUSZ-WOLSKI (POL-ECR)","Alexandr VONDRA (CZE-ECR)",1
"Jacek SARYUSZ-WOLSKI (POL-ECR)","Beata MAZUREK (POL-ECR)",1
"Jacek SARYUSZ-WOLSKI (POL-ECR)","Andżelika Anna MOŻDŻANOWSKA (POL-ECR)",1
"Jacek SARYUSZ-WOLSKI (POL-ECR)","Elżbieta RAFALSKA (POL-ECR)",1
"Jacek SARYUSZ-WOLSKI (POL-ECR)","Bogdan RZOŃCA (POL-ECR)",1
"Jacek SARYUSZ-WOLSKI (POL-ECR)","Veronika VRECIONOVÁ (CZE-ECR)",1
"Jacek SARYUSZ-WOLSKI (POL-ECR)","Beata SZYDŁO (POL-ECR)",1
"Jacek SARYUSZ-WOLSKI (POL-ECR)","Grzegorz TOBISZOWSKI (POL-ECR)",1
"Jacek SARYUSZ-WOLSKI (POL-ECR)","Witold Jan WASZCZYKOWSKI (POL-ECR)",1
"Jacek SARYUSZ-WOLSKI (POL-ECR)","Anna ZALEWSKA (POL-ECR)",1
"Jacek SARYUSZ-WOLSKI (POL-ECR)","Silvia SARDONE (ITA-ID)",1
"Jacek SARYUSZ-WOLSKI (POL-ECR)","Pietro FIOCCHI (ITA-ECR)",1
"Jacek SARYUSZ-WOLSKI (POL-ECR)","Elena LIZZI (ITA-ID)",1
"Jacek SARYUSZ-WOLSKI (POL-ECR)","Rosanna CONTE (ITA-ID)",1
"Jacek SARYUSZ-WOLSKI (POL-ECR)","Cristian TERHEŞ (ROU-ECR)",1
"Jacek SARYUSZ-WOLSKI (POL-ECR)","Bert-Jan RUISSEN (NLD-ECR)",1
"Jacek SARYUSZ-WOLSKI (POL-ECR)","Susanna CECCARDI (ITA-ID)",1
"Jacek SARYUSZ-WOLSKI (POL-ECR)","Antonio Maria RINALDI (ITA-ID)",1
"Jacek SARYUSZ-WOLSKI (POL-ECR)","Nicola PROCACCINI (ITA-ECR)",1
"Jacek SARYUSZ-WOLSKI (POL-ECR)","Raffaele STANCANELLI (ITA-ECR)",1
"Jacek SARYUSZ-WOLSKI (POL-ECR)","Matteo ADINOLFI (ITA-ID)",1
"Jacek SARYUSZ-WOLSKI (POL-ECR)","Jorge BUXADÉ VILLALBA (ESP-ECR)",1
"Jacek SARYUSZ-WOLSKI (POL-ECR)","Hermann TERTSCH (ESP-ECR)",1
"Jacek SARYUSZ-WOLSKI (POL-ECR)","Andrey SLABAKOV (BGR-ECR)",1
"Jacek SARYUSZ-WOLSKI (POL-ECR)","Mazaly AGUILAR (ESP-ECR)",1
"Jacek SARYUSZ-WOLSKI (POL-ECR)","Vincenzo SOFO (ITA-ECR)",1
"Jacek SARYUSZ-WOLSKI (POL-ECR)","Dominik TARCZYŃSKI (POL-ECR)",1
"Jacek SARYUSZ-WOLSKI (POL-ECR)","Margarita DE LA PISA CARRIÓN (ESP-ECR)",1
"Jacek SARYUSZ-WOLSKI (POL-ECR)","Ladislav ILČIĆ (HRV-ECR)",1
"Anna FOTYGA (POL-ECR)","Ryszard CZARNECKI (POL-ECR)",1
"Anna FOTYGA (POL-ECR)","Zbigniew KUŹMIUK (POL-ECR)",1
"Anna FOTYGA (POL-ECR)","Roberts ZĪLE (LVA-ECR)",1
"Anna FOTYGA (POL-ECR)","Marco CAMPOMENOSI (ITA-ID)",1
"Anna FOTYGA (POL-ECR)","Waldemar TOMASZEWSKI (LTU-ECR)",1
"Anna FOTYGA (POL-ECR)","Evžen TOŠENOVSKÝ (CZE-ECR)",1
"Anna FOTYGA (POL-ECR)","Ryszard Antoni LEGUTKO (POL-ECR)",1
"Anna FOTYGA (POL-ECR)","Tomasz Piotr PORĘBA (POL-ECR)",1
"Anna FOTYGA (POL-ECR)","Carlo FIDANZA (ITA-ECR)",1
"Anna FOTYGA (POL-ECR)","Alessandro PANZA (ITA-ID)",1
"Anna FOTYGA (POL-ECR)","Paolo BORCHIA (ITA-ID)",1
"Anna FOTYGA (POL-ECR)","Michaela ŠOJDROVÁ (CZE-EPP)",1
"Anna FOTYGA (POL-ECR)","Tomáš ZDECHOVSKÝ (CZE-EPP)",1
"Anna FOTYGA (POL-ECR)","György HÖLVÉNYI (HUN-EPP)",1
"Anna FOTYGA (POL-ECR)","Nicolas BAY (FRA-ID)",1
"Anna FOTYGA (POL-ECR)","Angel DZHAMBAZKI (BGR-ECR)",1
"Anna FOTYGA (POL-ECR)","Jadwiga WIŚNIEWSKA (POL-ECR)",1
"Anna FOTYGA (POL-ECR)","Kosma ZŁOTOWSKI (POL-ECR)",1
"Anna FOTYGA (POL-ECR)","Karol KARSKI (POL-ECR)",1
"Anna FOTYGA (POL-ECR)","Zdzisław KRASNODĘBSKI (POL-ECR)",1
"Anna FOTYGA (POL-ECR)","Ivan ŠTEFANEC (SVK-EPP)",1
"Anna FOTYGA (POL-ECR)","Angelo CIOCCA (ITA-ID)",1
"Anna FOTYGA (POL-ECR)","Jörg MEUTHEN (DEU-ID)",1
"Anna FOTYGA (POL-ECR)","Danilo Oscar LANCINI (ITA-ID)",1
"Anna FOTYGA (POL-ECR)","Geert BOURGEOIS (BEL-ECR)",1
"Anna FOTYGA (POL-ECR)","Assita KANKO (BEL-ECR)",1
"Anna FOTYGA (POL-ECR)","Lars Patrick BERG (DEU-ECR)",1
"Anna FOTYGA (POL-ECR)","Joachim Stanisław BRUDZIŃSKI (POL-ECR)",1
"Anna FOTYGA (POL-ECR)","Patryk JAKI (POL-ECR)",1
"Anna FOTYGA (POL-ECR)","Krzysztof JURGIEL (POL-ECR)",1
"Anna FOTYGA (POL-ECR)","Beata KEMPA (POL-ECR)",1
"Anna FOTYGA (POL-ECR)","Izabela-Helena KLOC (POL-ECR)",1
"Anna FOTYGA (POL-ECR)","Joanna KOPCIŃSKA (POL-ECR)",1
"Anna FOTYGA (POL-ECR)","Elżbieta KRUK (POL-ECR)",1
"Anna FOTYGA (POL-ECR)","Alexandr VONDRA (CZE-ECR)",1
"Anna FOTYGA (POL-ECR)","Beata MAZUREK (POL-ECR)",1
"Anna FOTYGA (POL-ECR)","Andżelika Anna MOŻDŻANOWSKA (POL-ECR)",1
"Anna FOTYGA (POL-ECR)","Elżbieta RAFALSKA (POL-ECR)",1
"Anna FOTYGA (POL-ECR)","Bogdan RZOŃCA (POL-ECR)",1
"Anna FOTYGA (POL-ECR)","Veronika VRECIONOVÁ (CZE-ECR)",1
"Anna FOTYGA (POL-ECR)","Beata SZYDŁO (POL-ECR)",1
"Anna FOTYGA (POL-ECR)","Grzegorz TOBISZOWSKI (POL-ECR)",1
"Anna FOTYGA (POL-ECR)","Witold Jan WASZCZYKOWSKI (POL-ECR)",1
"Anna FOTYGA (POL-ECR)","Anna ZALEWSKA (POL-ECR)",1
"Anna FOTYGA (POL-ECR)","Silvia SARDONE (ITA-ID)",1
"Anna FOTYGA (POL-ECR)","Stefania ZAMBELLI (ITA-ID)",1
"Anna FOTYGA (POL-ECR)","Pietro FIOCCHI (ITA-ECR)",1
"Anna FOTYGA (POL-ECR)","Gianantonio DA RE (ITA-ID)",1
"Anna FOTYGA (POL-ECR)","Alessandra BASSO (ITA-ID)",1
"Anna FOTYGA (POL-ECR)","Elena LIZZI (ITA-ID)",1
"Anna FOTYGA (POL-ECR)","Rosanna CONTE (ITA-ID)",1
"Anna FOTYGA (POL-ECR)","Hervé JUVIN (FRA-ID)",1
"Anna FOTYGA (POL-ECR)","Cristian TERHEŞ (ROU-ECR)",1
"Anna FOTYGA (POL-ECR)","Aurélia BEIGNEUX (FRA-ID)",1
"Anna FOTYGA (POL-ECR)","Bert-Jan RUISSEN (NLD-ECR)",1
"Anna FOTYGA (POL-ECR)","Susanna CECCARDI (ITA-ID)",1
"Anna FOTYGA (POL-ECR)","Antonio Maria RINALDI (ITA-ID)",1
"Anna FOTYGA (POL-ECR)","Annalisa TARDINO (ITA-ID)",1
"Anna FOTYGA (POL-ECR)","Nicola PROCACCINI (ITA-ECR)",1
"Anna FOTYGA (POL-ECR)","Giuseppe MILAZZO (ITA-ECR)",1
"Anna FOTYGA (POL-ECR)","Raffaele STANCANELLI (ITA-ECR)",1
"Anna FOTYGA (POL-ECR)","Matteo ADINOLFI (ITA-ID)",1
"Anna FOTYGA (POL-ECR)","Jorge BUXADÉ VILLALBA (ESP-ECR)",1
"Anna FOTYGA (POL-ECR)","Hermann TERTSCH (ESP-ECR)",1
"Anna FOTYGA (POL-ECR)","Andrey SLABAKOV (BGR-ECR)",1
"Anna FOTYGA (POL-ECR)","Mazaly AGUILAR (ESP-ECR)",1
"Anna FOTYGA (POL-ECR)","Vincenzo SOFO (ITA-ECR)",1
"Anna FOTYGA (POL-ECR)","Miriam LEXMANN (SVK-EPP)",1
"Anna FOTYGA (POL-ECR)","Dominik TARCZYŃSKI (POL-ECR)",1
"Anna FOTYGA (POL-ECR)","Margarita DE LA PISA CARRIÓN (ESP-ECR)",1
"Anna FOTYGA (POL-ECR)","Ladislav ILČIĆ (HRV-ECR)",1
"Ryszard CZARNECKI (POL-ECR)","Zbigniew KUŹMIUK (POL-ECR)",1
"Ryszard CZARNECKI (POL-ECR)","Roberts ZĪLE (LVA-ECR)",1
"Ryszard CZARNECKI (POL-ECR)","Marco CAMPOMENOSI (ITA-ID)",1
"Ryszard CZARNECKI (POL-ECR)","Waldemar TOMASZEWSKI (LTU-ECR)",1
"Ryszard CZARNECKI (POL-ECR)","Evžen TOŠENOVSKÝ (CZE-ECR)",1
"Ryszard CZARNECKI (POL-ECR)","Ryszard Antoni LEGUTKO (POL-ECR)",1
"Ryszard CZARNECKI (POL-ECR)","Tomasz Piotr PORĘBA (POL-ECR)",1
"Ryszard CZARNECKI (POL-ECR)","Carlo FIDANZA (ITA-ECR)",1
"Ryszard CZARNECKI (POL-ECR)","Alessandro PANZA (ITA-ID)",1
"Ryszard CZARNECKI (POL-ECR)","Paolo BORCHIA (ITA-ID)",1
"Ryszard CZARNECKI (POL-ECR)","Marco ZANNI (ITA-ID)",1
"Ryszard CZARNECKI (POL-ECR)","Angel DZHAMBAZKI (BGR-ECR)",1
"Ryszard CZARNECKI (POL-ECR)","Jadwiga WIŚNIEWSKA (POL-ECR)",1
"Ryszard CZARNECKI (POL-ECR)","Kosma ZŁOTOWSKI (POL-ECR)",1
"Ryszard CZARNECKI (POL-ECR)","Karol KARSKI (POL-ECR)",1
"Ryszard CZARNECKI (POL-ECR)","Zdzisław KRASNODĘBSKI (POL-ECR)",1
"Ryszard CZARNECKI (POL-ECR)","Angelo CIOCCA (ITA-ID)",1
"Ryszard CZARNECKI (POL-ECR)","Lars Patrick BERG (DEU-ECR)",1
"Ryszard CZARNECKI (POL-ECR)","Joachim Stanisław BRUDZIŃSKI (POL-ECR)",1
"Ryszard CZARNECKI (POL-ECR)","Patryk JAKI (POL-ECR)",1
"Ryszard CZARNECKI (POL-ECR)","Krzysztof JURGIEL (POL-ECR)",1
"Ryszard CZARNECKI (POL-ECR)","Beata KEMPA (POL-ECR)",1
"Ryszard CZARNECKI (POL-ECR)","Izabela-Helena KLOC (POL-ECR)",1
"Ryszard CZARNECKI (POL-ECR)","Joanna KOPCIŃSKA (POL-ECR)",1
"Ryszard CZARNECKI (POL-ECR)","Elżbieta KRUK (POL-ECR)",1
"Ryszard CZARNECKI (POL-ECR)","Beata MAZUREK (POL-ECR)",1
"Ryszard CZARNECKI (POL-ECR)","Andżelika Anna MOŻDŻANOWSKA (POL-ECR)",1
"Ryszard CZARNECKI (POL-ECR)","Elżbieta RAFALSKA (POL-ECR)",1
"Ryszard CZARNECKI (POL-ECR)","Bogdan RZOŃCA (POL-ECR)",1
"Ryszard CZARNECKI (POL-ECR)","Beata SZYDŁO (POL-ECR)",1
"Ryszard CZARNECKI (POL-ECR)","Grzegorz TOBISZOWSKI (POL-ECR)",1
"Ryszard CZARNECKI (POL-ECR)","Witold Jan WASZCZYKOWSKI (POL-ECR)",1
"Ryszard CZARNECKI (POL-ECR)","Anna ZALEWSKA (POL-ECR)",1
"Ryszard CZARNECKI (POL-ECR)","Silvia SARDONE (ITA-ID)",1
"Ryszard CZARNECKI (POL-ECR)","Gianna GANCIA (ITA-ID)",1
"Ryszard CZARNECKI (POL-ECR)","Pietro FIOCCHI (ITA-ECR)",1
"Ryszard CZARNECKI (POL-ECR)","Gianantonio DA RE (ITA-ID)",1
"Ryszard CZARNECKI (POL-ECR)","Alessandra BASSO (ITA-ID)",1
"Ryszard CZARNECKI (POL-ECR)","Elena LIZZI (ITA-ID)",1
"Ryszard CZARNECKI (POL-ECR)","Rosanna CONTE (ITA-ID)",1
"Ryszard CZARNECKI (POL-ECR)","Maxette PIRBAKAS (FRA-ID)",1
"Ryszard CZARNECKI (POL-ECR)","Cristian TERHEŞ (ROU-ECR)",1
"Ryszard CZARNECKI (POL-ECR)","Bert-Jan RUISSEN (NLD-ECR)",1
"Ryszard CZARNECKI (POL-ECR)","Susanna CECCARDI (ITA-ID)",1
"Ryszard CZARNECKI (POL-ECR)","Antonio Maria RINALDI (ITA-ID)",1
"Ryszard CZARNECKI (POL-ECR)","Valentino GRANT (ITA-ID)",1
"Ryszard CZARNECKI (POL-ECR)","Nicola PROCACCINI (ITA-ECR)",1
"Ryszard CZARNECKI (POL-ECR)","Raffaele STANCANELLI (ITA-ECR)",1
"Ryszard CZARNECKI (POL-ECR)","Jorge BUXADÉ VILLALBA (ESP-ECR)",1
"Ryszard CZARNECKI (POL-ECR)","Hermann TERTSCH (ESP-ECR)",1
"Ryszard CZARNECKI (POL-ECR)","Andrey SLABAKOV (BGR-ECR)",1
"Ryszard CZARNECKI (POL-ECR)","Mazaly AGUILAR (ESP-ECR)",1
"Ryszard CZARNECKI (POL-ECR)","Emmanouil FRAGKOS (GRC-ECR)",1
"Ryszard CZARNECKI (POL-ECR)","Vincenzo SOFO (ITA-ECR)",1
"Ryszard CZARNECKI (POL-ECR)","Dominik TARCZYŃSKI (POL-ECR)",1
"Ryszard CZARNECKI (POL-ECR)","Margarita DE LA PISA CARRIÓN (ESP-ECR)",1
"Ryszard CZARNECKI (POL-ECR)","Ladislav ILČIĆ (HRV-ECR)",1
"Zbigniew KUŹMIUK (POL-ECR)","Roberts ZĪLE (LVA-ECR)",1
"Zbigniew KUŹMIUK (POL-ECR)","Waldemar TOMASZEWSKI (LTU-ECR)",1
"Zbigniew KUŹMIUK (POL-ECR)","Ryszard Antoni LEGUTKO (POL-ECR)",1
"Zbigniew KUŹMIUK (POL-ECR)","Tomasz Piotr PORĘBA (POL-ECR)",1
"Zbigniew KUŹMIUK (POL-ECR)","Peter van DALEN (NLD-EPP)",1
"Zbigniew KUŹMIUK (POL-ECR)","Carlo FIDANZA (ITA-ECR)",1
"Zbigniew KUŹMIUK (POL-ECR)","Mara BIZZOTTO (ITA-ID)",1
"Zbigniew KUŹMIUK (POL-ECR)","Paolo BORCHIA (ITA-ID)",1
"Zbigniew KUŹMIUK (POL-ECR)","György HÖLVÉNYI (HUN-EPP)",1
"Zbigniew KUŹMIUK (POL-ECR)","Jean-François JALKH (FRA-ID)",1
"Zbigniew KUŹMIUK (POL-ECR)","Angel DZHAMBAZKI (BGR-ECR)",1
"Zbigniew KUŹMIUK (POL-ECR)","Jadwiga WIŚNIEWSKA (POL-ECR)",1
"Zbigniew KUŹMIUK (POL-ECR)","Kosma ZŁOTOWSKI (POL-ECR)",1
"Zbigniew KUŹMIUK (POL-ECR)","Karol KARSKI (POL-ECR)",1
"Zbigniew KUŹMIUK (POL-ECR)","Zdzisław KRASNODĘBSKI (POL-ECR)",1
"Zbigniew KUŹMIUK (POL-ECR)","Krzysztof HETMAN (POL-EPP)",1
"Zbigniew KUŹMIUK (POL-ECR)","Angelo CIOCCA (ITA-ID)",1
"Zbigniew KUŹMIUK (POL-ECR)","Danilo Oscar LANCINI (ITA-ID)",1
"Zbigniew KUŹMIUK (POL-ECR)","Erik BERGKVIST (SWE-SD)",1
"Zbigniew KUŹMIUK (POL-ECR)","Assita KANKO (BEL-ECR)",1
"Zbigniew KUŹMIUK (POL-ECR)","Bartosz ARŁUKOWICZ (POL-EPP)",1
"Zbigniew KUŹMIUK (POL-ECR)","Joachim Stanisław BRUDZIŃSKI (POL-ECR)",1
"Zbigniew KUŹMIUK (POL-ECR)","Patryk JAKI (POL-ECR)",1
"Zbigniew KUŹMIUK (POL-ECR)","Krzysztof JURGIEL (POL-ECR)",1
"Zbigniew KUŹMIUK (POL-ECR)","Beata KEMPA (POL-ECR)",1
"Zbigniew KUŹMIUK (POL-ECR)","Izabela-Helena KLOC (POL-ECR)",1
"Zbigniew KUŹMIUK (POL-ECR)","Joanna KOPCIŃSKA (POL-ECR)",1
"Zbigniew KUŹMIUK (POL-ECR)","Elżbieta KRUK (POL-ECR)",1
"Zbigniew KUŹMIUK (POL-ECR)","Beata MAZUREK (POL-ECR)",1
"Zbigniew KUŹMIUK (POL-ECR)","Andżelika Anna MOŻDŻANOWSKA (POL-ECR)",1
"Zbigniew KUŹMIUK (POL-ECR)","Elżbieta RAFALSKA (POL-ECR)",1
"Zbigniew KUŹMIUK (POL-ECR)","Bogdan RZOŃCA (POL-ECR)",1
"Zbigniew KUŹMIUK (POL-ECR)","Beata SZYDŁO (POL-ECR)",1
"Zbigniew KUŹMIUK (POL-ECR)","Søren GADE (DNK-RENEW)",1
"Zbigniew KUŹMIUK (POL-ECR)","Grzegorz TOBISZOWSKI (POL-ECR)",1
"Zbigniew KUŹMIUK (POL-ECR)","Witold Jan WASZCZYKOWSKI (POL-ECR)",1
"Zbigniew KUŹMIUK (POL-ECR)","Anna ZALEWSKA (POL-ECR)",1
"Zbigniew KUŹMIUK (POL-ECR)","Pietro FIOCCHI (ITA-ECR)",1
"Zbigniew KUŹMIUK (POL-ECR)","Gianantonio DA RE (ITA-ID)",1
"Zbigniew KUŹMIUK (POL-ECR)","Alessandra BASSO (ITA-ID)",1
"Zbigniew KUŹMIUK (POL-ECR)","Rosanna CONTE (ITA-ID)",1
"Zbigniew KUŹMIUK (POL-ECR)","Cristian TERHEŞ (ROU-ECR)",1
"Zbigniew KUŹMIUK (POL-ECR)","Simone SCHMIEDTBAUER (AUT-EPP)",1
"Zbigniew KUŹMIUK (POL-ECR)","Bert-Jan RUISSEN (NLD-ECR)",1
"Zbigniew KUŹMIUK (POL-ECR)","Anna BONFRISCO (ITA-ID)",1
"Zbigniew KUŹMIUK (POL-ECR)","Simona BALDASSARRE (ITA-ID)",1
"Zbigniew KUŹMIUK (POL-ECR)","Andrea CAROPPO (ITA-EPP)",1
"Zbigniew KUŹMIUK (POL-ECR)","Nicola PROCACCINI (ITA-ECR)",1
"Zbigniew KUŹMIUK (POL-ECR)","Giuseppe MILAZZO (ITA-ECR)",1
"Zbigniew KUŹMIUK (POL-ECR)","Raffaele STANCANELLI (ITA-ECR)",1
"Zbigniew KUŹMIUK (POL-ECR)","Jorge BUXADÉ VILLALBA (ESP-ECR)",1
"Zbigniew KUŹMIUK (POL-ECR)","Hermann TERTSCH (ESP-ECR)",1
"Zbigniew KUŹMIUK (POL-ECR)","Andrey SLABAKOV (BGR-ECR)",1
"Zbigniew KUŹMIUK (POL-ECR)","Mazaly AGUILAR (ESP-ECR)",1
"Zbigniew KUŹMIUK (POL-ECR)","Emmanouil FRAGKOS (GRC-ECR)",1
"Zbigniew KUŹMIUK (POL-ECR)","Vincenzo SOFO (ITA-ECR)",1
"Zbigniew KUŹMIUK (POL-ECR)","Dominik TARCZYŃSKI (POL-ECR)",1
"Zbigniew KUŹMIUK (POL-ECR)","Margarita DE LA PISA CARRIÓN (ESP-ECR)",1
"Pilar del CASTILLO VERA (ESP-EPP)","Antonio LÓPEZ-ISTÚRIZ WHITE (ESP-EPP)",1
"Pilar del CASTILLO VERA (ESP-EPP)","Francisco José MILLÁN MON (ESP-EPP)",1
"Pilar del CASTILLO VERA (ESP-EPP)","Cristian-Silviu BUŞOI (ROU-EPP)",1
"Pilar del CASTILLO VERA (ESP-EPP)","Pablo ARIAS ECHEVERRÍA (ESP-EPP)",1
"Pilar del CASTILLO VERA (ESP-EPP)","Rosa ESTARÀS FERRAGUT (ESP-EPP)",1
"Pilar del CASTILLO VERA (ESP-EPP)","Gabriel MATO (ESP-EPP)",1
"Pilar del CASTILLO VERA (ESP-EPP)","Henna VIRKKUNEN (FIN-EPP)",1
"Pilar del CASTILLO VERA (ESP-EPP)","Emil RADEV (BGR-EPP)",1
"Pilar del CASTILLO VERA (ESP-EPP)","Niclas HERBST (DEU-EPP)",1
"Pilar del CASTILLO VERA (ESP-EPP)","Javier ZARZALEJOS (ESP-EPP)",1
"Pilar del CASTILLO VERA (ESP-EPP)","Juan Ignacio ZOIDO ÁLVAREZ (ESP-EPP)",1
"Pilar del CASTILLO VERA (ESP-EPP)","Angelika WINZIG (AUT-EPP)",1
"Pilar del CASTILLO VERA (ESP-EPP)","Isabel BENJUMEA BENJUMEA (ESP-EPP)",1
"Pilar del CASTILLO VERA (ESP-EPP)","Dolors MONTSERRAT (ESP-EPP)",1
"Pilar del CASTILLO VERA (ESP-EPP)","Leopoldo LÓPEZ GIL (ESP-EPP)",1
"Antonio LÓPEZ-ISTÚRIZ WHITE (ESP-EPP)","Francisco José MILLÁN MON (ESP-EPP)",1
"Antonio LÓPEZ-ISTÚRIZ WHITE (ESP-EPP)","Marian-Jean MARINESCU (ROU-EPP)",1
"Antonio LÓPEZ-ISTÚRIZ WHITE (ESP-EPP)","Cristian-Silviu BUŞOI (ROU-EPP)",1
"Antonio LÓPEZ-ISTÚRIZ WHITE (ESP-EPP)","Iuliu WINKLER (ROU-EPP)",1
"Antonio LÓPEZ-ISTÚRIZ WHITE (ESP-EPP)","Jeroen LENAERS (NLD-EPP)",1
"Antonio LÓPEZ-ISTÚRIZ WHITE (ESP-EPP)","Sabine VERHEYEN (DEU-EPP)",1
"Antonio LÓPEZ-ISTÚRIZ WHITE (ESP-EPP)","Herbert DORFMANN (ITA-EPP)",1
"Antonio LÓPEZ-ISTÚRIZ WHITE (ESP-EPP)","Pablo ARIAS ECHEVERRÍA (ESP-EPP)",1
"Antonio LÓPEZ-ISTÚRIZ WHITE (ESP-EPP)","Rosa ESTARÀS FERRAGUT (ESP-EPP)",1
"Antonio LÓPEZ-ISTÚRIZ WHITE (ESP-EPP)","Gabriel MATO (ESP-EPP)",1
"Antonio LÓPEZ-ISTÚRIZ WHITE (ESP-EPP)","Andrey KOVATCHEV (BGR-EPP)",1
"Antonio LÓPEZ-ISTÚRIZ WHITE (ESP-EPP)","Loránt VINCZE (ROU-EPP)",1
"Antonio LÓPEZ-ISTÚRIZ WHITE (ESP-EPP)","Tomáš ZDECHOVSKÝ (CZE-EPP)",1
"Antonio LÓPEZ-ISTÚRIZ WHITE (ESP-EPP)","Siegfried MUREŞAN (ROU-EPP)",1
"Antonio LÓPEZ-ISTÚRIZ WHITE (ESP-EPP)","David McALLISTER (DEU-EPP)",1
"Antonio LÓPEZ-ISTÚRIZ WHITE (ESP-EPP)","Norbert LINS (DEU-EPP)",1
"Antonio LÓPEZ-ISTÚRIZ WHITE (ESP-EPP)","Ivan ŠTEFANEC (SVK-EPP)",1
"Antonio LÓPEZ-ISTÚRIZ WHITE (ESP-EPP)","Franc BOGOVIČ (SVN-EPP)",1
"Antonio LÓPEZ-ISTÚRIZ WHITE (ESP-EPP)","Daniel BUDA (ROU-EPP)",1
"Antonio LÓPEZ-ISTÚRIZ WHITE (ESP-EPP)","Massimiliano SALINI (ITA-EPP)",1
"Antonio LÓPEZ-ISTÚRIZ WHITE (ESP-EPP)","Asim ADEMOV (BGR-EPP)",1
"Antonio LÓPEZ-ISTÚRIZ WHITE (ESP-EPP)","Lukas MANDL (AUT-EPP)",1
"Antonio LÓPEZ-ISTÚRIZ WHITE (ESP-EPP)","Hildegard BENTELE (DEU-EPP)",1
"Antonio LÓPEZ-ISTÚRIZ WHITE (ESP-EPP)","Christine SCHNEIDER (DEU-EPP)",1
"Antonio LÓPEZ-ISTÚRIZ WHITE (ESP-EPP)","Ralf SEEKATZ (DEU-EPP)",1
"Antonio LÓPEZ-ISTÚRIZ WHITE (ESP-EPP)","Sven SIMON (DEU-EPP)",1
"Antonio LÓPEZ-ISTÚRIZ WHITE (ESP-EPP)","Marlene MORTLER (DEU-EPP)",1
"Antonio LÓPEZ-ISTÚRIZ WHITE (ESP-EPP)","Marion WALSMANN (DEU-EPP)",1
"Antonio LÓPEZ-ISTÚRIZ WHITE (ESP-EPP)","Christian DOLESCHAL (DEU-EPP)",1
"Antonio LÓPEZ-ISTÚRIZ WHITE (ESP-EPP)","Tomasz FRANKOWSKI (POL-EPP)",1
"Antonio LÓPEZ-ISTÚRIZ WHITE (ESP-EPP)","Javier ZARZALEJOS (ESP-EPP)",1
"Antonio LÓPEZ-ISTÚRIZ WHITE (ESP-EPP)","Juan Ignacio ZOIDO ÁLVAREZ (ESP-EPP)",1
"Antonio LÓPEZ-ISTÚRIZ WHITE (ESP-EPP)","Vasile BLAGA (ROU-EPP)",1
"Antonio LÓPEZ-ISTÚRIZ WHITE (ESP-EPP)","Traian BĂSESCU (ROU-EPP)",1
"Antonio LÓPEZ-ISTÚRIZ WHITE (ESP-EPP)","Eugen TOMAC (ROU-EPP)",1
"Antonio LÓPEZ-ISTÚRIZ WHITE (ESP-EPP)","Isabel BENJUMEA BENJUMEA (ESP-EPP)",1
"Antonio LÓPEZ-ISTÚRIZ WHITE (ESP-EPP)","Dolors MONTSERRAT (ESP-EPP)",1
"Antonio LÓPEZ-ISTÚRIZ WHITE (ESP-EPP)","Leopoldo LÓPEZ GIL (ESP-EPP)",1
"Antonio LÓPEZ-ISTÚRIZ WHITE (ESP-EPP)","Tom BERENDSEN (NLD-EPP)",1
"Antonio LÓPEZ-ISTÚRIZ WHITE (ESP-EPP)","Aušra SEIBUTYTĖ (LTU-EPP)",1
"Antonio LÓPEZ-ISTÚRIZ WHITE (ESP-EPP)","Alexander ALEXANDROV YORDANOV (BGR-EPP)",1
"Antonio LÓPEZ-ISTÚRIZ WHITE (ESP-EPP)","Rasa JUKNEVIČIENĖ (LTU-EPP)",1
"Antonio LÓPEZ-ISTÚRIZ WHITE (ESP-EPP)","Liudas MAŽYLIS (LTU-EPP)",1
"Antonio LÓPEZ-ISTÚRIZ WHITE (ESP-EPP)","Andrius KUBILIUS (LTU-EPP)",1
"Antonio LÓPEZ-ISTÚRIZ WHITE (ESP-EPP)","Salvatore DE MEO (ITA-EPP)",1
"Antonio LÓPEZ-ISTÚRIZ WHITE (ESP-EPP)","Riho TERRAS (EST-EPP)",1
"Francisco José MILLÁN MON (ESP-EPP)","Marian-Jean MARINESCU (ROU-EPP)",1
"Francisco José MILLÁN MON (ESP-EPP)","Cristian-Silviu BUŞOI (ROU-EPP)",1
"Francisco José MILLÁN MON (ESP-EPP)","Jeroen LENAERS (NLD-EPP)",1
"Francisco José MILLÁN MON (ESP-EPP)","Sabine VERHEYEN (DEU-EPP)",1
"Francisco José MILLÁN MON (ESP-EPP)","Axel VOSS (DEU-EPP)",1
"Francisco José MILLÁN MON (ESP-EPP)","Peter JAHR (DEU-EPP)",1
"Francisco José MILLÁN MON (ESP-EPP)","Herbert DORFMANN (ITA-EPP)",1
"Francisco José MILLÁN MON (ESP-EPP)","Pablo ARIAS ECHEVERRÍA (ESP-EPP)",1
"Francisco José MILLÁN MON (ESP-EPP)","Rosa ESTARÀS FERRAGUT (ESP-EPP)",1
"Francisco José MILLÁN MON (ESP-EPP)","Gabriel MATO (ESP-EPP)",1
"Francisco José MILLÁN MON (ESP-EPP)","Andrey KOVATCHEV (BGR-EPP)",1
"Francisco José MILLÁN MON (ESP-EPP)","Loránt VINCZE (ROU-EPP)",1
"Francisco José MILLÁN MON (ESP-EPP)","Lena DÜPONT (DEU-EPP)",1
"Francisco José MILLÁN MON (ESP-EPP)","Tomáš ZDECHOVSKÝ (CZE-EPP)",1
"Francisco José MILLÁN MON (ESP-EPP)","Siegfried MUREŞAN (ROU-EPP)",1
"Francisco José MILLÁN MON (ESP-EPP)","David McALLISTER (DEU-EPP)",1
"Francisco José MILLÁN MON (ESP-EPP)","Norbert LINS (DEU-EPP)",1
"Francisco José MILLÁN MON (ESP-EPP)","Franc BOGOVIČ (SVN-EPP)",1
"Francisco José MILLÁN MON (ESP-EPP)","Daniel BUDA (ROU-EPP)",1
"Francisco José MILLÁN MON (ESP-EPP)","Massimiliano SALINI (ITA-EPP)",1
"Francisco José MILLÁN MON (ESP-EPP)","Asim ADEMOV (BGR-EPP)",1
"Francisco José MILLÁN MON (ESP-EPP)","Lukas MANDL (AUT-EPP)",1
"Francisco José MILLÁN MON (ESP-EPP)","Hildegard BENTELE (DEU-EPP)",1
"Francisco José MILLÁN MON (ESP-EPP)","Ralf SEEKATZ (DEU-EPP)",1
"Francisco José MILLÁN MON (ESP-EPP)","Sven SIMON (DEU-EPP)",1
"Francisco José MILLÁN MON (ESP-EPP)","Marlene MORTLER (DEU-EPP)",1
"Francisco José MILLÁN MON (ESP-EPP)","Marion WALSMANN (DEU-EPP)",1
"Francisco José MILLÁN MON (ESP-EPP)","Christian DOLESCHAL (DEU-EPP)",1
"Francisco José MILLÁN MON (ESP-EPP)","Tomasz FRANKOWSKI (POL-EPP)",1
"Francisco José MILLÁN MON (ESP-EPP)","Javier ZARZALEJOS (ESP-EPP)",1
"Francisco José MILLÁN MON (ESP-EPP)","Juan Ignacio ZOIDO ÁLVAREZ (ESP-EPP)",1
"Francisco José MILLÁN MON (ESP-EPP)","Vasile BLAGA (ROU-EPP)",1
"Francisco José MILLÁN MON (ESP-EPP)","Mircea-Gheorghe HAVA (ROU-EPP)",1
"Francisco José MILLÁN MON (ESP-EPP)","Angelika WINZIG (AUT-EPP)",1
"Francisco José MILLÁN MON (ESP-EPP)","Traian BĂSESCU (ROU-EPP)",1
"Francisco José MILLÁN MON (ESP-EPP)","Isabel BENJUMEA BENJUMEA (ESP-EPP)",1
"Francisco José MILLÁN MON (ESP-EPP)","Dolors MONTSERRAT (ESP-EPP)",1
"Francisco José MILLÁN MON (ESP-EPP)","Leopoldo LÓPEZ GIL (ESP-EPP)",1
"Francisco José MILLÁN MON (ESP-EPP)","Tom BERENDSEN (NLD-EPP)",1
"Francisco José MILLÁN MON (ESP-EPP)","Aušra SEIBUTYTĖ (LTU-EPP)",1
"Francisco José MILLÁN MON (ESP-EPP)","Alexander ALEXANDROV YORDANOV (BGR-EPP)",1
"Francisco José MILLÁN MON (ESP-EPP)","Rasa JUKNEVIČIENĖ (LTU-EPP)",1
"Francisco José MILLÁN MON (ESP-EPP)","Liudas MAŽYLIS (LTU-EPP)",1
"Francisco José MILLÁN MON (ESP-EPP)","Andrius KUBILIUS (LTU-EPP)",1
"Francisco José MILLÁN MON (ESP-EPP)","Salvatore DE MEO (ITA-EPP)",1
"Francisco José MILLÁN MON (ESP-EPP)","Riho TERRAS (EST-EPP)",1
"Dimitrios PAPADIMOULIS (GRC-GUE_NGL)","Petros KOKKALIS (GRC-GUE_NGL)",1
"Roberts ZĪLE (LVA-ECR)","Marco CAMPOMENOSI (ITA-ID)",1
"Roberts ZĪLE (LVA-ECR)","Waldemar TOMASZEWSKI (LTU-ECR)",1
"Roberts ZĪLE (LVA-ECR)","Ryszard Antoni LEGUTKO (POL-ECR)",1
"Roberts ZĪLE (LVA-ECR)","Tomasz Piotr PORĘBA (POL-ECR)",1
"Roberts ZĪLE (LVA-ECR)","Carlo FIDANZA (ITA-ECR)",1
"Roberts ZĪLE (LVA-ECR)","Paolo BORCHIA (ITA-ID)",1
"Roberts ZĪLE (LVA-ECR)","György HÖLVÉNYI (HUN-EPP)",1
"Roberts ZĪLE (LVA-ECR)","Nicolas BAY (FRA-ID)",1
"Roberts ZĪLE (LVA-ECR)","Marco ZANNI (ITA-ID)",1
"Roberts ZĪLE (LVA-ECR)","Angel DZHAMBAZKI (BGR-ECR)",1
"Roberts ZĪLE (LVA-ECR)","Jadwiga WIŚNIEWSKA (POL-ECR)",1
"Roberts ZĪLE (LVA-ECR)","Kosma ZŁOTOWSKI (POL-ECR)",1
"Roberts ZĪLE (LVA-ECR)","Karol KARSKI (POL-ECR)",1
"Roberts ZĪLE (LVA-ECR)","Zdzisław KRASNODĘBSKI (POL-ECR)",1
"Roberts ZĪLE (LVA-ECR)","Angelo CIOCCA (ITA-ID)",1
"Roberts ZĪLE (LVA-ECR)","Danilo Oscar LANCINI (ITA-ID)",1
"Roberts ZĪLE (LVA-ECR)","Joachim Stanisław BRUDZIŃSKI (POL-ECR)",1
"Roberts ZĪLE (LVA-ECR)","Patryk JAKI (POL-ECR)",1
"Roberts ZĪLE (LVA-ECR)","Krzysztof JURGIEL (POL-ECR)",1
"Roberts ZĪLE (LVA-ECR)","Beata KEMPA (POL-ECR)",1
"Roberts ZĪLE (LVA-ECR)","Izabela-Helena KLOC (POL-ECR)",1
"Roberts ZĪLE (LVA-ECR)","Joanna KOPCIŃSKA (POL-ECR)",1
"Roberts ZĪLE (LVA-ECR)","Elżbieta KRUK (POL-ECR)",1
"Roberts ZĪLE (LVA-ECR)","Beata MAZUREK (POL-ECR)",1
"Roberts ZĪLE (LVA-ECR)","Andżelika Anna MOŻDŻANOWSKA (POL-ECR)",1
"Roberts ZĪLE (LVA-ECR)","Elżbieta RAFALSKA (POL-ECR)",1
"Roberts ZĪLE (LVA-ECR)","Bogdan RZOŃCA (POL-ECR)",1
"Roberts ZĪLE (LVA-ECR)","Beata SZYDŁO (POL-ECR)",1
"Roberts ZĪLE (LVA-ECR)","Grzegorz TOBISZOWSKI (POL-ECR)",1
"Roberts ZĪLE (LVA-ECR)","Witold Jan WASZCZYKOWSKI (POL-ECR)",1
"Roberts ZĪLE (LVA-ECR)","Anna ZALEWSKA (POL-ECR)",1
"Roberts ZĪLE (LVA-ECR)","Silvia SARDONE (ITA-ID)",1
"Roberts ZĪLE (LVA-ECR)","Isabella TOVAGLIERI (ITA-ID)",1
"Roberts ZĪLE (LVA-ECR)","Pietro FIOCCHI (ITA-ECR)",1
"Roberts ZĪLE (LVA-ECR)","Elena LIZZI (ITA-ID)",1
"Roberts ZĪLE (LVA-ECR)","Rosanna CONTE (ITA-ID)",1
"Roberts ZĪLE (LVA-ECR)","Cristian TERHEŞ (ROU-ECR)",1
"Roberts ZĪLE (LVA-ECR)","Bert-Jan RUISSEN (NLD-ECR)",1
"Roberts ZĪLE (LVA-ECR)","Susanna CECCARDI (ITA-ID)",1
"Roberts ZĪLE (LVA-ECR)","Antonio Maria RINALDI (ITA-ID)",1
"Roberts ZĪLE (LVA-ECR)","Massimo CASANOVA (ITA-ID)",1
"Roberts ZĪLE (LVA-ECR)","Valentino GRANT (ITA-ID)",1
"Roberts ZĪLE (LVA-ECR)","Annalisa TARDINO (ITA-ID)",1
"Roberts ZĪLE (LVA-ECR)","Nicola PROCACCINI (ITA-ECR)",1
"Roberts ZĪLE (LVA-ECR)","Giuseppe MILAZZO (ITA-ECR)",1
"Roberts ZĪLE (LVA-ECR)","Raffaele STANCANELLI (ITA-ECR)",1
"Roberts ZĪLE (LVA-ECR)","Matteo ADINOLFI (ITA-ID)",1
"Roberts ZĪLE (LVA-ECR)","Andrey SLABAKOV (BGR-ECR)",1
"Roberts ZĪLE (LVA-ECR)","Vincenzo SOFO (ITA-ECR)",1
"Roberts ZĪLE (LVA-ECR)","Dominik TARCZYŃSKI (POL-ECR)",1
"Inese VAIDERE (LVA-EPP)","Marian-Jean MARINESCU (ROU-EPP)",1
"Inese VAIDERE (LVA-EPP)","Jarosław KALINOWSKI (POL-EPP)",1
"Inese VAIDERE (LVA-EPP)","Christine SCHNEIDER (DEU-EPP)",1
"Inese VAIDERE (LVA-EPP)","Sven SIMON (DEU-EPP)",1
"Inese VAIDERE (LVA-EPP)","Adam JARUBAS (POL-EPP)",1
"Tatjana ŽDANOKA (LVA-GREEN_EFA)","Marc BOTENGA (BEL-GUE_NGL)",1
"Tatjana ŽDANOKA (LVA-GREEN_EFA)","Clare DALY (IRL-GUE_NGL)",1
"Tatjana ŽDANOKA (LVA-GREEN_EFA)","Eugenia RODRÍGUEZ PALOP (ESP-GUE_NGL)",1
"Tatjana ŽDANOKA (LVA-GREEN_EFA)","Mick WALLACE (IRL-GUE_NGL)",1
"Marc TARABELLA (BEL-SD)","Andrea COZZOLINO (ITA-SD)",1
"Younous OMARJEE (FRA-GUE_NGL)","Anne-Sophie PELLETIER (FRA-GUE_NGL)",1
"Younous OMARJEE (FRA-GUE_NGL)","Leila CHAIBI (FRA-GUE_NGL)",1
"Younous OMARJEE (FRA-GUE_NGL)","Manon AUBRY (FRA-GUE_NGL)",1
"Younous OMARJEE (FRA-GUE_NGL)","Clare DALY (IRL-GUE_NGL)",1
"Marian-Jean MARINESCU (ROU-EPP)","Iuliu WINKLER (ROU-EPP)",1
"Marian-Jean MARINESCU (ROU-EPP)","Jeroen LENAERS (NLD-EPP)",1
"Marian-Jean MARINESCU (ROU-EPP)","Sabine VERHEYEN (DEU-EPP)",1
"Marian-Jean MARINESCU (ROU-EPP)","Axel VOSS (DEU-EPP)",1
"Marian-Jean MARINESCU (ROU-EPP)","Jarosław KALINOWSKI (POL-EPP)",1
"Marian-Jean MARINESCU (ROU-EPP)","Peter JAHR (DEU-EPP)",1
"Marian-Jean MARINESCU (ROU-EPP)","Herbert DORFMANN (ITA-EPP)",1
"Marian-Jean MARINESCU (ROU-EPP)","Pablo ARIAS ECHEVERRÍA (ESP-EPP)",1
"Marian-Jean MARINESCU (ROU-EPP)","Rosa ESTARÀS FERRAGUT (ESP-EPP)",1
"Marian-Jean MARINESCU (ROU-EPP)","Andrey KOVATCHEV (BGR-EPP)",1
"Marian-Jean MARINESCU (ROU-EPP)","Loránt VINCZE (ROU-EPP)",1
"Marian-Jean MARINESCU (ROU-EPP)","Andrey NOVAKOV (BGR-EPP)",1
"Marian-Jean MARINESCU (ROU-EPP)","Siegfried MUREŞAN (ROU-EPP)",1
"Marian-Jean MARINESCU (ROU-EPP)","David McALLISTER (DEU-EPP)",1
"Marian-Jean MARINESCU (ROU-EPP)","Jens GIESEKE (DEU-EPP)",1
"Marian-Jean MARINESCU (ROU-EPP)","Norbert LINS (DEU-EPP)",1
"Marian-Jean MARINESCU (ROU-EPP)","Franc BOGOVIČ (SVN-EPP)",1
"Marian-Jean MARINESCU (ROU-EPP)","Daniel BUDA (ROU-EPP)",1
"Marian-Jean MARINESCU (ROU-EPP)","Dennis RADTKE (DEU-EPP)",1
"Marian-Jean MARINESCU (ROU-EPP)","Asim ADEMOV (BGR-EPP)",1
"Marian-Jean MARINESCU (ROU-EPP)","Lukas MANDL (AUT-EPP)",1
"Marian-Jean MARINESCU (ROU-EPP)","Hildegard BENTELE (DEU-EPP)",1
"Marian-Jean MARINESCU (ROU-EPP)","Niclas HERBST (DEU-EPP)",1
"Marian-Jean MARINESCU (ROU-EPP)","Christine SCHNEIDER (DEU-EPP)",1
"Marian-Jean MARINESCU (ROU-EPP)","Ralf SEEKATZ (DEU-EPP)",1
"Marian-Jean MARINESCU (ROU-EPP)","Sven SIMON (DEU-EPP)",1
"Marian-Jean MARINESCU (ROU-EPP)","Marlene MORTLER (DEU-EPP)",1
"Marian-Jean MARINESCU (ROU-EPP)","Marion WALSMANN (DEU-EPP)",1
"Marian-Jean MARINESCU (ROU-EPP)","Christian DOLESCHAL (DEU-EPP)",1
"Marian-Jean MARINESCU (ROU-EPP)","Jarosław DUDA (POL-EPP)",1
"Marian-Jean MARINESCU (ROU-EPP)","Tomasz FRANKOWSKI (POL-EPP)",1
"Marian-Jean MARINESCU (ROU-EPP)","Adam JARUBAS (POL-EPP)",1
"Marian-Jean MARINESCU (ROU-EPP)","Javier ZARZALEJOS (ESP-EPP)",1
"Marian-Jean MARINESCU (ROU-EPP)","Vasile BLAGA (ROU-EPP)",1
"Marian-Jean MARINESCU (ROU-EPP)","Mircea-Gheorghe HAVA (ROU-EPP)",1
"Marian-Jean MARINESCU (ROU-EPP)","Angelika WINZIG (AUT-EPP)",1
"Marian-Jean MARINESCU (ROU-EPP)","Barbara THALER (AUT-EPP)",1
"Marian-Jean MARINESCU (ROU-EPP)","Traian BĂSESCU (ROU-EPP)",1
"Marian-Jean MARINESCU (ROU-EPP)","Eugen TOMAC (ROU-EPP)",1
"Marian-Jean MARINESCU (ROU-EPP)","Tom BERENDSEN (NLD-EPP)",1
"Marian-Jean MARINESCU (ROU-EPP)","Aušra SEIBUTYTĖ (LTU-EPP)",1
"Marian-Jean MARINESCU (ROU-EPP)","Alexander ALEXANDROV YORDANOV (BGR-EPP)",1
"Marian-Jean MARINESCU (ROU-EPP)","Liudas MAŽYLIS (LTU-EPP)",1
"Marian-Jean MARINESCU (ROU-EPP)","Andrius KUBILIUS (LTU-EPP)",1
"Marian-Jean MARINESCU (ROU-EPP)","Christian SAGARTZ (AUT-EPP)",1
"Marian-Jean MARINESCU (ROU-EPP)","Riho TERRAS (EST-EPP)",1
"Corina CREȚU (ROU-SD)","Victor NEGRESCU (ROU-SD)",1
"Corina CREȚU (ROU-SD)","Elissavet VOZEMBERG-VRIONIDI (GRC-EPP)",1
"Marco CAMPOMENOSI (ITA-ID)","Catherine GRISET (FRA-ID)",1
"Marco CAMPOMENOSI (ITA-ID)","Ryszard Antoni LEGUTKO (POL-ECR)",1
"Marco CAMPOMENOSI (ITA-ID)","Tomasz Piotr PORĘBA (POL-ECR)",1
"Marco CAMPOMENOSI (ITA-ID)","Carlo FIDANZA (ITA-ECR)",1
"Marco CAMPOMENOSI (ITA-ID)","Mara BIZZOTTO (ITA-ID)",1
"Marco CAMPOMENOSI (ITA-ID)","Alessandro PANZA (ITA-ID)",1
"Marco CAMPOMENOSI (ITA-ID)","Paolo BORCHIA (ITA-ID)",1
"Marco CAMPOMENOSI (ITA-ID)","Gilles LEBRETON (FRA-ID)",1
"Marco CAMPOMENOSI (ITA-ID)","Nicolas BAY (FRA-ID)",1
"Marco CAMPOMENOSI (ITA-ID)","Dominique BILDE (FRA-ID)",1
"Marco CAMPOMENOSI (ITA-ID)","Marco ZANNI (ITA-ID)",1
"Marco CAMPOMENOSI (ITA-ID)","Angel DZHAMBAZKI (BGR-ECR)",1
"Marco CAMPOMENOSI (ITA-ID)","Jadwiga WIŚNIEWSKA (POL-ECR)",1
"Marco CAMPOMENOSI (ITA-ID)","Kosma ZŁOTOWSKI (POL-ECR)",1
"Marco CAMPOMENOSI (ITA-ID)","Karol KARSKI (POL-ECR)",1
"Marco CAMPOMENOSI (ITA-ID)","Zdzisław KRASNODĘBSKI (POL-ECR)",1
"Marco CAMPOMENOSI (ITA-ID)","Gerolf ANNEMANS (BEL-ID)",1
"Marco CAMPOMENOSI (ITA-ID)","Jordan BARDELLA (FRA-ID)",1
"Marco CAMPOMENOSI (ITA-ID)","Annika BRUNA (FRA-ID)",1
"Marco CAMPOMENOSI (ITA-ID)","Angelo CIOCCA (ITA-ID)",1
"Marco CAMPOMENOSI (ITA-ID)","Tom VANDENDRIESSCHE (BEL-ID)",1
"Marco CAMPOMENOSI (ITA-ID)","France JAMET (FRA-ID)",1
"Marco CAMPOMENOSI (ITA-ID)","Jörg MEUTHEN (DEU-ID)",1
"Marco CAMPOMENOSI (ITA-ID)","Danilo Oscar LANCINI (ITA-ID)",1
"Marco CAMPOMENOSI (ITA-ID)","Filip DE MAN (BEL-ID)",1
"Marco CAMPOMENOSI (ITA-ID)","Lars Patrick BERG (DEU-ECR)",1
"Marco CAMPOMENOSI (ITA-ID)","Jaak MADISON (EST-ID)",1
"Marco CAMPOMENOSI (ITA-ID)","Patryk JAKI (POL-ECR)",1
"Marco CAMPOMENOSI (ITA-ID)","Krzysztof JURGIEL (POL-ECR)",1
"Marco CAMPOMENOSI (ITA-ID)","Beata KEMPA (POL-ECR)",1
"Marco CAMPOMENOSI (ITA-ID)","Izabela-Helena KLOC (POL-ECR)",1
"Marco CAMPOMENOSI (ITA-ID)","Joanna KOPCIŃSKA (POL-ECR)",1
"Marco CAMPOMENOSI (ITA-ID)","Elżbieta KRUK (POL-ECR)",1
"Marco CAMPOMENOSI (ITA-ID)","Alexandr VONDRA (CZE-ECR)",1
"Marco CAMPOMENOSI (ITA-ID)","Beata MAZUREK (POL-ECR)",1
"Marco CAMPOMENOSI (ITA-ID)","Andżelika Anna MOŻDŻANOWSKA (POL-ECR)",1
"Marco CAMPOMENOSI (ITA-ID)","Elżbieta RAFALSKA (POL-ECR)",1
"Marco CAMPOMENOSI (ITA-ID)","Bogdan RZOŃCA (POL-ECR)",1
"Marco CAMPOMENOSI (ITA-ID)","Beata SZYDŁO (POL-ECR)",1
"Marco CAMPOMENOSI (ITA-ID)","Grzegorz TOBISZOWSKI (POL-ECR)",1
"Marco CAMPOMENOSI (ITA-ID)","Witold Jan WASZCZYKOWSKI (POL-ECR)",1
"Marco CAMPOMENOSI (ITA-ID)","Anna ZALEWSKA (POL-ECR)",1
"Marco CAMPOMENOSI (ITA-ID)","Silvia SARDONE (ITA-ID)",1
"Marco CAMPOMENOSI (ITA-ID)","Isabella TOVAGLIERI (ITA-ID)",1
"Marco CAMPOMENOSI (ITA-ID)","Gianna GANCIA (ITA-ID)",1
"Marco CAMPOMENOSI (ITA-ID)","Stefania ZAMBELLI (ITA-ID)",1
"Marco CAMPOMENOSI (ITA-ID)","Teuvo HAKKARAINEN (FIN-ID)",1
"Marco CAMPOMENOSI (ITA-ID)","Pietro FIOCCHI (ITA-ECR)",1
"Marco CAMPOMENOSI (ITA-ID)","Gianantonio DA RE (ITA-ID)",1
"Marco CAMPOMENOSI (ITA-ID)","Alessandra BASSO (ITA-ID)",1
"Marco CAMPOMENOSI (ITA-ID)","Elena LIZZI (ITA-ID)",1
"Marco CAMPOMENOSI (ITA-ID)","Rosanna CONTE (ITA-ID)",1
"Marco CAMPOMENOSI (ITA-ID)","Thierry MARIANI (FRA-ID)",1
"Marco CAMPOMENOSI (ITA-ID)","Hervé JUVIN (FRA-ID)",1
"Marco CAMPOMENOSI (ITA-ID)","Virginie JORON (FRA-ID)",1
"Marco CAMPOMENOSI (ITA-ID)","Jean-Paul GARRAUD (FRA-ID)",1
"Marco CAMPOMENOSI (ITA-ID)","Cristian TERHEŞ (ROU-ECR)",1
"Marco CAMPOMENOSI (ITA-ID)","Aurélia BEIGNEUX (FRA-ID)",1
"Marco CAMPOMENOSI (ITA-ID)","Philippe OLIVIER (FRA-ID)",1
"Marco CAMPOMENOSI (ITA-ID)","André ROUGÉ (FRA-ID)",1
"Marco CAMPOMENOSI (ITA-ID)","Mathilde ANDROUËT (FRA-ID)",1
"Marco CAMPOMENOSI (ITA-ID)","Bert-Jan RUISSEN (NLD-ECR)",1
"Marco CAMPOMENOSI (ITA-ID)","Susanna CECCARDI (ITA-ID)",1
"Marco CAMPOMENOSI (ITA-ID)","Antonio Maria RINALDI (ITA-ID)",1
"Marco CAMPOMENOSI (ITA-ID)","Anna BONFRISCO (ITA-ID)",1
"Marco CAMPOMENOSI (ITA-ID)","Simona BALDASSARRE (ITA-ID)",1
"Marco CAMPOMENOSI (ITA-ID)","Massimo CASANOVA (ITA-ID)",1
"Marco CAMPOMENOSI (ITA-ID)","Lucia VUOLO (ITA-EPP)",1
"Marco CAMPOMENOSI (ITA-ID)","Valentino GRANT (ITA-ID)",1
"Marco CAMPOMENOSI (ITA-ID)","Annalisa TARDINO (ITA-ID)",1
"Marco CAMPOMENOSI (ITA-ID)","Nicola PROCACCINI (ITA-ECR)",1
"Marco CAMPOMENOSI (ITA-ID)","Raffaele STANCANELLI (ITA-ECR)",1
"Marco CAMPOMENOSI (ITA-ID)","Matteo ADINOLFI (ITA-ID)",1
"Marco CAMPOMENOSI (ITA-ID)","Jorge BUXADÉ VILLALBA (ESP-ECR)",1
"Marco CAMPOMENOSI (ITA-ID)","Hermann TERTSCH (ESP-ECR)",1
"Marco CAMPOMENOSI (ITA-ID)","Andrey SLABAKOV (BGR-ECR)",1
"Marco CAMPOMENOSI (ITA-ID)","Mazaly AGUILAR (ESP-ECR)",1
"Marco CAMPOMENOSI (ITA-ID)","Vincenzo SOFO (ITA-ECR)",1
"Marco CAMPOMENOSI (ITA-ID)","Dominik TARCZYŃSKI (POL-ECR)",1
"Marco CAMPOMENOSI (ITA-ID)","Margarita DE LA PISA CARRIÓN (ESP-ECR)",1
"Marco CAMPOMENOSI (ITA-ID)","Jean-Lin LACAPELLE (FRA-ID)",1
"Marco CAMPOMENOSI (ITA-ID)","Ladislav ILČIĆ (HRV-ECR)",1
"Christel SCHALDEMOSE (DNK-SD)","Niels FUGLSANG (DNK-SD)",1
"Christel SCHALDEMOSE (DNK-SD)","Marianne VIND (DNK-SD)",1
"Esther DE LANGE (NLD-EPP)","Peter van DALEN (NLD-EPP)",1
"Esther DE LANGE (NLD-EPP)","Maria da Graça CARVALHO (PRT-EPP)",1
"Esther DE LANGE (NLD-EPP)","José Manuel FERNANDES (PRT-EPP)",1
"Esther DE LANGE (NLD-EPP)","Paulo RANGEL (PRT-EPP)",1
"Esther DE LANGE (NLD-EPP)","Nuno MELO (PRT-EPP)",1
"Esther DE LANGE (NLD-EPP)","Fulvio MARTUSCIELLO (ITA-EPP)",1
"Esther DE LANGE (NLD-EPP)","Krzysztof HETMAN (POL-EPP)",1
"Esther DE LANGE (NLD-EPP)","Esteban GONZÁLEZ PONS (ESP-EPP)",1
"Esther DE LANGE (NLD-EPP)","Maria SPYRAKI (GRC-EPP)",1
"Esther DE LANGE (NLD-EPP)","Christophe HANSEN (LUX-EPP)",1
"Esther DE LANGE (NLD-EPP)","Stefan BERGER (DEU-EPP)",1
"Esther DE LANGE (NLD-EPP)","Loucas FOURLAS (CYP-EPP)",1
"Esther DE LANGE (NLD-EPP)","Helmut GEUKING (DEU-EPP)",1
"Esther DE LANGE (NLD-EPP)","Nicola BEER (DEU-RENEW)",1
"Esther DE LANGE (NLD-EPP)","Bartosz ARŁUKOWICZ (POL-EPP)",1
"Esther DE LANGE (NLD-EPP)","Stéphane SÉJOURNÉ (FRA-RENEW)",1
"Esther DE LANGE (NLD-EPP)","Andrzej HALICKI (POL-EPP)",1
"Esther DE LANGE (NLD-EPP)","Agnès EVREN (FRA-EPP)",1
"Esther DE LANGE (NLD-EPP)","Radosław SIKORSKI (POL-EPP)",1
"Esther DE LANGE (NLD-EPP)","Alexander BERNHUBER (AUT-EPP)",1
"Esther DE LANGE (NLD-EPP)","Gheorghe FALCĂ (ROU-EPP)",1
"Esther DE LANGE (NLD-EPP)","Carmen AVRAM (ROU-SD)",1
"Esther DE LANGE (NLD-EPP)","Simone SCHMIEDTBAUER (AUT-EPP)",1
"Esther DE LANGE (NLD-EPP)","Eugen TOMAC (ROU-EPP)",1
"Esther DE LANGE (NLD-EPP)","Dolors MONTSERRAT (ESP-EPP)",1
"Esther DE LANGE (NLD-EPP)","Álvaro AMARO (PRT-EPP)",1
"Cristian-Silviu BUŞOI (ROU-EPP)","Iuliu WINKLER (ROU-EPP)",1
"Cristian-Silviu BUŞOI (ROU-EPP)","Rosa ESTARÀS FERRAGUT (ESP-EPP)",1
"Cristian-Silviu BUŞOI (ROU-EPP)","Gabriel MATO (ESP-EPP)",1
"Cristian-Silviu BUŞOI (ROU-EPP)","Eva MAYDELL (BGR-EPP)",1
"Cristian-Silviu BUŞOI (ROU-EPP)","Loránt VINCZE (ROU-EPP)",1
"Cristian-Silviu BUŞOI (ROU-EPP)","Lena DÜPONT (DEU-EPP)",1
"Cristian-Silviu BUŞOI (ROU-EPP)","Henna VIRKKUNEN (FIN-EPP)",1
"Cristian-Silviu BUŞOI (ROU-EPP)","Siegfried MUREŞAN (ROU-EPP)",1
"Cristian-Silviu BUŞOI (ROU-EPP)","David McALLISTER (DEU-EPP)",1
"Cristian-Silviu BUŞOI (ROU-EPP)","Norbert LINS (DEU-EPP)",1
"Cristian-Silviu BUŞOI (ROU-EPP)","Emil RADEV (BGR-EPP)",1
"Cristian-Silviu BUŞOI (ROU-EPP)","Franc BOGOVIČ (SVN-EPP)",1
"Cristian-Silviu BUŞOI (ROU-EPP)","Daniel BUDA (ROU-EPP)",1
"Cristian-Silviu BUŞOI (ROU-EPP)","Annie SCHREIJER-PIERIK (NLD-EPP)",1
"Cristian-Silviu BUŞOI (ROU-EPP)","Marco ZULLO (ITA-RENEW)",1
"Cristian-Silviu BUŞOI (ROU-EPP)","Jiří POSPÍŠIL (CZE-EPP)",1
"Cristian-Silviu BUŞOI (ROU-EPP)","Asim ADEMOV (BGR-EPP)",1
"Cristian-Silviu BUŞOI (ROU-EPP)","Hildegard BENTELE (DEU-EPP)",1
"Cristian-Silviu BUŞOI (ROU-EPP)","Javier ZARZALEJOS (ESP-EPP)",1
"Cristian-Silviu BUŞOI (ROU-EPP)","Juan Ignacio ZOIDO ÁLVAREZ (ESP-EPP)",1
"Cristian-Silviu BUŞOI (ROU-EPP)","Vasile BLAGA (ROU-EPP)",1
"Cristian-Silviu BUŞOI (ROU-EPP)","Dan-Ştefan MOTREANU (ROU-EPP)",1
"Cristian-Silviu BUŞOI (ROU-EPP)","Angelika WINZIG (AUT-EPP)",1
"Cristian-Silviu BUŞOI (ROU-EPP)","Traian BĂSESCU (ROU-EPP)",1
"Cristian-Silviu BUŞOI (ROU-EPP)","Liudas MAŽYLIS (LTU-EPP)",1
"Cristian-Silviu BUŞOI (ROU-EPP)","Gheorghe-Vlad NISTOR (ROU-EPP)",1
"Cristian-Silviu BUŞOI (ROU-EPP)","Christian SAGARTZ (AUT-EPP)",1
"Georg MAYER (AUT-ID)","Catherine GRISET (FRA-ID)",1
"Georg MAYER (AUT-ID)","Charlie WEIMERS (SWE-ECR)",1
"Georg MAYER (AUT-ID)","Gilles LEBRETON (FRA-ID)",1
"Georg MAYER (AUT-ID)","Nicolas BAY (FRA-ID)",1
"Georg MAYER (AUT-ID)","Dominique BILDE (FRA-ID)",1
"Georg MAYER (AUT-ID)","Gerolf ANNEMANS (BEL-ID)",1
"Georg MAYER (AUT-ID)","Harald VILIMSKY (AUT-ID)",1
"Georg MAYER (AUT-ID)","Markus BUCHHEIT (DEU-ID)",1
"Georg MAYER (AUT-ID)","Jordan BARDELLA (FRA-ID)",1
"Georg MAYER (AUT-ID)","Annika BRUNA (FRA-ID)",1
"Georg MAYER (AUT-ID)","Tom VANDENDRIESSCHE (BEL-ID)",1
"Georg MAYER (AUT-ID)","France JAMET (FRA-ID)",1
"Georg MAYER (AUT-ID)","Filip DE MAN (BEL-ID)",1
"Georg MAYER (AUT-ID)","Lars Patrick BERG (DEU-ECR)",1
"Georg MAYER (AUT-ID)","Nicolaus FEST (DEU-ID)",1
"Georg MAYER (AUT-ID)","Maximilian KRAH (DEU-ID)",1
"Georg MAYER (AUT-ID)","Joachim KUHS (DEU-ID)",1
"Georg MAYER (AUT-ID)","Sylvia LIMMER (DEU-ID)",1
"Georg MAYER (AUT-ID)","Guido REIL (DEU-ID)",1
"Georg MAYER (AUT-ID)","Bernhard ZIMNIOK (DEU-ID)",1
"Georg MAYER (AUT-ID)","Jaak MADISON (EST-ID)",1
"Georg MAYER (AUT-ID)","Ivan DAVID (CZE-ID)",1
"Georg MAYER (AUT-ID)","Hynek BLAŠKO (CZE-ID)",1
"Georg MAYER (AUT-ID)","Jérôme RIVIÈRE (FRA-ID)",1
"Georg MAYER (AUT-ID)","Thierry MARIANI (FRA-ID)",1
"Georg MAYER (AUT-ID)","Hervé JUVIN (FRA-ID)",1
"Georg MAYER (AUT-ID)","Virginie JORON (FRA-ID)",1
"Georg MAYER (AUT-ID)","Jean-Paul GARRAUD (FRA-ID)",1
"Georg MAYER (AUT-ID)","Maxette PIRBAKAS (FRA-ID)",1
"Georg MAYER (AUT-ID)","Aurélia BEIGNEUX (FRA-ID)",1
"Georg MAYER (AUT-ID)","Philippe OLIVIER (FRA-ID)",1
"Georg MAYER (AUT-ID)","André ROUGÉ (FRA-ID)",1
"Georg MAYER (AUT-ID)","Mathilde ANDROUËT (FRA-ID)",1
"Georg MAYER (AUT-ID)","Robert ROOS (NLD-ECR)",1
"Georg MAYER (AUT-ID)","Bert-Jan RUISSEN (NLD-ECR)",1
"Georg MAYER (AUT-ID)","Antonio Maria RINALDI (ITA-ID)",1
"Georg MAYER (AUT-ID)","Jorge BUXADÉ VILLALBA (ESP-ECR)",1
"Georg MAYER (AUT-ID)","Hermann TERTSCH (ESP-ECR)",1
"Georg MAYER (AUT-ID)","Mazaly AGUILAR (ESP-ECR)",1
"Georg MAYER (AUT-ID)","Roman HAIDER (AUT-ID)",1
"Georg MAYER (AUT-ID)","Margarita DE LA PISA CARRIÓN (ESP-ECR)",1
"Georg MAYER (AUT-ID)","Jean-Lin LACAPELLE (FRA-ID)",1
"Iuliu WINKLER (ROU-EPP)","Jarosław KALINOWSKI (POL-EPP)",1
"Iuliu WINKLER (ROU-EPP)","Rosa ESTARÀS FERRAGUT (ESP-EPP)",1
"Iuliu WINKLER (ROU-EPP)","Loránt VINCZE (ROU-EPP)",1
"Iuliu WINKLER (ROU-EPP)","Siegfried MUREŞAN (ROU-EPP)",1
"Iuliu WINKLER (ROU-EPP)","Krzysztof HETMAN (POL-EPP)",1
"Iuliu WINKLER (ROU-EPP)","Franc BOGOVIČ (SVN-EPP)",1
"Iuliu WINKLER (ROU-EPP)","Daniel BUDA (ROU-EPP)",1
"Iuliu WINKLER (ROU-EPP)","Massimiliano SALINI (ITA-EPP)",1
"Iuliu WINKLER (ROU-EPP)","Dennis RADTKE (DEU-EPP)",1
"Iuliu WINKLER (ROU-EPP)","Asim ADEMOV (BGR-EPP)",1
"Iuliu WINKLER (ROU-EPP)","Lukas MANDL (AUT-EPP)",1
"Iuliu WINKLER (ROU-EPP)","Adam JARUBAS (POL-EPP)",1
"Iuliu WINKLER (ROU-EPP)","Vasile BLAGA (ROU-EPP)",1
"Iuliu WINKLER (ROU-EPP)","Dan-Ştefan MOTREANU (ROU-EPP)",1
"Iuliu WINKLER (ROU-EPP)","Angelika WINZIG (AUT-EPP)",1
"Iuliu WINKLER (ROU-EPP)","Eugen TOMAC (ROU-EPP)",1
"Iuliu WINKLER (ROU-EPP)","Isabel BENJUMEA BENJUMEA (ESP-EPP)",1
"Iuliu WINKLER (ROU-EPP)","Lídia PEREIRA (PRT-EPP)",1
"Iuliu WINKLER (ROU-EPP)","Liudas MAŽYLIS (LTU-EPP)",1
"Nicolae ŞTEFĂNUȚĂ (ROU-RENEW)","Yannick JADOT (FRA-GREEN_EFA)",1
"Nicolae ŞTEFĂNUȚĂ (ROU-RENEW)","Ismail ERTUG (DEU-SD)",1
"Nicolae ŞTEFĂNUȚĂ (ROU-RENEW)","Michal ŠIMEČKA (SVK-RENEW)",1
"Nicolae ŞTEFĂNUȚĂ (ROU-RENEW)","Eric ANDRIEU (FRA-SD)",1
"Nicolae ŞTEFĂNUȚĂ (ROU-RENEW)","Ernest URTASUN (ESP-GREEN_EFA)",1
"Nicolae ŞTEFĂNUȚĂ (ROU-RENEW)","Ramona STRUGARIU (ROU-RENEW)",1
"Nicolae ŞTEFĂNUȚĂ (ROU-RENEW)","Christophe HANSEN (LUX-EPP)",1
"Nicolae ŞTEFĂNUȚĂ (ROU-RENEW)","Erik BERGKVIST (SWE-SD)",1
"Nicolae ŞTEFĂNUȚĂ (ROU-RENEW)","Bartosz ARŁUKOWICZ (POL-EPP)",1
"Nicolae ŞTEFĂNUȚĂ (ROU-RENEW)","Stéphane SÉJOURNÉ (FRA-RENEW)",1
"Nicolae ŞTEFĂNUȚĂ (ROU-RENEW)","Véronique TRILLET-LENOIR (FRA-RENEW)",1
"Nicolae ŞTEFĂNUȚĂ (ROU-RENEW)","Adriana MALDONADO LÓPEZ (ESP-SD)",1
"Jan HUITEMA (NLD-RENEW)","Morten LØKKEGAARD (DNK-RENEW)",1
"Jan HUITEMA (NLD-RENEW)","Dita CHARANZOVÁ (CZE-RENEW)",1
"Jan HUITEMA (NLD-RENEW)","Caroline NAGTEGAAL (NLD-RENEW)",1
"Jan HUITEMA (NLD-RENEW)","Jörgen WARBORN (SWE-EPP)",1
"Jan HUITEMA (NLD-RENEW)","Jan-Christoph OETJEN (DEU-RENEW)",1
"Jan HUITEMA (NLD-RENEW)","Andreas GLÜCK (DEU-RENEW)",1
"Jan HUITEMA (NLD-RENEW)","Svenja HAHN (DEU-RENEW)",1
"Jan HUITEMA (NLD-RENEW)","Moritz KÖRNER (DEU-RENEW)",1
"Jan HUITEMA (NLD-RENEW)","Asger CHRISTENSEN (DNK-RENEW)",1
"Jan HUITEMA (NLD-RENEW)","Bart GROOTHUIS (NLD-RENEW)",1
"Jan HUITEMA (NLD-RENEW)","Malik AZMANI (NLD-RENEW)",1
"Jan HUITEMA (NLD-RENEW)","Emma WIESNER (SWE-RENEW)",1
"Nadine MORANO (FRA-EPP)","Arnaud DANJEAN (FRA-EPP)",1
"Nadine MORANO (FRA-EPP)","Geoffroy DIDIER (FRA-EPP)",1
"Nadine MORANO (FRA-EPP)","François-Xavier BELLAMY (FRA-EPP)",1
"Nadine MORANO (FRA-EPP)","Nathalie COLIN-OESTERLÉ (FRA-EPP)",1
"Anna CAVAZZINI (DEU-GREEN_EFA)","Philippe LAMBERTS (BEL-GREEN_EFA)",1
"Anna CAVAZZINI (DEU-GREEN_EFA)","Ska KELLER (DEU-GREEN_EFA)",1
"Anna CAVAZZINI (DEU-GREEN_EFA)","Martin HÄUSLING (DEU-GREEN_EFA)",1
"Anna CAVAZZINI (DEU-GREEN_EFA)","Terry REINTKE (DEU-GREEN_EFA)",1
"Anna CAVAZZINI (DEU-GREEN_EFA)","Daniel FREUND (DEU-GREEN_EFA)",1
"Anna CAVAZZINI (DEU-GREEN_EFA)","Monika VANA (AUT-GREEN_EFA)",1
"Anna CAVAZZINI (DEU-GREEN_EFA)","Bronis ROPĖ (LTU-GREEN_EFA)",1
"Anna CAVAZZINI (DEU-GREEN_EFA)","Alexandra GEESE (DEU-GREEN_EFA)",1
"Anna CAVAZZINI (DEU-GREEN_EFA)","Thomas WAITZ (AUT-GREEN_EFA)",1
"Anna CAVAZZINI (DEU-GREEN_EFA)","Tilly METZ (LUX-GREEN_EFA)",1
"Anna CAVAZZINI (DEU-GREEN_EFA)","Alice KUHNKE (SWE-GREEN_EFA)",1
"Anna CAVAZZINI (DEU-GREEN_EFA)","Nico SEMSROTT (DEU-GREEN_EFA)",1
"Anna CAVAZZINI (DEU-GREEN_EFA)","Rasmus ANDRESEN (DEU-GREEN_EFA)",1
"Anna CAVAZZINI (DEU-GREEN_EFA)","Pierrette HERZBERGER-FOFANA (DEU-GREEN_EFA)",1
"Anna CAVAZZINI (DEU-GREEN_EFA)","Katrin LANGENSIEPEN (DEU-GREEN_EFA)",1
"Anna CAVAZZINI (DEU-GREEN_EFA)","Erik MARQUARDT (DEU-GREEN_EFA)",1
"Anna CAVAZZINI (DEU-GREEN_EFA)","Hannah NEUMANN (DEU-GREEN_EFA)",1
"Anna CAVAZZINI (DEU-GREEN_EFA)","Saskia BRICMONT (BEL-GREEN_EFA)",1
"Anna CAVAZZINI (DEU-GREEN_EFA)","Mounir SATOURI (FRA-GREEN_EFA)",1
"Anna CAVAZZINI (DEU-GREEN_EFA)","David CORMAND (FRA-GREEN_EFA)",1
"Anna CAVAZZINI (DEU-GREEN_EFA)","Caroline ROOSE (FRA-GREEN_EFA)",1
"Anna CAVAZZINI (DEU-GREEN_EFA)","Benoît BITEAU (FRA-GREEN_EFA)",1
"Anna CAVAZZINI (DEU-GREEN_EFA)","Gwendoline DELBOS-CORFIELD (FRA-GREEN_EFA)",1
"Anna CAVAZZINI (DEU-GREEN_EFA)","Damien CARÊME (FRA-GREEN_EFA)",1
"Anna CAVAZZINI (DEU-GREEN_EFA)","Francisco GUERREIRO (PRT-GREEN_EFA)",1
"Anna CAVAZZINI (DEU-GREEN_EFA)","Ciarán CUFFE (IRL-GREEN_EFA)",1
"Anna CAVAZZINI (DEU-GREEN_EFA)","Kim VAN SPARRENTAK (NLD-GREEN_EFA)",1
"Anna CAVAZZINI (DEU-GREEN_EFA)","Grace O'SULLIVAN (IRL-GREEN_EFA)",1
"José GUSMÃO (PRT-GUE_NGL)","Helmut SCHOLZ (DEU-GUE_NGL)",1
"José GUSMÃO (PRT-GUE_NGL)","Marisa MATIAS (PRT-GUE_NGL)",1
"José GUSMÃO (PRT-GUE_NGL)","Luke Ming FLANAGAN (IRL-GUE_NGL)",1
"José GUSMÃO (PRT-GUE_NGL)","Marc BOTENGA (BEL-GUE_NGL)",1
"José GUSMÃO (PRT-GUE_NGL)","Özlem DEMIREL (DEU-GUE_NGL)",1
"José GUSMÃO (PRT-GUE_NGL)","Anne-Sophie PELLETIER (FRA-GUE_NGL)",1
"José GUSMÃO (PRT-GUE_NGL)","Clare DALY (IRL-GUE_NGL)",1
"José GUSMÃO (PRT-GUE_NGL)","Sandra PEREIRA (PRT-GUE_NGL)",1
"José GUSMÃO (PRT-GUE_NGL)","Mick WALLACE (IRL-GUE_NGL)",1
"José GUSMÃO (PRT-GUE_NGL)","Idoia VILLANUEVA RUIZ (ESP-GUE_NGL)",1
"Catherine GRISET (FRA-ID)","Carlo FIDANZA (ITA-ECR)",1
"Catherine GRISET (FRA-ID)","Alessandro PANZA (ITA-ID)",1
"Catherine GRISET (FRA-ID)","Paolo BORCHIA (ITA-ID)",1
"Catherine GRISET (FRA-ID)","Charlie WEIMERS (SWE-ECR)",1
"Catherine GRISET (FRA-ID)","Gilles LEBRETON (FRA-ID)",1
"Catherine GRISET (FRA-ID)","Nicolas BAY (FRA-ID)",1
"Catherine GRISET (FRA-ID)","Jean-François JALKH (FRA-ID)",1
"Catherine GRISET (FRA-ID)","Dominique BILDE (FRA-ID)",1
"Catherine GRISET (FRA-ID)","Marco ZANNI (ITA-ID)",1
"Catherine GRISET (FRA-ID)","Angel DZHAMBAZKI (BGR-ECR)",1
"Catherine GRISET (FRA-ID)","Zdzisław KRASNODĘBSKI (POL-ECR)",1
"Catherine GRISET (FRA-ID)","Gerolf ANNEMANS (BEL-ID)",1
"Catherine GRISET (FRA-ID)","Harald VILIMSKY (AUT-ID)",1
"Catherine GRISET (FRA-ID)","Markus BUCHHEIT (DEU-ID)",1
"Catherine GRISET (FRA-ID)","Jordan BARDELLA (FRA-ID)",1
"Catherine GRISET (FRA-ID)","Gunnar BECK (DEU-ID)",1
"Catherine GRISET (FRA-ID)","Annika BRUNA (FRA-ID)",1
"Catherine GRISET (FRA-ID)","Angelo CIOCCA (ITA-ID)",1
"Catherine GRISET (FRA-ID)","Tom VANDENDRIESSCHE (BEL-ID)",1
"Catherine GRISET (FRA-ID)","France JAMET (FRA-ID)",1
"Catherine GRISET (FRA-ID)","Danilo Oscar LANCINI (ITA-ID)",1
"Catherine GRISET (FRA-ID)","Filip DE MAN (BEL-ID)",1
"Catherine GRISET (FRA-ID)","Christine ANDERSON (DEU-ID)",1
"Catherine GRISET (FRA-ID)","Lars Patrick BERG (DEU-ECR)",1
"Catherine GRISET (FRA-ID)","Nicolaus FEST (DEU-ID)",1
"Catherine GRISET (FRA-ID)","Maximilian KRAH (DEU-ID)",1
"Catherine GRISET (FRA-ID)","Joachim KUHS (DEU-ID)",1
"Catherine GRISET (FRA-ID)","Sylvia LIMMER (DEU-ID)",1
"Catherine GRISET (FRA-ID)","Guido REIL (DEU-ID)",1
"Catherine GRISET (FRA-ID)","Bernhard ZIMNIOK (DEU-ID)",1
"Catherine GRISET (FRA-ID)","Jaak MADISON (EST-ID)",1
"Catherine GRISET (FRA-ID)","Patryk JAKI (POL-ECR)",1
"Catherine GRISET (FRA-ID)","Beata KEMPA (POL-ECR)",1
"Catherine GRISET (FRA-ID)","Elżbieta KRUK (POL-ECR)",1
"Catherine GRISET (FRA-ID)","Beata MAZUREK (POL-ECR)",1
"Catherine GRISET (FRA-ID)","Hynek BLAŠKO (CZE-ID)",1
"Catherine GRISET (FRA-ID)","Anna ZALEWSKA (POL-ECR)",1
"Catherine GRISET (FRA-ID)","Silvia SARDONE (ITA-ID)",1
"Catherine GRISET (FRA-ID)","Isabella TOVAGLIERI (ITA-ID)",1
"Catherine GRISET (FRA-ID)","Gianna GANCIA (ITA-ID)",1
"Catherine GRISET (FRA-ID)","Stefania ZAMBELLI (ITA-ID)",1
"Catherine GRISET (FRA-ID)","Pietro FIOCCHI (ITA-ECR)",1
"Catherine GRISET (FRA-ID)","Gianantonio DA RE (ITA-ID)",1
"Catherine GRISET (FRA-ID)","Alessandra BASSO (ITA-ID)",1
"Catherine GRISET (FRA-ID)","Elena LIZZI (ITA-ID)",1
"Catherine GRISET (FRA-ID)","Jérôme RIVIÈRE (FRA-ID)",1
"Catherine GRISET (FRA-ID)","Rosanna CONTE (ITA-ID)",1
"Catherine GRISET (FRA-ID)","Thierry MARIANI (FRA-ID)",1
"Catherine GRISET (FRA-ID)","Hervé JUVIN (FRA-ID)",1
"Catherine GRISET (FRA-ID)","Virginie JORON (FRA-ID)",1
"Catherine GRISET (FRA-ID)","Jean-Paul GARRAUD (FRA-ID)",1
"Catherine GRISET (FRA-ID)","Maxette PIRBAKAS (FRA-ID)",1
"Catherine GRISET (FRA-ID)","Aurélia BEIGNEUX (FRA-ID)",1
"Catherine GRISET (FRA-ID)","Philippe OLIVIER (FRA-ID)",1
"Catherine GRISET (FRA-ID)","André ROUGÉ (FRA-ID)",1
"Catherine GRISET (FRA-ID)","Mathilde ANDROUËT (FRA-ID)",1
"Catherine GRISET (FRA-ID)","Robert ROOS (NLD-ECR)",1
"Catherine GRISET (FRA-ID)","Bert-Jan RUISSEN (NLD-ECR)",1
"Catherine GRISET (FRA-ID)","Rob ROOKEN (NLD-ECR)",1
"Catherine GRISET (FRA-ID)","Susanna CECCARDI (ITA-ID)",1
"Catherine GRISET (FRA-ID)","Antonio Maria RINALDI (ITA-ID)",1
"Catherine GRISET (FRA-ID)","Valentino GRANT (ITA-ID)",1
"Catherine GRISET (FRA-ID)","Annalisa TARDINO (ITA-ID)",1
"Catherine GRISET (FRA-ID)","Nicola PROCACCINI (ITA-ECR)",1
"Catherine GRISET (FRA-ID)","Matteo ADINOLFI (ITA-ID)",1
"Catherine GRISET (FRA-ID)","Jorge BUXADÉ VILLALBA (ESP-ECR)",1
"Catherine GRISET (FRA-ID)","Hermann TERTSCH (ESP-ECR)",1
"Catherine GRISET (FRA-ID)","Mazaly AGUILAR (ESP-ECR)",1
"Catherine GRISET (FRA-ID)","Roman HAIDER (AUT-ID)",1
"Catherine GRISET (FRA-ID)","Vincenzo SOFO (ITA-ECR)",1
"Catherine GRISET (FRA-ID)","Margarita DE LA PISA CARRIÓN (ESP-ECR)",1
"Catherine GRISET (FRA-ID)","Jean-Lin LACAPELLE (FRA-ID)",1
"Catherine GRISET (FRA-ID)","Ladislav ILČIĆ (HRV-ECR)",1
"Jeroen LENAERS (NLD-EPP)","Sabine VERHEYEN (DEU-EPP)",1
"Jeroen LENAERS (NLD-EPP)","Axel VOSS (DEU-EPP)",1
"Jeroen LENAERS (NLD-EPP)","Peter JAHR (DEU-EPP)",1
"Jeroen LENAERS (NLD-EPP)","Herbert DORFMANN (ITA-EPP)",1
"Jeroen LENAERS (NLD-EPP)","Elżbieta Katarzyna ŁUKACIJEWSKA (POL-EPP)",1
"Jeroen LENAERS (NLD-EPP)","Pablo ARIAS ECHEVERRÍA (ESP-EPP)",1
"Jeroen LENAERS (NLD-EPP)","Sandra KALNIETE (LVA-EPP)",1
"Jeroen LENAERS (NLD-EPP)","Andrey KOVATCHEV (BGR-EPP)",1
"Jeroen LENAERS (NLD-EPP)","Siegfried MUREŞAN (ROU-EPP)",1
"Jeroen LENAERS (NLD-EPP)","David McALLISTER (DEU-EPP)",1
"Jeroen LENAERS (NLD-EPP)","Norbert LINS (DEU-EPP)",1
"Jeroen LENAERS (NLD-EPP)","Franc BOGOVIČ (SVN-EPP)",1
"Jeroen LENAERS (NLD-EPP)","Lukas MANDL (AUT-EPP)",1
"Jeroen LENAERS (NLD-EPP)","Christine SCHNEIDER (DEU-EPP)",1
"Jeroen LENAERS (NLD-EPP)","Ralf SEEKATZ (DEU-EPP)",1
"Jeroen LENAERS (NLD-EPP)","Sven SIMON (DEU-EPP)",1
"Jeroen LENAERS (NLD-EPP)","Marlene MORTLER (DEU-EPP)",1
"Jeroen LENAERS (NLD-EPP)","Marion WALSMANN (DEU-EPP)",1
"Jeroen LENAERS (NLD-EPP)","Christian DOLESCHAL (DEU-EPP)",1
"Jeroen LENAERS (NLD-EPP)","Jarosław DUDA (POL-EPP)",1
"Jeroen LENAERS (NLD-EPP)","Tomasz FRANKOWSKI (POL-EPP)",1
"Jeroen LENAERS (NLD-EPP)","Pernille WEISS (DNK-EPP)",1
"Jeroen LENAERS (NLD-EPP)","Tom BERENDSEN (NLD-EPP)",1
"Jeroen LENAERS (NLD-EPP)","Aušra SEIBUTYTĖ (LTU-EPP)",1
"Jeroen LENAERS (NLD-EPP)","Liudas MAŽYLIS (LTU-EPP)",1
"Jeroen LENAERS (NLD-EPP)","Andrius KUBILIUS (LTU-EPP)",1
"Helmut SCHOLZ (DEU-GUE_NGL)","Marisa MATIAS (PRT-GUE_NGL)",1
"Helmut SCHOLZ (DEU-GUE_NGL)","Cornelia ERNST (DEU-GUE_NGL)",1
"Helmut SCHOLZ (DEU-GUE_NGL)","Martina MICHELS (DEU-GUE_NGL)",1
"Helmut SCHOLZ (DEU-GUE_NGL)","Marc BOTENGA (BEL-GUE_NGL)",1
"Helmut SCHOLZ (DEU-GUE_NGL)","Özlem DEMIREL (DEU-GUE_NGL)",1
"Helmut SCHOLZ (DEU-GUE_NGL)","Konstantinos ARVANITIS (GRC-GUE_NGL)",1
"Helmut SCHOLZ (DEU-GUE_NGL)","Clare DALY (IRL-GUE_NGL)",1
"Helmut SCHOLZ (DEU-GUE_NGL)","Eugenia RODRÍGUEZ PALOP (ESP-GUE_NGL)",1
"Helmut SCHOLZ (DEU-GUE_NGL)","Mick WALLACE (IRL-GUE_NGL)",1
"Helmut SCHOLZ (DEU-GUE_NGL)","Idoia VILLANUEVA RUIZ (ESP-GUE_NGL)",1
"Philippe LAMBERTS (BEL-GREEN_EFA)","Ska KELLER (DEU-GREEN_EFA)",1
"Philippe LAMBERTS (BEL-GREEN_EFA)","Terry REINTKE (DEU-GREEN_EFA)",1
"Philippe LAMBERTS (BEL-GREEN_EFA)","Daniel FREUND (DEU-GREEN_EFA)",1
"Philippe LAMBERTS (BEL-GREEN_EFA)","Monika VANA (AUT-GREEN_EFA)",1
"Philippe LAMBERTS (BEL-GREEN_EFA)","Tilly METZ (LUX-GREEN_EFA)",1
"Philippe LAMBERTS (BEL-GREEN_EFA)","Rasmus ANDRESEN (DEU-GREEN_EFA)",1
"Philippe LAMBERTS (BEL-GREEN_EFA)","Pierrette HERZBERGER-FOFANA (DEU-GREEN_EFA)",1
"Philippe LAMBERTS (BEL-GREEN_EFA)","Katrin LANGENSIEPEN (DEU-GREEN_EFA)",1
"Philippe LAMBERTS (BEL-GREEN_EFA)","Erik MARQUARDT (DEU-GREEN_EFA)",1
"Philippe LAMBERTS (BEL-GREEN_EFA)","Saskia BRICMONT (BEL-GREEN_EFA)",1
"Philippe LAMBERTS (BEL-GREEN_EFA)","Mounir SATOURI (FRA-GREEN_EFA)",1
"Philippe LAMBERTS (BEL-GREEN_EFA)","David CORMAND (FRA-GREEN_EFA)",1
"Philippe LAMBERTS (BEL-GREEN_EFA)","Caroline ROOSE (FRA-GREEN_EFA)",1
"Philippe LAMBERTS (BEL-GREEN_EFA)","Benoît BITEAU (FRA-GREEN_EFA)",1
"Philippe LAMBERTS (BEL-GREEN_EFA)","Gwendoline DELBOS-CORFIELD (FRA-GREEN_EFA)",1
"Philippe LAMBERTS (BEL-GREEN_EFA)","Francisco GUERREIRO (PRT-GREEN_EFA)",1
"Philippe LAMBERTS (BEL-GREEN_EFA)","Ciarán CUFFE (IRL-GREEN_EFA)",1
"Philippe LAMBERTS (BEL-GREEN_EFA)","Grace O'SULLIVAN (IRL-GREEN_EFA)",1
"Waldemar TOMASZEWSKI (LTU-ECR)","Ryszard Antoni LEGUTKO (POL-ECR)",1
"Waldemar TOMASZEWSKI (LTU-ECR)","Tomasz Piotr PORĘBA (POL-ECR)",1
"Waldemar TOMASZEWSKI (LTU-ECR)","Carlo FIDANZA (ITA-ECR)",1
"Waldemar TOMASZEWSKI (LTU-ECR)","Paolo BORCHIA (ITA-ID)",1
"Waldemar TOMASZEWSKI (LTU-ECR)","György HÖLVÉNYI (HUN-EPP)",1
"Waldemar TOMASZEWSKI (LTU-ECR)","Angel DZHAMBAZKI (BGR-ECR)",1
"Waldemar TOMASZEWSKI (LTU-ECR)","Jadwiga WIŚNIEWSKA (POL-ECR)",1
"Waldemar TOMASZEWSKI (LTU-ECR)","Kosma ZŁOTOWSKI (POL-ECR)",1
"Waldemar TOMASZEWSKI (LTU-ECR)","Karol KARSKI (POL-ECR)",1
"Waldemar TOMASZEWSKI (LTU-ECR)","Zdzisław KRASNODĘBSKI (POL-ECR)",1
"Waldemar TOMASZEWSKI (LTU-ECR)","Danilo Oscar LANCINI (ITA-ID)",1
"Waldemar TOMASZEWSKI (LTU-ECR)","Lars Patrick BERG (DEU-ECR)",1
"Waldemar TOMASZEWSKI (LTU-ECR)","Joachim Stanisław BRUDZIŃSKI (POL-ECR)",1
"Waldemar TOMASZEWSKI (LTU-ECR)","Patryk JAKI (POL-ECR)",1
"Waldemar TOMASZEWSKI (LTU-ECR)","Krzysztof JURGIEL (POL-ECR)",1
"Waldemar TOMASZEWSKI (LTU-ECR)","Beata KEMPA (POL-ECR)",1
"Waldemar TOMASZEWSKI (LTU-ECR)","Izabela-Helena KLOC (POL-ECR)",1
"Waldemar TOMASZEWSKI (LTU-ECR)","Joanna KOPCIŃSKA (POL-ECR)",1
"Waldemar TOMASZEWSKI (LTU-ECR)","Elżbieta KRUK (POL-ECR)",1
"Waldemar TOMASZEWSKI (LTU-ECR)","Alexandr VONDRA (CZE-ECR)",1
"Waldemar TOMASZEWSKI (LTU-ECR)","Beata MAZUREK (POL-ECR)",1
"Waldemar TOMASZEWSKI (LTU-ECR)","Andżelika Anna MOŻDŻANOWSKA (POL-ECR)",1
"Waldemar TOMASZEWSKI (LTU-ECR)","Elżbieta RAFALSKA (POL-ECR)",1
"Waldemar TOMASZEWSKI (LTU-ECR)","Bogdan RZOŃCA (POL-ECR)",1
"Waldemar TOMASZEWSKI (LTU-ECR)","Beata SZYDŁO (POL-ECR)",1
"Waldemar TOMASZEWSKI (LTU-ECR)","Grzegorz TOBISZOWSKI (POL-ECR)",1
"Waldemar TOMASZEWSKI (LTU-ECR)","Witold Jan WASZCZYKOWSKI (POL-ECR)",1
"Waldemar TOMASZEWSKI (LTU-ECR)","Anna ZALEWSKA (POL-ECR)",1
"Waldemar TOMASZEWSKI (LTU-ECR)","Silvia SARDONE (ITA-ID)",1
"Waldemar TOMASZEWSKI (LTU-ECR)","Pietro FIOCCHI (ITA-ECR)",1
"Waldemar TOMASZEWSKI (LTU-ECR)","Elena LIZZI (ITA-ID)",1
"Waldemar TOMASZEWSKI (LTU-ECR)","Rosanna CONTE (ITA-ID)",1
"Waldemar TOMASZEWSKI (LTU-ECR)","Cristian TERHEŞ (ROU-ECR)",1
"Waldemar TOMASZEWSKI (LTU-ECR)","Bert-Jan RUISSEN (NLD-ECR)",1
"Waldemar TOMASZEWSKI (LTU-ECR)","Valentino GRANT (ITA-ID)",1
"Waldemar TOMASZEWSKI (LTU-ECR)","Nicola PROCACCINI (ITA-ECR)",1
"Waldemar TOMASZEWSKI (LTU-ECR)","Giuseppe MILAZZO (ITA-ECR)",1
"Waldemar TOMASZEWSKI (LTU-ECR)","Raffaele STANCANELLI (ITA-ECR)",1
"Waldemar TOMASZEWSKI (LTU-ECR)","Andrey SLABAKOV (BGR-ECR)",1
"Waldemar TOMASZEWSKI (LTU-ECR)","Mazaly AGUILAR (ESP-ECR)",1
"Waldemar TOMASZEWSKI (LTU-ECR)","Emmanouil FRAGKOS (GRC-ECR)",1
"Waldemar TOMASZEWSKI (LTU-ECR)","Vincenzo SOFO (ITA-ECR)",1
"Waldemar TOMASZEWSKI (LTU-ECR)","Dominik TARCZYŃSKI (POL-ECR)",1
"Waldemar TOMASZEWSKI (LTU-ECR)","Margarita DE LA PISA CARRIÓN (ESP-ECR)",1
"Waldemar TOMASZEWSKI (LTU-ECR)","Ladislav ILČIĆ (HRV-ECR)",1
"Morten LØKKEGAARD (DNK-RENEW)","Caroline NAGTEGAAL (NLD-RENEW)",1
"Morten LØKKEGAARD (DNK-RENEW)","Tomas TOBÉ (SWE-EPP)",1
"Morten LØKKEGAARD (DNK-RENEW)","Jessica POLFJÄRD (SWE-EPP)",1
"Morten LØKKEGAARD (DNK-RENEW)","Arba KOKALARI (SWE-EPP)",1
"Morten LØKKEGAARD (DNK-RENEW)","Asger CHRISTENSEN (DNK-RENEW)",1
"Morten LØKKEGAARD (DNK-RENEW)","Bart GROOTHUIS (NLD-RENEW)",1
"Morten LØKKEGAARD (DNK-RENEW)","Malik AZMANI (NLD-RENEW)",1
"Evžen TOŠENOVSKÝ (CZE-ECR)","Jadwiga WIŚNIEWSKA (POL-ECR)",1
"Evžen TOŠENOVSKÝ (CZE-ECR)","Kosma ZŁOTOWSKI (POL-ECR)",1
"Evžen TOŠENOVSKÝ (CZE-ECR)","Johan VAN OVERTVELDT (BEL-ECR)",1
"Evžen TOŠENOVSKÝ (CZE-ECR)","Jörg MEUTHEN (DEU-ID)",1
"Evžen TOŠENOVSKÝ (CZE-ECR)","Abir AL-SAHLANI (SWE-RENEW)",1
"Evžen TOŠENOVSKÝ (CZE-ECR)","Engin EROGLU (DEU-RENEW)",1
"Evžen TOŠENOVSKÝ (CZE-ECR)","Assita KANKO (BEL-ECR)",1
"Evžen TOŠENOVSKÝ (CZE-ECR)","Patryk JAKI (POL-ECR)",1
"Evžen TOŠENOVSKÝ (CZE-ECR)","Beata KEMPA (POL-ECR)",1
"Evžen TOŠENOVSKÝ (CZE-ECR)","Izabela-Helena KLOC (POL-ECR)",1
"Evžen TOŠENOVSKÝ (CZE-ECR)","Joanna KOPCIŃSKA (POL-ECR)",1
"Evžen TOŠENOVSKÝ (CZE-ECR)","Elżbieta KRUK (POL-ECR)",1
"Evžen TOŠENOVSKÝ (CZE-ECR)","Alexandr VONDRA (CZE-ECR)",1
"Evžen TOŠENOVSKÝ (CZE-ECR)","Beata MAZUREK (POL-ECR)",1
"Evžen TOŠENOVSKÝ (CZE-ECR)","Andżelika Anna MOŻDŻANOWSKA (POL-ECR)",1
"Evžen TOŠENOVSKÝ (CZE-ECR)","Elżbieta RAFALSKA (POL-ECR)",1
"Evžen TOŠENOVSKÝ (CZE-ECR)","Bogdan RZOŃCA (POL-ECR)",1
"Evžen TOŠENOVSKÝ (CZE-ECR)","Veronika VRECIONOVÁ (CZE-ECR)",1
"Evžen TOŠENOVSKÝ (CZE-ECR)","Grzegorz TOBISZOWSKI (POL-ECR)",1
"Evžen TOŠENOVSKÝ (CZE-ECR)","Witold Jan WASZCZYKOWSKI (POL-ECR)",1
"Evžen TOŠENOVSKÝ (CZE-ECR)","Anna ZALEWSKA (POL-ECR)",1
"Evžen TOŠENOVSKÝ (CZE-ECR)","Stefania ZAMBELLI (ITA-ID)",1
"Evžen TOŠENOVSKÝ (CZE-ECR)","Robert ROOS (NLD-ECR)",1
"Evžen TOŠENOVSKÝ (CZE-ECR)","Eugen JURZYCA (SVK-ECR)",1
"Evžen TOŠENOVSKÝ (CZE-ECR)","Nicola PROCACCINI (ITA-ECR)",1
"Evžen TOŠENOVSKÝ (CZE-ECR)","Dominik TARCZYŃSKI (POL-ECR)",1
"Bas EICKHOUT (NLD-GREEN_EFA)","Pär HOLMGREN (SWE-GREEN_EFA)",1
"Bas EICKHOUT (NLD-GREEN_EFA)","Rasmus ANDRESEN (DEU-GREEN_EFA)",1
"Bas EICKHOUT (NLD-GREEN_EFA)","Michael BLOSS (DEU-GREEN_EFA)",1
"Bas EICKHOUT (NLD-GREEN_EFA)","Erik MARQUARDT (DEU-GREEN_EFA)",1
"Bas EICKHOUT (NLD-GREEN_EFA)","Hannah NEUMANN (DEU-GREEN_EFA)",1
"Bas EICKHOUT (NLD-GREEN_EFA)","Caroline ROOSE (FRA-GREEN_EFA)",1
"Bas EICKHOUT (NLD-GREEN_EFA)","Sylwia SPUREK (POL-GREEN_EFA)",1
"Bas EICKHOUT (NLD-GREEN_EFA)","Petros KOKKALIS (GRC-GUE_NGL)",1
"Bas EICKHOUT (NLD-GREEN_EFA)","Tineke STRIK (NLD-GREEN_EFA)",1
"Bas EICKHOUT (NLD-GREEN_EFA)","Ville NIINISTÖ (FIN-GREEN_EFA)",1
"Bas EICKHOUT (NLD-GREEN_EFA)","Kim VAN SPARRENTAK (NLD-GREEN_EFA)",1
"Ska KELLER (DEU-GREEN_EFA)","Daniel FREUND (DEU-GREEN_EFA)",1
"Ska KELLER (DEU-GREEN_EFA)","Rosa D'AMATO (ITA-GREEN_EFA)",1
"Ska KELLER (DEU-GREEN_EFA)","Monika VANA (AUT-GREEN_EFA)",1
"Ska KELLER (DEU-GREEN_EFA)","Thomas WAITZ (AUT-GREEN_EFA)",1
"Ska KELLER (DEU-GREEN_EFA)","Alice KUHNKE (SWE-GREEN_EFA)",1
"Ska KELLER (DEU-GREEN_EFA)","Rasmus ANDRESEN (DEU-GREEN_EFA)",1
"Ska KELLER (DEU-GREEN_EFA)","Pierrette HERZBERGER-FOFANA (DEU-GREEN_EFA)",1
"Ska KELLER (DEU-GREEN_EFA)","Katrin LANGENSIEPEN (DEU-GREEN_EFA)",1
"Ska KELLER (DEU-GREEN_EFA)","Erik MARQUARDT (DEU-GREEN_EFA)",1
"Ska KELLER (DEU-GREEN_EFA)","Saskia BRICMONT (BEL-GREEN_EFA)",1
"Ska KELLER (DEU-GREEN_EFA)","Mounir SATOURI (FRA-GREEN_EFA)",1
"Ska KELLER (DEU-GREEN_EFA)","David CORMAND (FRA-GREEN_EFA)",1
"Ska KELLER (DEU-GREEN_EFA)","Caroline ROOSE (FRA-GREEN_EFA)",1
"Ska KELLER (DEU-GREEN_EFA)","Gwendoline DELBOS-CORFIELD (FRA-GREEN_EFA)",1
"Ska KELLER (DEU-GREEN_EFA)","Francisco GUERREIRO (PRT-GREEN_EFA)",1
"Ska KELLER (DEU-GREEN_EFA)","Sarah WIENER (AUT-GREEN_EFA)",1
"Ska KELLER (DEU-GREEN_EFA)","Grace O'SULLIVAN (IRL-GREEN_EFA)",1
"Ska KELLER (DEU-GREEN_EFA)","Claude GRUFFAT (FRA-GREEN_EFA)",1
"Yannick JADOT (FRA-GREEN_EFA)","Michèle RIVASI (FRA-GREEN_EFA)",1
"Yannick JADOT (FRA-GREEN_EFA)","Peter van DALEN (NLD-EPP)",1
"Yannick JADOT (FRA-GREEN_EFA)","Ismail ERTUG (DEU-SD)",1
"Yannick JADOT (FRA-GREEN_EFA)","Paulo RANGEL (PRT-EPP)",1
"Yannick JADOT (FRA-GREEN_EFA)","Nuno MELO (PRT-EPP)",1
"Yannick JADOT (FRA-GREEN_EFA)","Michal ŠIMEČKA (SVK-RENEW)",1
"Yannick JADOT (FRA-GREEN_EFA)","Eric ANDRIEU (FRA-SD)",1
"Yannick JADOT (FRA-GREEN_EFA)","Eleonora EVI (ITA-GREEN_EFA)",1
"Yannick JADOT (FRA-GREEN_EFA)","Simona BONAFÈ (ITA-SD)",1
"Yannick JADOT (FRA-GREEN_EFA)","Krzysztof HETMAN (POL-EPP)",1
"Yannick JADOT (FRA-GREEN_EFA)","Ernest URTASUN (ESP-GREEN_EFA)",1
"Yannick JADOT (FRA-GREEN_EFA)","Jytte GUTELAND (SWE-SD)",1
"Yannick JADOT (FRA-GREEN_EFA)","Esteban GONZÁLEZ PONS (ESP-EPP)",1
"Yannick JADOT (FRA-GREEN_EFA)","Maria SPYRAKI (GRC-EPP)",1
"Yannick JADOT (FRA-GREEN_EFA)","Stelios KOULOGLOU (GRC-GUE_NGL)",1
"Yannick JADOT (FRA-GREEN_EFA)","Romeo FRANZ (DEU-GREEN_EFA)",1
"Yannick JADOT (FRA-GREEN_EFA)","Christophe HANSEN (LUX-EPP)",1
"Yannick JADOT (FRA-GREEN_EFA)","Erik BERGKVIST (SWE-SD)",1
"Yannick JADOT (FRA-GREEN_EFA)","Loucas FOURLAS (CYP-EPP)",1
"Yannick JADOT (FRA-GREEN_EFA)","Niyazi KIZILYÜREK (CYP-GUE_NGL)",1
"Yannick JADOT (FRA-GREEN_EFA)","Nicola BEER (DEU-RENEW)",1
"Yannick JADOT (FRA-GREEN_EFA)","Henrike HAHN (DEU-GREEN_EFA)",1
"Yannick JADOT (FRA-GREEN_EFA)","Bartosz ARŁUKOWICZ (POL-EPP)",1
"Yannick JADOT (FRA-GREEN_EFA)","Stéphane SÉJOURNÉ (FRA-RENEW)",1
"Yannick JADOT (FRA-GREEN_EFA)","Agnès EVREN (FRA-EPP)",1
"Yannick JADOT (FRA-GREEN_EFA)","Radosław SIKORSKI (POL-EPP)",1
"Yannick JADOT (FRA-GREEN_EFA)","Pierfrancesco MAJORINO (ITA-SD)",1
"Yannick JADOT (FRA-GREEN_EFA)","Véronique TRILLET-LENOIR (FRA-RENEW)",1
"Yannick JADOT (FRA-GREEN_EFA)","Carmen AVRAM (ROU-SD)",1
"Yannick JADOT (FRA-GREEN_EFA)","Simone SCHMIEDTBAUER (AUT-EPP)",1
"Yannick JADOT (FRA-GREEN_EFA)","Sira REGO (ESP-GUE_NGL)",1
"Yannick JADOT (FRA-GREEN_EFA)","Elena KOUNTOURA (GRC-GUE_NGL)",1
"Yannick JADOT (FRA-GREEN_EFA)","Adriana MALDONADO LÓPEZ (ESP-SD)",1
"Yannick JADOT (FRA-GREEN_EFA)","Álvaro AMARO (PRT-EPP)",1
"Yannick JADOT (FRA-GREEN_EFA)","Luisa REGIMENTI (ITA-ID)",1
"Michèle RIVASI (FRA-GREEN_EFA)","Ismail ERTUG (DEU-SD)",1
"Michèle RIVASI (FRA-GREEN_EFA)","Michal ŠIMEČKA (SVK-RENEW)",1
"Michèle RIVASI (FRA-GREEN_EFA)","Eric ANDRIEU (FRA-SD)",1
"Michèle RIVASI (FRA-GREEN_EFA)","Costas MAVRIDES (CYP-SD)",1
"Michèle RIVASI (FRA-GREEN_EFA)","Eleonora EVI (ITA-GREEN_EFA)",1
"Michèle RIVASI (FRA-GREEN_EFA)","Simona BONAFÈ (ITA-SD)",1
"Michèle RIVASI (FRA-GREEN_EFA)","Fulvio MARTUSCIELLO (ITA-EPP)",1
"Michèle RIVASI (FRA-GREEN_EFA)","Krzysztof HETMAN (POL-EPP)",1
"Michèle RIVASI (FRA-GREEN_EFA)","Ernest URTASUN (ESP-GREEN_EFA)",1
"Michèle RIVASI (FRA-GREEN_EFA)","Jytte GUTELAND (SWE-SD)",1
"Michèle RIVASI (FRA-GREEN_EFA)","Esteban GONZÁLEZ PONS (ESP-EPP)",1
"Michèle RIVASI (FRA-GREEN_EFA)","Maria SPYRAKI (GRC-EPP)",1
"Michèle RIVASI (FRA-GREEN_EFA)","Stelios KOULOGLOU (GRC-GUE_NGL)",1
"Michèle RIVASI (FRA-GREEN_EFA)","Romeo FRANZ (DEU-GREEN_EFA)",1
"Michèle RIVASI (FRA-GREEN_EFA)","Christophe HANSEN (LUX-EPP)",1
"Michèle RIVASI (FRA-GREEN_EFA)","Erik BERGKVIST (SWE-SD)",1
"Michèle RIVASI (FRA-GREEN_EFA)","Loucas FOURLAS (CYP-EPP)",1
"Michèle RIVASI (FRA-GREEN_EFA)","Bartosz ARŁUKOWICZ (POL-EPP)",1
"Michèle RIVASI (FRA-GREEN_EFA)","Stéphane SÉJOURNÉ (FRA-RENEW)",1
"Michèle RIVASI (FRA-GREEN_EFA)","Agnès EVREN (FRA-EPP)",1
"Michèle RIVASI (FRA-GREEN_EFA)","Radosław SIKORSKI (POL-EPP)",1
"Michèle RIVASI (FRA-GREEN_EFA)","Pierfrancesco MAJORINO (ITA-SD)",1
"Michèle RIVASI (FRA-GREEN_EFA)","Véronique TRILLET-LENOIR (FRA-RENEW)",1
"Michèle RIVASI (FRA-GREEN_EFA)","Simone SCHMIEDTBAUER (AUT-EPP)",1
"Michèle RIVASI (FRA-GREEN_EFA)","Sira REGO (ESP-GUE_NGL)",1
"Michèle RIVASI (FRA-GREEN_EFA)","Stelios KYMPOUROPOULOS (GRC-EPP)",1
"Michèle RIVASI (FRA-GREEN_EFA)","Adriana MALDONADO LÓPEZ (ESP-SD)",1
"Michèle RIVASI (FRA-GREEN_EFA)","Álvaro AMARO (PRT-EPP)",1
"Michèle RIVASI (FRA-GREEN_EFA)","Andrea CAROPPO (ITA-EPP)",1
"Arnaud DANJEAN (FRA-EPP)","Geoffroy DIDIER (FRA-EPP)",1
"Arnaud DANJEAN (FRA-EPP)","François-Xavier BELLAMY (FRA-EPP)",1
"Arnaud DANJEAN (FRA-EPP)","Nathalie COLIN-OESTERLÉ (FRA-EPP)",1
"François ALFONSI (FRA-GREEN_EFA)","Monika VANA (AUT-GREEN_EFA)",1
"François ALFONSI (FRA-GREEN_EFA)","Mounir SATOURI (FRA-GREEN_EFA)",1
"François ALFONSI (FRA-GREEN_EFA)","David CORMAND (FRA-GREEN_EFA)",1
"François ALFONSI (FRA-GREEN_EFA)","Caroline ROOSE (FRA-GREEN_EFA)",1
"François ALFONSI (FRA-GREEN_EFA)","Gwendoline DELBOS-CORFIELD (FRA-GREEN_EFA)",1
"François ALFONSI (FRA-GREEN_EFA)","Francisco GUERREIRO (PRT-GREEN_EFA)",1
"François ALFONSI (FRA-GREEN_EFA)","Grace O'SULLIVAN (IRL-GREEN_EFA)",1
"Martin HÄUSLING (DEU-GREEN_EFA)","Alexandra GEESE (DEU-GREEN_EFA)",1
"Martin HÄUSLING (DEU-GREEN_EFA)","Jordi SOLÉ (ESP-GREEN_EFA)",1
"Martin HÄUSLING (DEU-GREEN_EFA)","Rasmus ANDRESEN (DEU-GREEN_EFA)",1
"Martin HÄUSLING (DEU-GREEN_EFA)","Caroline ROOSE (FRA-GREEN_EFA)",1
"Martin HÄUSLING (DEU-GREEN_EFA)","Francisco GUERREIRO (PRT-GREEN_EFA)",1
"Sabine VERHEYEN (DEU-EPP)","Axel VOSS (DEU-EPP)",1
"Sabine VERHEYEN (DEU-EPP)","Peter JAHR (DEU-EPP)",1
"Sabine VERHEYEN (DEU-EPP)","Monika HOHLMEIER (DEU-EPP)",1
"Sabine VERHEYEN (DEU-EPP)","Herbert DORFMANN (ITA-EPP)",1
"Sabine VERHEYEN (DEU-EPP)","Pablo ARIAS ECHEVERRÍA (ESP-EPP)",1
"Sabine VERHEYEN (DEU-EPP)","Andrey KOVATCHEV (BGR-EPP)",1
"Sabine VERHEYEN (DEU-EPP)","Lena DÜPONT (DEU-EPP)",1
"Sabine VERHEYEN (DEU-EPP)","Siegfried MUREŞAN (ROU-EPP)",1
"Sabine VERHEYEN (DEU-EPP)","David McALLISTER (DEU-EPP)",1
"Sabine VERHEYEN (DEU-EPP)","Jens GIESEKE (DEU-EPP)",1
"Sabine VERHEYEN (DEU-EPP)","Norbert LINS (DEU-EPP)",1
"Sabine VERHEYEN (DEU-EPP)","Franc BOGOVIČ (SVN-EPP)",1
"Sabine VERHEYEN (DEU-EPP)","Dennis RADTKE (DEU-EPP)",1
"Sabine VERHEYEN (DEU-EPP)","Lukas MANDL (AUT-EPP)",1
"Sabine VERHEYEN (DEU-EPP)","Hildegard BENTELE (DEU-EPP)",1
"Sabine VERHEYEN (DEU-EPP)","Stefan BERGER (DEU-EPP)",1
"Sabine VERHEYEN (DEU-EPP)","Niclas HERBST (DEU-EPP)",1
"Sabine VERHEYEN (DEU-EPP)","Christine SCHNEIDER (DEU-EPP)",1
"Sabine VERHEYEN (DEU-EPP)","Ralf SEEKATZ (DEU-EPP)",1
"Sabine VERHEYEN (DEU-EPP)","Sven SIMON (DEU-EPP)",1
"Sabine VERHEYEN (DEU-EPP)","Marlene MORTLER (DEU-EPP)",1
"Sabine VERHEYEN (DEU-EPP)","Marion WALSMANN (DEU-EPP)",1
"Sabine VERHEYEN (DEU-EPP)","Christian DOLESCHAL (DEU-EPP)",1
"Sabine VERHEYEN (DEU-EPP)","Jarosław DUDA (POL-EPP)",1
"Sabine VERHEYEN (DEU-EPP)","Pernille WEISS (DNK-EPP)",1
"Sabine VERHEYEN (DEU-EPP)","Adam JARUBAS (POL-EPP)",1
"Sabine VERHEYEN (DEU-EPP)","Javier ZARZALEJOS (ESP-EPP)",1
"Sabine VERHEYEN (DEU-EPP)","Juan Ignacio ZOIDO ÁLVAREZ (ESP-EPP)",1
"Sabine VERHEYEN (DEU-EPP)","Angelika WINZIG (AUT-EPP)",1
"Sabine VERHEYEN (DEU-EPP)","Traian BĂSESCU (ROU-EPP)",1
"Sabine VERHEYEN (DEU-EPP)","Tom BERENDSEN (NLD-EPP)",1
"Sabine VERHEYEN (DEU-EPP)","Aušra SEIBUTYTĖ (LTU-EPP)",1
"Sabine VERHEYEN (DEU-EPP)","Liudas MAŽYLIS (LTU-EPP)",1
"Sabine VERHEYEN (DEU-EPP)","Andrius KUBILIUS (LTU-EPP)",1
"Sabine VERHEYEN (DEU-EPP)","Salvatore DE MEO (ITA-EPP)",1
"Axel VOSS (DEU-EPP)","Peter JAHR (DEU-EPP)",1
"Axel VOSS (DEU-EPP)","Monika HOHLMEIER (DEU-EPP)",1
"Axel VOSS (DEU-EPP)","Herbert DORFMANN (ITA-EPP)",1
"Axel VOSS (DEU-EPP)","Sandra KALNIETE (LVA-EPP)",1
"Axel VOSS (DEU-EPP)","Andrey KOVATCHEV (BGR-EPP)",1
"Axel VOSS (DEU-EPP)","Lena DÜPONT (DEU-EPP)",1
"Axel VOSS (DEU-EPP)","David McALLISTER (DEU-EPP)",1
"Axel VOSS (DEU-EPP)","Jens GIESEKE (DEU-EPP)",1
"Axel VOSS (DEU-EPP)","Norbert LINS (DEU-EPP)",1
"Axel VOSS (DEU-EPP)","Dennis RADTKE (DEU-EPP)",1
"Axel VOSS (DEU-EPP)","Lukas MANDL (AUT-EPP)",1
"Axel VOSS (DEU-EPP)","Hildegard BENTELE (DEU-EPP)",1
"Axel VOSS (DEU-EPP)","Stefan BERGER (DEU-EPP)",1
"Axel VOSS (DEU-EPP)","Niclas HERBST (DEU-EPP)",1
"Axel VOSS (DEU-EPP)","Christine SCHNEIDER (DEU-EPP)",1
"Axel VOSS (DEU-EPP)","Ralf SEEKATZ (DEU-EPP)",1
"Axel VOSS (DEU-EPP)","Sven SIMON (DEU-EPP)",1
"Axel VOSS (DEU-EPP)","Marlene MORTLER (DEU-EPP)",1
"Axel VOSS (DEU-EPP)","Marion WALSMANN (DEU-EPP)",1
"Axel VOSS (DEU-EPP)","Christian DOLESCHAL (DEU-EPP)",1
"Axel VOSS (DEU-EPP)","Jarosław DUDA (POL-EPP)",1
"Axel VOSS (DEU-EPP)","Pernille WEISS (DNK-EPP)",1
"Axel VOSS (DEU-EPP)","Adam JARUBAS (POL-EPP)",1
"Axel VOSS (DEU-EPP)","Tom BERENDSEN (NLD-EPP)",1
"Axel VOSS (DEU-EPP)","Aušra SEIBUTYTĖ (LTU-EPP)",1
"Axel VOSS (DEU-EPP)","Liudas MAŽYLIS (LTU-EPP)",1
"Axel VOSS (DEU-EPP)","Andrius KUBILIUS (LTU-EPP)",1
"Jarosław KALINOWSKI (POL-EPP)","Herbert DORFMANN (ITA-EPP)",1
"Jarosław KALINOWSKI (POL-EPP)","Siegfried MUREŞAN (ROU-EPP)",1
"Jarosław KALINOWSKI (POL-EPP)","David McALLISTER (DEU-EPP)",1
"Jarosław KALINOWSKI (POL-EPP)","Krzysztof HETMAN (POL-EPP)",1
"Jarosław KALINOWSKI (POL-EPP)","Franc BOGOVIČ (SVN-EPP)",1
"Jarosław KALINOWSKI (POL-EPP)","Daniel BUDA (ROU-EPP)",1
"Jarosław KALINOWSKI (POL-EPP)","Annie SCHREIJER-PIERIK (NLD-EPP)",1
"Jarosław KALINOWSKI (POL-EPP)","Lukas MANDL (AUT-EPP)",1
"Jarosław KALINOWSKI (POL-EPP)","Christine SCHNEIDER (DEU-EPP)",1
"Jarosław KALINOWSKI (POL-EPP)","Ralf SEEKATZ (DEU-EPP)",1
"Jarosław KALINOWSKI (POL-EPP)","Sven SIMON (DEU-EPP)",1
"Jarosław KALINOWSKI (POL-EPP)","Marion WALSMANN (DEU-EPP)",1
"Jarosław KALINOWSKI (POL-EPP)","Jarosław DUDA (POL-EPP)",1
"Jarosław KALINOWSKI (POL-EPP)","Tomasz FRANKOWSKI (POL-EPP)",1
"Jarosław KALINOWSKI (POL-EPP)","Adam JARUBAS (POL-EPP)",1
"Jarosław KALINOWSKI (POL-EPP)","Radosław SIKORSKI (POL-EPP)",1
"Jarosław KALINOWSKI (POL-EPP)","Vasile BLAGA (ROU-EPP)",1
"Jarosław KALINOWSKI (POL-EPP)","Mircea-Gheorghe HAVA (ROU-EPP)",1
"Jarosław KALINOWSKI (POL-EPP)","Angelika WINZIG (AUT-EPP)",1
"Jarosław KALINOWSKI (POL-EPP)","Barbara THALER (AUT-EPP)",1
"Jarosław KALINOWSKI (POL-EPP)","Aušra SEIBUTYTĖ (LTU-EPP)",1
"Jarosław KALINOWSKI (POL-EPP)","Liudas MAŽYLIS (LTU-EPP)",1
"Jarosław KALINOWSKI (POL-EPP)","Andrius KUBILIUS (LTU-EPP)",1
"Jarosław KALINOWSKI (POL-EPP)","Christian SAGARTZ (AUT-EPP)",1
"Peter JAHR (DEU-EPP)","Herbert DORFMANN (ITA-EPP)",1
"Peter JAHR (DEU-EPP)","Pablo ARIAS ECHEVERRÍA (ESP-EPP)",1
"Peter JAHR (DEU-EPP)","Gabriel MATO (ESP-EPP)",1
"Peter JAHR (DEU-EPP)","Andrey KOVATCHEV (BGR-EPP)",1
"Peter JAHR (DEU-EPP)","Lena DÜPONT (DEU-EPP)",1
"Peter JAHR (DEU-EPP)","Tomáš ZDECHOVSKÝ (CZE-EPP)",1
"Peter JAHR (DEU-EPP)","Siegfried MUREŞAN (ROU-EPP)",1
"Peter JAHR (DEU-EPP)","David McALLISTER (DEU-EPP)",1
"Peter JAHR (DEU-EPP)","Jens GIESEKE (DEU-EPP)",1
"Peter JAHR (DEU-EPP)","Norbert LINS (DEU-EPP)",1
"Peter JAHR (DEU-EPP)","Franc BOGOVIČ (SVN-EPP)",1
"Peter JAHR (DEU-EPP)","Daniel BUDA (ROU-EPP)",1
"Peter JAHR (DEU-EPP)","Dennis RADTKE (DEU-EPP)",1
"Peter JAHR (DEU-EPP)","Lukas MANDL (AUT-EPP)",1
"Peter JAHR (DEU-EPP)","Hildegard BENTELE (DEU-EPP)",1
"Peter JAHR (DEU-EPP)","Stefan BERGER (DEU-EPP)",1
"Peter JAHR (DEU-EPP)","Niclas HERBST (DEU-EPP)",1
"Peter JAHR (DEU-EPP)","Christine SCHNEIDER (DEU-EPP)",1
"Peter JAHR (DEU-EPP)","Ralf SEEKATZ (DEU-EPP)",1
"Peter JAHR (DEU-EPP)","Sven SIMON (DEU-EPP)",1
"Peter JAHR (DEU-EPP)","Marlene MORTLER (DEU-EPP)",1
"Peter JAHR (DEU-EPP)","Marion WALSMANN (DEU-EPP)",1
"Peter JAHR (DEU-EPP)","Christian DOLESCHAL (DEU-EPP)",1
"Peter JAHR (DEU-EPP)","Jarosław DUDA (POL-EPP)",1
"Peter JAHR (DEU-EPP)","Pernille WEISS (DNK-EPP)",1
"Peter JAHR (DEU-EPP)","Juan Ignacio ZOIDO ÁLVAREZ (ESP-EPP)",1
"Peter JAHR (DEU-EPP)","Tom BERENDSEN (NLD-EPP)",1
"Peter JAHR (DEU-EPP)","Aušra SEIBUTYTĖ (LTU-EPP)",1
"Peter JAHR (DEU-EPP)","Alexander ALEXANDROV YORDANOV (BGR-EPP)",1
"Peter JAHR (DEU-EPP)","Liudas MAŽYLIS (LTU-EPP)",1
"Peter JAHR (DEU-EPP)","Andrius KUBILIUS (LTU-EPP)",1
"Peter JAHR (DEU-EPP)","Riho TERRAS (EST-EPP)",1
"Peter JAHR (DEU-EPP)","Karolin BRAUNSBERGER-REINHOLD (DEU-EPP)",1
"Monika HOHLMEIER (DEU-EPP)","José Manuel FERNANDES (PRT-EPP)",1
"Monika HOHLMEIER (DEU-EPP)","David McALLISTER (DEU-EPP)",1
"Monika HOHLMEIER (DEU-EPP)","Norbert LINS (DEU-EPP)",1
"Monika HOHLMEIER (DEU-EPP)","Niclas HERBST (DEU-EPP)",1
"Monika HOHLMEIER (DEU-EPP)","Ralf SEEKATZ (DEU-EPP)",1
"Monika HOHLMEIER (DEU-EPP)","Marlene MORTLER (DEU-EPP)",1
"Monika HOHLMEIER (DEU-EPP)","Marion WALSMANN (DEU-EPP)",1
"Monika HOHLMEIER (DEU-EPP)","Christian DOLESCHAL (DEU-EPP)",1
"Monika HOHLMEIER (DEU-EPP)","Andrzej HALICKI (POL-EPP)",1
"Monika HOHLMEIER (DEU-EPP)","Ewa KOPACZ (POL-EPP)",1
"Monika HOHLMEIER (DEU-EPP)","Alexander BERNHUBER (AUT-EPP)",1
"Monika HOHLMEIER (DEU-EPP)","Dolors MONTSERRAT (ESP-EPP)",1
"Monika HOHLMEIER (DEU-EPP)","Salvatore DE MEO (ITA-EPP)",1
"Monika HOHLMEIER (DEU-EPP)","Christian SAGARTZ (AUT-EPP)",1
"Monika HOHLMEIER (DEU-EPP)","Riho TERRAS (EST-EPP)",1
"Herbert DORFMANN (ITA-EPP)","Pablo ARIAS ECHEVERRÍA (ESP-EPP)",1
"Herbert DORFMANN (ITA-EPP)","Gabriel MATO (ESP-EPP)",1
"Herbert DORFMANN (ITA-EPP)","Siegfried MUREŞAN (ROU-EPP)",1
"Herbert DORFMANN (ITA-EPP)","David McALLISTER (DEU-EPP)",1
"Herbert DORFMANN (ITA-EPP)","Norbert LINS (DEU-EPP)",1
"Herbert DORFMANN (ITA-EPP)","Franc BOGOVIČ (SVN-EPP)",1
"Herbert DORFMANN (ITA-EPP)","Daniel BUDA (ROU-EPP)",1
"Herbert DORFMANN (ITA-EPP)","Dennis RADTKE (DEU-EPP)",1
"Herbert DORFMANN (ITA-EPP)","Lukas MANDL (AUT-EPP)",1
"Herbert DORFMANN (ITA-EPP)","Hildegard BENTELE (DEU-EPP)",1
"Herbert DORFMANN (ITA-EPP)","Niclas HERBST (DEU-EPP)",1
"Herbert DORFMANN (ITA-EPP)","Christine SCHNEIDER (DEU-EPP)",1
"Herbert DORFMANN (ITA-EPP)","Ralf SEEKATZ (DEU-EPP)",1
"Herbert DORFMANN (ITA-EPP)","Sven SIMON (DEU-EPP)",1
"Herbert DORFMANN (ITA-EPP)","Marlene MORTLER (DEU-EPP)",1
"Herbert DORFMANN (ITA-EPP)","Marion WALSMANN (DEU-EPP)",1
"Herbert DORFMANN (ITA-EPP)","Christian DOLESCHAL (DEU-EPP)",1
"Herbert DORFMANN (ITA-EPP)","Jarosław DUDA (POL-EPP)",1
"Herbert DORFMANN (ITA-EPP)","Tomasz FRANKOWSKI (POL-EPP)",1
"Herbert DORFMANN (ITA-EPP)","Juan Ignacio ZOIDO ÁLVAREZ (ESP-EPP)",1
"Herbert DORFMANN (ITA-EPP)","Vasile BLAGA (ROU-EPP)",1
"Herbert DORFMANN (ITA-EPP)","Mircea-Gheorghe HAVA (ROU-EPP)",1
"Herbert DORFMANN (ITA-EPP)","Dolors MONTSERRAT (ESP-EPP)",1
"Herbert DORFMANN (ITA-EPP)","Tom BERENDSEN (NLD-EPP)",1
"Herbert DORFMANN (ITA-EPP)","Aušra SEIBUTYTĖ (LTU-EPP)",1
"Herbert DORFMANN (ITA-EPP)","Rasa JUKNEVIČIENĖ (LTU-EPP)",1
"Herbert DORFMANN (ITA-EPP)","Liudas MAŽYLIS (LTU-EPP)",1
"Herbert DORFMANN (ITA-EPP)","Andrius KUBILIUS (LTU-EPP)",1
"Herbert DORFMANN (ITA-EPP)","Salvatore DE MEO (ITA-EPP)",1
"Herbert DORFMANN (ITA-EPP)","Riho TERRAS (EST-EPP)",1
"Elżbieta Katarzyna ŁUKACIJEWSKA (POL-EPP)","Sandra KALNIETE (LVA-EPP)",1
"Ryszard Antoni LEGUTKO (POL-ECR)","Tomasz Piotr PORĘBA (POL-ECR)",1
"Ryszard Antoni LEGUTKO (POL-ECR)","Carlo FIDANZA (ITA-ECR)",1
"Ryszard Antoni LEGUTKO (POL-ECR)","Michaela ŠOJDROVÁ (CZE-EPP)",1
"Ryszard Antoni LEGUTKO (POL-ECR)","György HÖLVÉNYI (HUN-EPP)",1
"Ryszard Antoni LEGUTKO (POL-ECR)","Nicolas BAY (FRA-ID)",1
"Ryszard Antoni LEGUTKO (POL-ECR)","Angel DZHAMBAZKI (BGR-ECR)",1
"Ryszard Antoni LEGUTKO (POL-ECR)","Jadwiga WIŚNIEWSKA (POL-ECR)",1
"Ryszard Antoni LEGUTKO (POL-ECR)","Kosma ZŁOTOWSKI (POL-ECR)",1
"Ryszard Antoni LEGUTKO (POL-ECR)","Karol KARSKI (POL-ECR)",1
"Ryszard Antoni LEGUTKO (POL-ECR)","Zdzisław KRASNODĘBSKI (POL-ECR)",1
"Ryszard Antoni LEGUTKO (POL-ECR)","Johan VAN OVERTVELDT (BEL-ECR)",1
"Ryszard Antoni LEGUTKO (POL-ECR)","Angelo CIOCCA (ITA-ID)",1
"Ryszard Antoni LEGUTKO (POL-ECR)","Geert BOURGEOIS (BEL-ECR)",1
"Ryszard Antoni LEGUTKO (POL-ECR)","Assita KANKO (BEL-ECR)",1
"Ryszard Antoni LEGUTKO (POL-ECR)","Lars Patrick BERG (DEU-ECR)",1
"Ryszard Antoni LEGUTKO (POL-ECR)","Joachim Stanisław BRUDZIŃSKI (POL-ECR)",1
"Ryszard Antoni LEGUTKO (POL-ECR)","Patryk JAKI (POL-ECR)",1
"Ryszard Antoni LEGUTKO (POL-ECR)","Krzysztof JURGIEL (POL-ECR)",1
"Ryszard Antoni LEGUTKO (POL-ECR)","Beata KEMPA (POL-ECR)",1
"Ryszard Antoni LEGUTKO (POL-ECR)","Izabela-Helena KLOC (POL-ECR)",1
"Ryszard Antoni LEGUTKO (POL-ECR)","Joanna KOPCIŃSKA (POL-ECR)",1
"Ryszard Antoni LEGUTKO (POL-ECR)","Elżbieta KRUK (POL-ECR)",1
"Ryszard Antoni LEGUTKO (POL-ECR)","Alexandr VONDRA (CZE-ECR)",1
"Ryszard Antoni LEGUTKO (POL-ECR)","Beata MAZUREK (POL-ECR)",1
"Ryszard Antoni LEGUTKO (POL-ECR)","Andżelika Anna MOŻDŻANOWSKA (POL-ECR)",1
"Ryszard Antoni LEGUTKO (POL-ECR)","Elżbieta RAFALSKA (POL-ECR)",1
"Ryszard Antoni LEGUTKO (POL-ECR)","Bogdan RZOŃCA (POL-ECR)",1
"Ryszard Antoni LEGUTKO (POL-ECR)","Beata SZYDŁO (POL-ECR)",1
"Ryszard Antoni LEGUTKO (POL-ECR)","Grzegorz TOBISZOWSKI (POL-ECR)",1
"Ryszard Antoni LEGUTKO (POL-ECR)","Witold Jan WASZCZYKOWSKI (POL-ECR)",1
"Ryszard Antoni LEGUTKO (POL-ECR)","Anna ZALEWSKA (POL-ECR)",1
"Ryszard Antoni LEGUTKO (POL-ECR)","Silvia SARDONE (ITA-ID)",1
"Ryszard Antoni LEGUTKO (POL-ECR)","Isabella TOVAGLIERI (ITA-ID)",1
"Ryszard Antoni LEGUTKO (POL-ECR)","Pietro FIOCCHI (ITA-ECR)",1
"Ryszard Antoni LEGUTKO (POL-ECR)","Elena LIZZI (ITA-ID)",1
"Ryszard Antoni LEGUTKO (POL-ECR)","Rosanna CONTE (ITA-ID)",1
"Ryszard Antoni LEGUTKO (POL-ECR)","Cristian TERHEŞ (ROU-ECR)",1
"Ryszard Antoni LEGUTKO (POL-ECR)","Bert-Jan RUISSEN (NLD-ECR)",1
"Ryszard Antoni LEGUTKO (POL-ECR)","Nicola PROCACCINI (ITA-ECR)",1
"Ryszard Antoni LEGUTKO (POL-ECR)","Giuseppe MILAZZO (ITA-ECR)",1
"Ryszard Antoni LEGUTKO (POL-ECR)","Raffaele STANCANELLI (ITA-ECR)",1
"Ryszard Antoni LEGUTKO (POL-ECR)","Jorge BUXADÉ VILLALBA (ESP-ECR)",1
"Ryszard Antoni LEGUTKO (POL-ECR)","Hermann TERTSCH (ESP-ECR)",1
"Ryszard Antoni LEGUTKO (POL-ECR)","Andrey SLABAKOV (BGR-ECR)",1
"Ryszard Antoni LEGUTKO (POL-ECR)","Mazaly AGUILAR (ESP-ECR)",1
"Ryszard Antoni LEGUTKO (POL-ECR)","Emmanouil FRAGKOS (GRC-ECR)",1
"Ryszard Antoni LEGUTKO (POL-ECR)","Vincenzo SOFO (ITA-ECR)",1
"Ryszard Antoni LEGUTKO (POL-ECR)","Dominik TARCZYŃSKI (POL-ECR)",1
"Ryszard Antoni LEGUTKO (POL-ECR)","Margarita DE LA PISA CARRIÓN (ESP-ECR)",1
"Ryszard Antoni LEGUTKO (POL-ECR)","Ladislav ILČIĆ (HRV-ECR)",1
"Tomasz Piotr PORĘBA (POL-ECR)","Carlo FIDANZA (ITA-ECR)",1
"Tomasz Piotr PORĘBA (POL-ECR)","Angel DZHAMBAZKI (BGR-ECR)",1
"Tomasz Piotr PORĘBA (POL-ECR)","Jadwiga WIŚNIEWSKA (POL-ECR)",1
"Tomasz Piotr PORĘBA (POL-ECR)","Kosma ZŁOTOWSKI (POL-ECR)",1
"Tomasz Piotr PORĘBA (POL-ECR)","Karol KARSKI (POL-ECR)",1
"Tomasz Piotr PORĘBA (POL-ECR)","Zdzisław KRASNODĘBSKI (POL-ECR)",1
"Tomasz Piotr PORĘBA (POL-ECR)","Lars Patrick BERG (DEU-ECR)",1
"Tomasz Piotr PORĘBA (POL-ECR)","Joachim Stanisław BRUDZIŃSKI (POL-ECR)",1
"Tomasz Piotr PORĘBA (POL-ECR)","Patryk JAKI (POL-ECR)",1
"Tomasz Piotr PORĘBA (POL-ECR)","Krzysztof JURGIEL (POL-ECR)",1
"Tomasz Piotr PORĘBA (POL-ECR)","Beata KEMPA (POL-ECR)",1
"Tomasz Piotr PORĘBA (POL-ECR)","Izabela-Helena KLOC (POL-ECR)",1
"Tomasz Piotr PORĘBA (POL-ECR)","Joanna KOPCIŃSKA (POL-ECR)",1
"Tomasz Piotr PORĘBA (POL-ECR)","Elżbieta KRUK (POL-ECR)",1
"Tomasz Piotr PORĘBA (POL-ECR)","Beata MAZUREK (POL-ECR)",1
"Tomasz Piotr PORĘBA (POL-ECR)","Andżelika Anna MOŻDŻANOWSKA (POL-ECR)",1
"Tomasz Piotr PORĘBA (POL-ECR)","Elżbieta RAFALSKA (POL-ECR)",1
"Tomasz Piotr PORĘBA (POL-ECR)","Bogdan RZOŃCA (POL-ECR)",1
"Tomasz Piotr PORĘBA (POL-ECR)","Beata SZYDŁO (POL-ECR)",1
"Tomasz Piotr PORĘBA (POL-ECR)","Grzegorz TOBISZOWSKI (POL-ECR)",1
"Tomasz Piotr PORĘBA (POL-ECR)","Witold Jan WASZCZYKOWSKI (POL-ECR)",1
"Tomasz Piotr PORĘBA (POL-ECR)","Anna ZALEWSKA (POL-ECR)",1
"Tomasz Piotr PORĘBA (POL-ECR)","Pietro FIOCCHI (ITA-ECR)",1
"Tomasz Piotr PORĘBA (POL-ECR)","Cristian TERHEŞ (ROU-ECR)",1
"Tomasz Piotr PORĘBA (POL-ECR)","Bert-Jan RUISSEN (NLD-ECR)",1
"Tomasz Piotr PORĘBA (POL-ECR)","Nicola PROCACCINI (ITA-ECR)",1
"Tomasz Piotr PORĘBA (POL-ECR)","Raffaele STANCANELLI (ITA-ECR)",1
"Tomasz Piotr PORĘBA (POL-ECR)","Matteo ADINOLFI (ITA-ID)",1
"Tomasz Piotr PORĘBA (POL-ECR)","Jorge BUXADÉ VILLALBA (ESP-ECR)",1
"Tomasz Piotr PORĘBA (POL-ECR)","Hermann TERTSCH (ESP-ECR)",1
"Tomasz Piotr PORĘBA (POL-ECR)","Andrey SLABAKOV (BGR-ECR)",1
"Tomasz Piotr PORĘBA (POL-ECR)","Mazaly AGUILAR (ESP-ECR)",1
"Tomasz Piotr PORĘBA (POL-ECR)","Emmanouil FRAGKOS (GRC-ECR)",1
"Tomasz Piotr PORĘBA (POL-ECR)","Vincenzo SOFO (ITA-ECR)",1
"Tomasz Piotr PORĘBA (POL-ECR)","Dominik TARCZYŃSKI (POL-ECR)",1
"Tomasz Piotr PORĘBA (POL-ECR)","Margarita DE LA PISA CARRIÓN (ESP-ECR)",1
"Tomasz Piotr PORĘBA (POL-ECR)","Ladislav ILČIĆ (HRV-ECR)",1
"Pablo ARIAS ECHEVERRÍA (ESP-EPP)","Rosa ESTARÀS FERRAGUT (ESP-EPP)",1
"Pablo ARIAS ECHEVERRÍA (ESP-EPP)","Gabriel MATO (ESP-EPP)",1
"Pablo ARIAS ECHEVERRÍA (ESP-EPP)","Andrey KOVATCHEV (BGR-EPP)",1
"Pablo ARIAS ECHEVERRÍA (ESP-EPP)","Loránt VINCZE (ROU-EPP)",1
"Pablo ARIAS ECHEVERRÍA (ESP-EPP)","Lena DÜPONT (DEU-EPP)",1
"Pablo ARIAS ECHEVERRÍA (ESP-EPP)","Andrey NOVAKOV (BGR-EPP)",1
"Pablo ARIAS ECHEVERRÍA (ESP-EPP)","Tomáš ZDECHOVSKÝ (CZE-EPP)",1
"Pablo ARIAS ECHEVERRÍA (ESP-EPP)","Siegfried MUREŞAN (ROU-EPP)",1
"Pablo ARIAS ECHEVERRÍA (ESP-EPP)","Norbert LINS (DEU-EPP)",1
"Pablo ARIAS ECHEVERRÍA (ESP-EPP)","Franc BOGOVIČ (SVN-EPP)",1
"Pablo ARIAS ECHEVERRÍA (ESP-EPP)","Daniel BUDA (ROU-EPP)",1
"Pablo ARIAS ECHEVERRÍA (ESP-EPP)","Massimiliano SALINI (ITA-EPP)",1
"Pablo ARIAS ECHEVERRÍA (ESP-EPP)","Asim ADEMOV (BGR-EPP)",1
"Pablo ARIAS ECHEVERRÍA (ESP-EPP)","Lukas MANDL (AUT-EPP)",1
"Pablo ARIAS ECHEVERRÍA (ESP-EPP)","Hildegard BENTELE (DEU-EPP)",1
"Pablo ARIAS ECHEVERRÍA (ESP-EPP)","Ralf SEEKATZ (DEU-EPP)",1
"Pablo ARIAS ECHEVERRÍA (ESP-EPP)","Sven SIMON (DEU-EPP)",1
"Pablo ARIAS ECHEVERRÍA (ESP-EPP)","Marlene MORTLER (DEU-EPP)",1
"Pablo ARIAS ECHEVERRÍA (ESP-EPP)","Marion WALSMANN (DEU-EPP)",1
"Pablo ARIAS ECHEVERRÍA (ESP-EPP)","Christian DOLESCHAL (DEU-EPP)",1
"Pablo ARIAS ECHEVERRÍA (ESP-EPP)","Tomasz FRANKOWSKI (POL-EPP)",1
"Pablo ARIAS ECHEVERRÍA (ESP-EPP)","Javier ZARZALEJOS (ESP-EPP)",1
"Pablo ARIAS ECHEVERRÍA (ESP-EPP)","Juan Ignacio ZOIDO ÁLVAREZ (ESP-EPP)",1
"Pablo ARIAS ECHEVERRÍA (ESP-EPP)","Vasile BLAGA (ROU-EPP)",1
"Pablo ARIAS ECHEVERRÍA (ESP-EPP)","Traian BĂSESCU (ROU-EPP)",1
"Pablo ARIAS ECHEVERRÍA (ESP-EPP)","Isabel BENJUMEA BENJUMEA (ESP-EPP)",1
"Pablo ARIAS ECHEVERRÍA (ESP-EPP)","Dolors MONTSERRAT (ESP-EPP)",1
"Pablo ARIAS ECHEVERRÍA (ESP-EPP)","Leopoldo LÓPEZ GIL (ESP-EPP)",1
"Pablo ARIAS ECHEVERRÍA (ESP-EPP)","Tom BERENDSEN (NLD-EPP)",1
"Pablo ARIAS ECHEVERRÍA (ESP-EPP)","Aušra SEIBUTYTĖ (LTU-EPP)",1
"Pablo ARIAS ECHEVERRÍA (ESP-EPP)","Alexander ALEXANDROV YORDANOV (BGR-EPP)",1
"Pablo ARIAS ECHEVERRÍA (ESP-EPP)","Liudas MAŽYLIS (LTU-EPP)",1
"Pablo ARIAS ECHEVERRÍA (ESP-EPP)","Andrius KUBILIUS (LTU-EPP)",1
"Pablo ARIAS ECHEVERRÍA (ESP-EPP)","Salvatore DE MEO (ITA-EPP)",1
"Pablo ARIAS ECHEVERRÍA (ESP-EPP)","Riho TERRAS (EST-EPP)",1
"Peter van DALEN (NLD-EPP)","Ismail ERTUG (DEU-SD)",1
"Peter van DALEN (NLD-EPP)","Nuno MELO (PRT-EPP)",1
"Peter van DALEN (NLD-EPP)","Michal ŠIMEČKA (SVK-RENEW)",1
"Peter van DALEN (NLD-EPP)","Eric ANDRIEU (FRA-SD)",1
"Peter van DALEN (NLD-EPP)","Simona BONAFÈ (ITA-SD)",1
"Peter van DALEN (NLD-EPP)","Krzysztof HETMAN (POL-EPP)",1
"Peter van DALEN (NLD-EPP)","Ernest URTASUN (ESP-GREEN_EFA)",1
"Peter van DALEN (NLD-EPP)","Esteban GONZÁLEZ PONS (ESP-EPP)",1
"Peter van DALEN (NLD-EPP)","Christophe HANSEN (LUX-EPP)",1
"Peter van DALEN (NLD-EPP)","Erik BERGKVIST (SWE-SD)",1
"Peter van DALEN (NLD-EPP)","Loucas FOURLAS (CYP-EPP)",1
"Peter van DALEN (NLD-EPP)","Bartosz ARŁUKOWICZ (POL-EPP)",1
"Peter van DALEN (NLD-EPP)","Agnès EVREN (FRA-EPP)",1
"Peter van DALEN (NLD-EPP)","Radosław SIKORSKI (POL-EPP)",1
"Peter van DALEN (NLD-EPP)","Pierfrancesco MAJORINO (ITA-SD)",1
"Peter van DALEN (NLD-EPP)","Véronique TRILLET-LENOIR (FRA-RENEW)",1
"Peter van DALEN (NLD-EPP)","Carmen AVRAM (ROU-SD)",1
"Peter van DALEN (NLD-EPP)","Simone SCHMIEDTBAUER (AUT-EPP)",1
"Peter van DALEN (NLD-EPP)","Adriana MALDONADO LÓPEZ (ESP-SD)",1
"Peter van DALEN (NLD-EPP)","Álvaro AMARO (PRT-EPP)",1
"Peter van DALEN (NLD-EPP)","Andrea CAROPPO (ITA-EPP)",1
"Carlo FIDANZA (ITA-ECR)","Alessandro PANZA (ITA-ID)",1
"Carlo FIDANZA (ITA-ECR)","Paolo BORCHIA (ITA-ID)",1
"Carlo FIDANZA (ITA-ECR)","Michaela ŠOJDROVÁ (CZE-EPP)",1
"Carlo FIDANZA (ITA-ECR)","Tomáš ZDECHOVSKÝ (CZE-EPP)",1
"Carlo FIDANZA (ITA-ECR)","György HÖLVÉNYI (HUN-EPP)",1
"Carlo FIDANZA (ITA-ECR)","Nicolas BAY (FRA-ID)",1
"Carlo FIDANZA (ITA-ECR)","Dominique BILDE (FRA-ID)",1
"Carlo FIDANZA (ITA-ECR)","Marco ZANNI (ITA-ID)",1
"Carlo FIDANZA (ITA-ECR)","Angel DZHAMBAZKI (BGR-ECR)",1
"Carlo FIDANZA (ITA-ECR)","Jadwiga WIŚNIEWSKA (POL-ECR)",1
"Carlo FIDANZA (ITA-ECR)","Kosma ZŁOTOWSKI (POL-ECR)",1
"Carlo FIDANZA (ITA-ECR)","Karol KARSKI (POL-ECR)",1
"Carlo FIDANZA (ITA-ECR)","Zdzisław KRASNODĘBSKI (POL-ECR)",1
"Carlo FIDANZA (ITA-ECR)","Massimiliano SALINI (ITA-EPP)",1
"Carlo FIDANZA (ITA-ECR)","Jordan BARDELLA (FRA-ID)",1
"Carlo FIDANZA (ITA-ECR)","Annika BRUNA (FRA-ID)",1
"Carlo FIDANZA (ITA-ECR)","Angelo CIOCCA (ITA-ID)",1
"Carlo FIDANZA (ITA-ECR)","Jörg MEUTHEN (DEU-ID)",1
"Carlo FIDANZA (ITA-ECR)","Danilo Oscar LANCINI (ITA-ID)",1
"Carlo FIDANZA (ITA-ECR)","Geert BOURGEOIS (BEL-ECR)",1
"Carlo FIDANZA (ITA-ECR)","Assita KANKO (BEL-ECR)",1
"Carlo FIDANZA (ITA-ECR)","Lars Patrick BERG (DEU-ECR)",1
"Carlo FIDANZA (ITA-ECR)","Joachim Stanisław BRUDZIŃSKI (POL-ECR)",1
"Carlo FIDANZA (ITA-ECR)","Patryk JAKI (POL-ECR)",1
"Carlo FIDANZA (ITA-ECR)","Krzysztof JURGIEL (POL-ECR)",1
"Carlo FIDANZA (ITA-ECR)","Beata KEMPA (POL-ECR)",1
"Carlo FIDANZA (ITA-ECR)","Izabela-Helena KLOC (POL-ECR)",1
"Carlo FIDANZA (ITA-ECR)","Ondřej KNOTEK (CZE-RENEW)",1
"Carlo FIDANZA (ITA-ECR)","Joanna KOPCIŃSKA (POL-ECR)",1
"Carlo FIDANZA (ITA-ECR)","Elżbieta KRUK (POL-ECR)",1
"Carlo FIDANZA (ITA-ECR)","François-Xavier BELLAMY (FRA-EPP)",1
"Carlo FIDANZA (ITA-ECR)","Alexandr VONDRA (CZE-ECR)",1
"Carlo FIDANZA (ITA-ECR)","Beata MAZUREK (POL-ECR)",1
"Carlo FIDANZA (ITA-ECR)","Andżelika Anna MOŻDŻANOWSKA (POL-ECR)",1
"Carlo FIDANZA (ITA-ECR)","Elżbieta RAFALSKA (POL-ECR)",1
"Carlo FIDANZA (ITA-ECR)","Bogdan RZOŃCA (POL-ECR)",1
"Carlo FIDANZA (ITA-ECR)","Beata SZYDŁO (POL-ECR)",1
"Carlo FIDANZA (ITA-ECR)","Grzegorz TOBISZOWSKI (POL-ECR)",1
"Carlo FIDANZA (ITA-ECR)","Witold Jan WASZCZYKOWSKI (POL-ECR)",1
"Carlo FIDANZA (ITA-ECR)","Anna ZALEWSKA (POL-ECR)",1
"Carlo FIDANZA (ITA-ECR)","Silvia SARDONE (ITA-ID)",1
"Carlo FIDANZA (ITA-ECR)","Isabella TOVAGLIERI (ITA-ID)",1
"Carlo FIDANZA (ITA-ECR)","Gianna GANCIA (ITA-ID)",1
"Carlo FIDANZA (ITA-ECR)","Stefania ZAMBELLI (ITA-ID)",1
"Carlo FIDANZA (ITA-ECR)","Pietro FIOCCHI (ITA-ECR)",1
"Carlo FIDANZA (ITA-ECR)","Gianantonio DA RE (ITA-ID)",1
"Carlo FIDANZA (ITA-ECR)","Alessandra BASSO (ITA-ID)",1
"Carlo FIDANZA (ITA-ECR)","Elena LIZZI (ITA-ID)",1
"Carlo FIDANZA (ITA-ECR)","Jérôme RIVIÈRE (FRA-ID)",1
"Carlo FIDANZA (ITA-ECR)","Rosanna CONTE (ITA-ID)",1
"Carlo FIDANZA (ITA-ECR)","Thierry MARIANI (FRA-ID)",1
"Carlo FIDANZA (ITA-ECR)","Virginie JORON (FRA-ID)",1
"Carlo FIDANZA (ITA-ECR)","Jean-Paul GARRAUD (FRA-ID)",1
"Carlo FIDANZA (ITA-ECR)","Cristian TERHEŞ (ROU-ECR)",1
"Carlo FIDANZA (ITA-ECR)","Aurélia BEIGNEUX (FRA-ID)",1
"Carlo FIDANZA (ITA-ECR)","Mathilde ANDROUËT (FRA-ID)",1
"Carlo FIDANZA (ITA-ECR)","Bert-Jan RUISSEN (NLD-ECR)",1
"Carlo FIDANZA (ITA-ECR)","Susanna CECCARDI (ITA-ID)",1
"Carlo FIDANZA (ITA-ECR)","Antonio Maria RINALDI (ITA-ID)",1
"Carlo FIDANZA (ITA-ECR)","Valentino GRANT (ITA-ID)",1
"Carlo FIDANZA (ITA-ECR)","Annalisa TARDINO (ITA-ID)",1
"Carlo FIDANZA (ITA-ECR)","Nicola PROCACCINI (ITA-ECR)",1
"Carlo FIDANZA (ITA-ECR)","Giuseppe MILAZZO (ITA-ECR)",1
"Carlo FIDANZA (ITA-ECR)","Raffaele STANCANELLI (ITA-ECR)",1
"Carlo FIDANZA (ITA-ECR)","Matteo ADINOLFI (ITA-ID)",1
"Carlo FIDANZA (ITA-ECR)","Jorge BUXADÉ VILLALBA (ESP-ECR)",1
"Carlo FIDANZA (ITA-ECR)","Hermann TERTSCH (ESP-ECR)",1
"Carlo FIDANZA (ITA-ECR)","Andrey SLABAKOV (BGR-ECR)",1
"Carlo FIDANZA (ITA-ECR)","Mazaly AGUILAR (ESP-ECR)",1
"Carlo FIDANZA (ITA-ECR)","Emmanouil FRAGKOS (GRC-ECR)",1
"Carlo FIDANZA (ITA-ECR)","Vincenzo SOFO (ITA-ECR)",1
"Carlo FIDANZA (ITA-ECR)","Dominik TARCZYŃSKI (POL-ECR)",1
"Carlo FIDANZA (ITA-ECR)","Margarita DE LA PISA CARRIÓN (ESP-ECR)",1
"Carlo FIDANZA (ITA-ECR)","Jean-Lin LACAPELLE (FRA-ID)",1
"Carlo FIDANZA (ITA-ECR)","Ladislav ILČIĆ (HRV-ECR)",1
"Rosa ESTARÀS FERRAGUT (ESP-EPP)","Gabriel MATO (ESP-EPP)",1
"Rosa ESTARÀS FERRAGUT (ESP-EPP)","Lena DÜPONT (DEU-EPP)",1
"Rosa ESTARÀS FERRAGUT (ESP-EPP)","Henna VIRKKUNEN (FIN-EPP)",1
"Rosa ESTARÀS FERRAGUT (ESP-EPP)","Siegfried MUREŞAN (ROU-EPP)",1
"Rosa ESTARÀS FERRAGUT (ESP-EPP)","Norbert LINS (DEU-EPP)",1
"Rosa ESTARÀS FERRAGUT (ESP-EPP)","Franc BOGOVIČ (SVN-EPP)",1
"Rosa ESTARÀS FERRAGUT (ESP-EPP)","Daniel BUDA (ROU-EPP)",1
"Rosa ESTARÀS FERRAGUT (ESP-EPP)","Niclas HERBST (DEU-EPP)",1
"Rosa ESTARÀS FERRAGUT (ESP-EPP)","Marlene MORTLER (DEU-EPP)",1
"Rosa ESTARÀS FERRAGUT (ESP-EPP)","Marion WALSMANN (DEU-EPP)",1
"Rosa ESTARÀS FERRAGUT (ESP-EPP)","Jarosław DUDA (POL-EPP)",1
"Rosa ESTARÀS FERRAGUT (ESP-EPP)","Tomasz FRANKOWSKI (POL-EPP)",1
"Rosa ESTARÀS FERRAGUT (ESP-EPP)","Javier ZARZALEJOS (ESP-EPP)",1
"Rosa ESTARÀS FERRAGUT (ESP-EPP)","Juan Ignacio ZOIDO ÁLVAREZ (ESP-EPP)",1
"Rosa ESTARÀS FERRAGUT (ESP-EPP)","Vasile BLAGA (ROU-EPP)",1
"Rosa ESTARÀS FERRAGUT (ESP-EPP)","Angelika WINZIG (AUT-EPP)",1
"Rosa ESTARÀS FERRAGUT (ESP-EPP)","Traian BĂSESCU (ROU-EPP)",1
"Rosa ESTARÀS FERRAGUT (ESP-EPP)","Eugen TOMAC (ROU-EPP)",1
"Rosa ESTARÀS FERRAGUT (ESP-EPP)","Dolors MONTSERRAT (ESP-EPP)",1
"Rosa ESTARÀS FERRAGUT (ESP-EPP)","Leopoldo LÓPEZ GIL (ESP-EPP)",1
"Rosa ESTARÀS FERRAGUT (ESP-EPP)","Aušra SEIBUTYTĖ (LTU-EPP)",1
"Rosa ESTARÀS FERRAGUT (ESP-EPP)","Liudas MAŽYLIS (LTU-EPP)",1
"Rosa ESTARÀS FERRAGUT (ESP-EPP)","Gheorghe-Vlad NISTOR (ROU-EPP)",1
"Rosa ESTARÀS FERRAGUT (ESP-EPP)","Christian SAGARTZ (AUT-EPP)",1
"Rosa ESTARÀS FERRAGUT (ESP-EPP)","Riho TERRAS (EST-EPP)",1
"Marisa MATIAS (PRT-GUE_NGL)","Rosa D'AMATO (ITA-GREEN_EFA)",1
"Marisa MATIAS (PRT-GUE_NGL)","Piernicola PEDICINI (ITA-GREEN_EFA)",1
"Marisa MATIAS (PRT-GUE_NGL)","Anja HAZEKAMP (NLD-GUE_NGL)",1
"Marisa MATIAS (PRT-GUE_NGL)","Marc BOTENGA (BEL-GUE_NGL)",1
"Marisa MATIAS (PRT-GUE_NGL)","Niyazi KIZILYÜREK (CYP-GUE_NGL)",1
"Marisa MATIAS (PRT-GUE_NGL)","Giorgos GEORGIOU (CYP-GUE_NGL)",1
"Marisa MATIAS (PRT-GUE_NGL)","Nico SEMSROTT (DEU-GREEN_EFA)",1
"Marisa MATIAS (PRT-GUE_NGL)","Anne-Sophie PELLETIER (FRA-GUE_NGL)",1
"Marisa MATIAS (PRT-GUE_NGL)","Konstantinos ARVANITIS (GRC-GUE_NGL)",1
"Petra KAMMEREVERT (DEU-SD)","Ismail ERTUG (DEU-SD)",1
"Petra KAMMEREVERT (DEU-SD)","Eric ANDRIEU (FRA-SD)",1
"Ismail ERTUG (DEU-SD)","Mara BIZZOTTO (ITA-ID)",1
"Ismail ERTUG (DEU-SD)","Michal ŠIMEČKA (SVK-RENEW)",1
"Ismail ERTUG (DEU-SD)","Eric ANDRIEU (FRA-SD)",1
"Ismail ERTUG (DEU-SD)","Eleonora EVI (ITA-GREEN_EFA)",1
"Ismail ERTUG (DEU-SD)","Simona BONAFÈ (ITA-SD)",1
"Ismail ERTUG (DEU-SD)","Fulvio MARTUSCIELLO (ITA-EPP)",1
"Ismail ERTUG (DEU-SD)","Krzysztof HETMAN (POL-EPP)",1
"Ismail ERTUG (DEU-SD)","Ernest URTASUN (ESP-GREEN_EFA)",1
"Ismail ERTUG (DEU-SD)","Jytte GUTELAND (SWE-SD)",1
"Ismail ERTUG (DEU-SD)","Esteban GONZÁLEZ PONS (ESP-EPP)",1
"Ismail ERTUG (DEU-SD)","Maria SPYRAKI (GRC-EPP)",1
"Ismail ERTUG (DEU-SD)","Stelios KOULOGLOU (GRC-GUE_NGL)",1
"Ismail ERTUG (DEU-SD)","Romeo FRANZ (DEU-GREEN_EFA)",1
"Ismail ERTUG (DEU-SD)","Christophe HANSEN (LUX-EPP)",1
"Ismail ERTUG (DEU-SD)","Erik BERGKVIST (SWE-SD)",1
"Ismail ERTUG (DEU-SD)","Loucas FOURLAS (CYP-EPP)",1
"Ismail ERTUG (DEU-SD)","Nicola BEER (DEU-RENEW)",1
"Ismail ERTUG (DEU-SD)","Bartosz ARŁUKOWICZ (POL-EPP)",1
"Ismail ERTUG (DEU-SD)","Stéphane SÉJOURNÉ (FRA-RENEW)",1
"Ismail ERTUG (DEU-SD)","Agnès EVREN (FRA-EPP)",1
"Ismail ERTUG (DEU-SD)","Radosław SIKORSKI (POL-EPP)",1
"Ismail ERTUG (DEU-SD)","Søren GADE (DNK-RENEW)",1
"Ismail ERTUG (DEU-SD)","Pierfrancesco MAJORINO (ITA-SD)",1
"Ismail ERTUG (DEU-SD)","Véronique TRILLET-LENOIR (FRA-RENEW)",1
"Ismail ERTUG (DEU-SD)","Carmen AVRAM (ROU-SD)",1
"Ismail ERTUG (DEU-SD)","Simone SCHMIEDTBAUER (AUT-EPP)",1
"Ismail ERTUG (DEU-SD)","Sira REGO (ESP-GUE_NGL)",1
"Ismail ERTUG (DEU-SD)","Stelios KYMPOUROPOULOS (GRC-EPP)",1
"Ismail ERTUG (DEU-SD)","Adriana MALDONADO LÓPEZ (ESP-SD)",1
"Ismail ERTUG (DEU-SD)","Álvaro AMARO (PRT-EPP)",1
"Ismail ERTUG (DEU-SD)","Simona BALDASSARRE (ITA-ID)",1
"Ismail ERTUG (DEU-SD)","Luisa REGIMENTI (ITA-ID)",1
"Ismail ERTUG (DEU-SD)","Andrea CAROPPO (ITA-EPP)",1
"Cornelia ERNST (DEU-GUE_NGL)","Martina MICHELS (DEU-GUE_NGL)",1
"Cornelia ERNST (DEU-GUE_NGL)","Luke Ming FLANAGAN (IRL-GUE_NGL)",1
"Cornelia ERNST (DEU-GUE_NGL)","Marc BOTENGA (BEL-GUE_NGL)",1
"Cornelia ERNST (DEU-GUE_NGL)","Martin SCHIRDEWAN (DEU-GUE_NGL)",1
"Cornelia ERNST (DEU-GUE_NGL)","Özlem DEMIREL (DEU-GUE_NGL)",1
"Cornelia ERNST (DEU-GUE_NGL)","Manon AUBRY (FRA-GUE_NGL)",1
"Cornelia ERNST (DEU-GUE_NGL)","Clare DALY (IRL-GUE_NGL)",1
"Cornelia ERNST (DEU-GUE_NGL)","Idoia VILLANUEVA RUIZ (ESP-GUE_NGL)",1
"Maria da Graça CARVALHO (PRT-EPP)","José Manuel FERNANDES (PRT-EPP)",1
"Maria da Graça CARVALHO (PRT-EPP)","Paulo RANGEL (PRT-EPP)",1
"Maria da Graça CARVALHO (PRT-EPP)","Nuno MELO (PRT-EPP)",1
"Maria da Graça CARVALHO (PRT-EPP)","Cláudia MONTEIRO DE AGUIAR (PRT-EPP)",1
"Maria da Graça CARVALHO (PRT-EPP)","Isabella ADINOLFI (ITA-EPP)",1
"Maria da Graça CARVALHO (PRT-EPP)","Krzysztof HETMAN (POL-EPP)",1
"Maria da Graça CARVALHO (PRT-EPP)","Alex AGIUS SALIBA (MLT-SD)",1
"Maria da Graça CARVALHO (PRT-EPP)","Bartosz ARŁUKOWICZ (POL-EPP)",1
"Maria da Graça CARVALHO (PRT-EPP)","Andrzej HALICKI (POL-EPP)",1
"Maria da Graça CARVALHO (PRT-EPP)","Ewa KOPACZ (POL-EPP)",1
"Maria da Graça CARVALHO (PRT-EPP)","Alexander BERNHUBER (AUT-EPP)",1
"Maria da Graça CARVALHO (PRT-EPP)","Gheorghe FALCĂ (ROU-EPP)",1
"Maria da Graça CARVALHO (PRT-EPP)","Simone SCHMIEDTBAUER (AUT-EPP)",1
"Maria da Graça CARVALHO (PRT-EPP)","Dolors MONTSERRAT (ESP-EPP)",1
"Maria da Graça CARVALHO (PRT-EPP)","Álvaro AMARO (PRT-EPP)",1
"Maria da Graça CARVALHO (PRT-EPP)","Maria WALSH (IRL-EPP)",1
"Maria da Graça CARVALHO (PRT-EPP)","Salvatore DE MEO (ITA-EPP)",1
"Karima DELLI (FRA-GREEN_EFA)","Marie TOUSSAINT (FRA-GREEN_EFA)",1
"Karima DELLI (FRA-GREEN_EFA)","Erik MARQUARDT (DEU-GREEN_EFA)",1
"Karima DELLI (FRA-GREEN_EFA)","Hannah NEUMANN (DEU-GREEN_EFA)",1
"Karima DELLI (FRA-GREEN_EFA)","Ville NIINISTÖ (FIN-GREEN_EFA)",1
"Karima DELLI (FRA-GREEN_EFA)","Diana RIBA I GINER (ESP-GREEN_EFA)",1
"Karima DELLI (FRA-GREEN_EFA)","Alviina ALAMETSÄ (FIN-GREEN_EFA)",1
"Andrea COZZOLINO (ITA-SD)","Eva KAILI (GRC-SD)",1
"José Manuel FERNANDES (PRT-EPP)","Paulo RANGEL (PRT-EPP)",1
"José Manuel FERNANDES (PRT-EPP)","Nuno MELO (PRT-EPP)",1
"José Manuel FERNANDES (PRT-EPP)","Cláudia MONTEIRO DE AGUIAR (PRT-EPP)",1
"José Manuel FERNANDES (PRT-EPP)","Krzysztof HETMAN (POL-EPP)",1
"José Manuel FERNANDES (PRT-EPP)","Alex AGIUS SALIBA (MLT-SD)",1
"José Manuel FERNANDES (PRT-EPP)","Tomasz FRANKOWSKI (POL-EPP)",1
"José Manuel FERNANDES (PRT-EPP)","Andrzej HALICKI (POL-EPP)",1
"José Manuel FERNANDES (PRT-EPP)","Ewa KOPACZ (POL-EPP)",1
"José Manuel FERNANDES (PRT-EPP)","Alexander BERNHUBER (AUT-EPP)",1
"José Manuel FERNANDES (PRT-EPP)","Gheorghe FALCĂ (ROU-EPP)",1
"José Manuel FERNANDES (PRT-EPP)","Dolors MONTSERRAT (ESP-EPP)",1
"José Manuel FERNANDES (PRT-EPP)","Maria WALSH (IRL-EPP)",1
"José Manuel FERNANDES (PRT-EPP)","Salvatore DE MEO (ITA-EPP)",1
"José Manuel FERNANDES (PRT-EPP)","Riho TERRAS (EST-EPP)",1
"Paulo RANGEL (PRT-EPP)","Nuno MELO (PRT-EPP)",1
"Paulo RANGEL (PRT-EPP)","Fulvio MARTUSCIELLO (ITA-EPP)",1
"Paulo RANGEL (PRT-EPP)","Krzysztof HETMAN (POL-EPP)",1
"Paulo RANGEL (PRT-EPP)","Esteban GONZÁLEZ PONS (ESP-EPP)",1
"Paulo RANGEL (PRT-EPP)","Maria SPYRAKI (GRC-EPP)",1
"Paulo RANGEL (PRT-EPP)","Christophe HANSEN (LUX-EPP)",1
"Paulo RANGEL (PRT-EPP)","Erik BERGKVIST (SWE-SD)",1
"Paulo RANGEL (PRT-EPP)","Alex AGIUS SALIBA (MLT-SD)",1
"Paulo RANGEL (PRT-EPP)","Loucas FOURLAS (CYP-EPP)",1
"Paulo RANGEL (PRT-EPP)","Nicola BEER (DEU-RENEW)",1
"Paulo RANGEL (PRT-EPP)","Bartosz ARŁUKOWICZ (POL-EPP)",1
"Paulo RANGEL (PRT-EPP)","Stéphane SÉJOURNÉ (FRA-RENEW)",1
"Paulo RANGEL (PRT-EPP)","Agnès EVREN (FRA-EPP)",1
"Paulo RANGEL (PRT-EPP)","Radosław SIKORSKI (POL-EPP)",1
"Paulo RANGEL (PRT-EPP)","Véronique TRILLET-LENOIR (FRA-RENEW)",1
"Paulo RANGEL (PRT-EPP)","Alexander BERNHUBER (AUT-EPP)",1
"Paulo RANGEL (PRT-EPP)","Gheorghe FALCĂ (ROU-EPP)",1
"Paulo RANGEL (PRT-EPP)","Carmen AVRAM (ROU-SD)",1
"Paulo RANGEL (PRT-EPP)","Simone SCHMIEDTBAUER (AUT-EPP)",1
"Paulo RANGEL (PRT-EPP)","Dolors MONTSERRAT (ESP-EPP)",1
"Paulo RANGEL (PRT-EPP)","Adriana MALDONADO LÓPEZ (ESP-SD)",1
"Paulo RANGEL (PRT-EPP)","Álvaro AMARO (PRT-EPP)",1
"Izaskun BILBAO BARANDICA (ESP-RENEW)","Guy VERHOFSTADT (BEL-RENEW)",1
"Izaskun BILBAO BARANDICA (ESP-RENEW)","Elsi KATAINEN (FIN-RENEW)",1
"Izaskun BILBAO BARANDICA (ESP-RENEW)","Samira RAFAELA (NLD-RENEW)",1
"Milan ZVER (SVN-EPP)","Loránt VINCZE (ROU-EPP)",1
"Milan ZVER (SVN-EPP)","Michaela ŠOJDROVÁ (CZE-EPP)",1
"Milan ZVER (SVN-EPP)","Tomáš ZDECHOVSKÝ (CZE-EPP)",1
"Milan ZVER (SVN-EPP)","Emil RADEV (BGR-EPP)",1
"Milan ZVER (SVN-EPP)","Ivan ŠTEFANEC (SVK-EPP)",1
"Milan ZVER (SVN-EPP)","Franc BOGOVIČ (SVN-EPP)",1
"Milan ZVER (SVN-EPP)","Daniel BUDA (ROU-EPP)",1
"Milan ZVER (SVN-EPP)","Romana TOMC (SVN-EPP)",1
"Milan ZVER (SVN-EPP)","Massimiliano SALINI (ITA-EPP)",1
"Milan ZVER (SVN-EPP)","Asim ADEMOV (BGR-EPP)",1
"Milan ZVER (SVN-EPP)","Eugen TOMAC (ROU-EPP)",1
"Milan ZVER (SVN-EPP)","Alexander ALEXANDROV YORDANOV (BGR-EPP)",1
"Milan ZVER (SVN-EPP)","Miriam LEXMANN (SVK-EPP)",1
"Sandra KALNIETE (LVA-EPP)","Henna VIRKKUNEN (FIN-EPP)",1
"Sandra KALNIETE (LVA-EPP)","David McALLISTER (DEU-EPP)",1
"Sandra KALNIETE (LVA-EPP)","Hildegard BENTELE (DEU-EPP)",1
"Sandra KALNIETE (LVA-EPP)","Niclas HERBST (DEU-EPP)",1
"Sandra KALNIETE (LVA-EPP)","Christine SCHNEIDER (DEU-EPP)",1
"Sandra KALNIETE (LVA-EPP)","Ralf SEEKATZ (DEU-EPP)",1
"Sandra KALNIETE (LVA-EPP)","Sven SIMON (DEU-EPP)",1
"Sandra KALNIETE (LVA-EPP)","Marlene MORTLER (DEU-EPP)",1
"Sandra KALNIETE (LVA-EPP)","Marion WALSMANN (DEU-EPP)",1
"Sandra KALNIETE (LVA-EPP)","Adam JARUBAS (POL-EPP)",1
"Sandra KALNIETE (LVA-EPP)","Angelika WINZIG (AUT-EPP)",1
"Gabriel MATO (ESP-EPP)","Andrey KOVATCHEV (BGR-EPP)",1
"Gabriel MATO (ESP-EPP)","Loránt VINCZE (ROU-EPP)",1
"Gabriel MATO (ESP-EPP)","Tomáš ZDECHOVSKÝ (CZE-EPP)",1
"Gabriel MATO (ESP-EPP)","Jens GIESEKE (DEU-EPP)",1
"Gabriel MATO (ESP-EPP)","Norbert LINS (DEU-EPP)",1
"Gabriel MATO (ESP-EPP)","Ivan ŠTEFANEC (SVK-EPP)",1
"Gabriel MATO (ESP-EPP)","Franc BOGOVIČ (SVN-EPP)",1
"Gabriel MATO (ESP-EPP)","Daniel BUDA (ROU-EPP)",1
"Gabriel MATO (ESP-EPP)","Massimiliano SALINI (ITA-EPP)",1
"Gabriel MATO (ESP-EPP)","Asim ADEMOV (BGR-EPP)",1
"Gabriel MATO (ESP-EPP)","Lukas MANDL (AUT-EPP)",1
"Gabriel MATO (ESP-EPP)","Marlene MORTLER (DEU-EPP)",1
"Gabriel MATO (ESP-EPP)","Marion WALSMANN (DEU-EPP)",1
"Gabriel MATO (ESP-EPP)","Christian DOLESCHAL (DEU-EPP)",1
"Gabriel MATO (ESP-EPP)","Tomasz FRANKOWSKI (POL-EPP)",1
"Gabriel MATO (ESP-EPP)","Javier ZARZALEJOS (ESP-EPP)",1
"Gabriel MATO (ESP-EPP)","Juan Ignacio ZOIDO ÁLVAREZ (ESP-EPP)",1
"Gabriel MATO (ESP-EPP)","Isabel BENJUMEA BENJUMEA (ESP-EPP)",1
"Gabriel MATO (ESP-EPP)","Dolors MONTSERRAT (ESP-EPP)",1
"Gabriel MATO (ESP-EPP)","Leopoldo LÓPEZ GIL (ESP-EPP)",1
"Gabriel MATO (ESP-EPP)","Aušra SEIBUTYTĖ (LTU-EPP)",1
"Gabriel MATO (ESP-EPP)","Alexander ALEXANDROV YORDANOV (BGR-EPP)",1
"Gabriel MATO (ESP-EPP)","Liudas MAŽYLIS (LTU-EPP)",1
"Gabriel MATO (ESP-EPP)","Sunčana GLAVAK (HRV-EPP)",1
"Gabriel MATO (ESP-EPP)","Salvatore DE MEO (ITA-EPP)",1
"Gabriel MATO (ESP-EPP)","Riho TERRAS (EST-EPP)",1
"Nuno MELO (PRT-EPP)","Krzysztof HETMAN (POL-EPP)",1
"Nuno MELO (PRT-EPP)","Esteban GONZÁLEZ PONS (ESP-EPP)",1
"Nuno MELO (PRT-EPP)","Christophe HANSEN (LUX-EPP)",1
"Nuno MELO (PRT-EPP)","Erik BERGKVIST (SWE-SD)",1
"Nuno MELO (PRT-EPP)","Nicola BEER (DEU-RENEW)",1
"Nuno MELO (PRT-EPP)","Bartosz ARŁUKOWICZ (POL-EPP)",1
"Nuno MELO (PRT-EPP)","Stéphane SÉJOURNÉ (FRA-RENEW)",1
"Nuno MELO (PRT-EPP)","Agnès EVREN (FRA-EPP)",1
"Nuno MELO (PRT-EPP)","Radosław SIKORSKI (POL-EPP)",1
"Nuno MELO (PRT-EPP)","Véronique TRILLET-LENOIR (FRA-RENEW)",1
"Nuno MELO (PRT-EPP)","Alexander BERNHUBER (AUT-EPP)",1
"Nuno MELO (PRT-EPP)","Simone SCHMIEDTBAUER (AUT-EPP)",1
"Nuno MELO (PRT-EPP)","Dolors MONTSERRAT (ESP-EPP)",1
"Nuno MELO (PRT-EPP)","Adriana MALDONADO LÓPEZ (ESP-SD)",1
"Nuno MELO (PRT-EPP)","Álvaro AMARO (PRT-EPP)",1
"Guy VERHOFSTADT (BEL-RENEW)","Elsi KATAINEN (FIN-RENEW)",1
"Guy VERHOFSTADT (BEL-RENEW)","Samira RAFAELA (NLD-RENEW)",1
"Mara BIZZOTTO (ITA-ID)","Alessandro PANZA (ITA-ID)",1
"Mara BIZZOTTO (ITA-ID)","Paolo BORCHIA (ITA-ID)",1
"Mara BIZZOTTO (ITA-ID)","Michal ŠIMEČKA (SVK-RENEW)",1
"Mara BIZZOTTO (ITA-ID)","Jean-François JALKH (FRA-ID)",1
"Mara BIZZOTTO (ITA-ID)","Eleonora EVI (ITA-GREEN_EFA)",1
"Mara BIZZOTTO (ITA-ID)","Marco ZANNI (ITA-ID)",1
"Mara BIZZOTTO (ITA-ID)","Simona BONAFÈ (ITA-SD)",1
"Mara BIZZOTTO (ITA-ID)","Jytte GUTELAND (SWE-SD)",1
"Mara BIZZOTTO (ITA-ID)","Angelo CIOCCA (ITA-ID)",1
"Mara BIZZOTTO (ITA-ID)","Danilo Oscar LANCINI (ITA-ID)",1
"Mara BIZZOTTO (ITA-ID)","Agnès EVREN (FRA-EPP)",1
"Mara BIZZOTTO (ITA-ID)","Radosław SIKORSKI (POL-EPP)",1
"Mara BIZZOTTO (ITA-ID)","Søren GADE (DNK-RENEW)",1
"Mara BIZZOTTO (ITA-ID)","Silvia SARDONE (ITA-ID)",1
"Mara BIZZOTTO (ITA-ID)","Isabella TOVAGLIERI (ITA-ID)",1
"Mara BIZZOTTO (ITA-ID)","Gianna GANCIA (ITA-ID)",1
"Mara BIZZOTTO (ITA-ID)","Stefania ZAMBELLI (ITA-ID)",1
"Mara BIZZOTTO (ITA-ID)","Pierfrancesco MAJORINO (ITA-SD)",1
"Mara BIZZOTTO (ITA-ID)","Laura HUHTASAARI (FIN-ID)",1
"Mara BIZZOTTO (ITA-ID)","Gianantonio DA RE (ITA-ID)",1
"Mara BIZZOTTO (ITA-ID)","Alessandra BASSO (ITA-ID)",1
"Mara BIZZOTTO (ITA-ID)","Elena LIZZI (ITA-ID)",1
"Mara BIZZOTTO (ITA-ID)","Jérôme RIVIÈRE (FRA-ID)",1
"Mara BIZZOTTO (ITA-ID)","Rosanna CONTE (ITA-ID)",1
"Mara BIZZOTTO (ITA-ID)","Adriana MALDONADO LÓPEZ (ESP-SD)",1
"Mara BIZZOTTO (ITA-ID)","Álvaro AMARO (PRT-EPP)",1
"Mara BIZZOTTO (ITA-ID)","Susanna CECCARDI (ITA-ID)",1
"Mara BIZZOTTO (ITA-ID)","Antonio Maria RINALDI (ITA-ID)",1
"Mara BIZZOTTO (ITA-ID)","Anna BONFRISCO (ITA-ID)",1
"Mara BIZZOTTO (ITA-ID)","Simona BALDASSARRE (ITA-ID)",1
"Mara BIZZOTTO (ITA-ID)","Luisa REGIMENTI (ITA-ID)",1
"Mara BIZZOTTO (ITA-ID)","Massimo CASANOVA (ITA-ID)",1
"Mara BIZZOTTO (ITA-ID)","Andrea CAROPPO (ITA-EPP)",1
"Mara BIZZOTTO (ITA-ID)","Valentino GRANT (ITA-ID)",1
"Mara BIZZOTTO (ITA-ID)","Annalisa TARDINO (ITA-ID)",1
"Mara BIZZOTTO (ITA-ID)","Matteo ADINOLFI (ITA-ID)",1
"Mara BIZZOTTO (ITA-ID)","Vincenzo SOFO (ITA-ECR)",1
"Marie TOUSSAINT (FRA-GREEN_EFA)","Monika VANA (AUT-GREEN_EFA)",1
"Marie TOUSSAINT (FRA-GREEN_EFA)","Rasmus ANDRESEN (DEU-GREEN_EFA)",1
"Marie TOUSSAINT (FRA-GREEN_EFA)","Erik MARQUARDT (DEU-GREEN_EFA)",1
"Marie TOUSSAINT (FRA-GREEN_EFA)","Hannah NEUMANN (DEU-GREEN_EFA)",1
"Marie TOUSSAINT (FRA-GREEN_EFA)","Saskia BRICMONT (BEL-GREEN_EFA)",1
"Marie TOUSSAINT (FRA-GREEN_EFA)","Mounir SATOURI (FRA-GREEN_EFA)",1
"Marie TOUSSAINT (FRA-GREEN_EFA)","David CORMAND (FRA-GREEN_EFA)",1
"Marie TOUSSAINT (FRA-GREEN_EFA)","Caroline ROOSE (FRA-GREEN_EFA)",1
"Marie TOUSSAINT (FRA-GREEN_EFA)","Gwendoline DELBOS-CORFIELD (FRA-GREEN_EFA)",1
"Marie TOUSSAINT (FRA-GREEN_EFA)","Sylwia SPUREK (POL-GREEN_EFA)",1
"Marie TOUSSAINT (FRA-GREEN_EFA)","Francisco GUERREIRO (PRT-GREEN_EFA)",1
"Marie TOUSSAINT (FRA-GREEN_EFA)","Alviina ALAMETSÄ (FIN-GREEN_EFA)",1
"Andrey KOVATCHEV (BGR-EPP)","Eva MAYDELL (BGR-EPP)",1
"Andrey KOVATCHEV (BGR-EPP)","Loránt VINCZE (ROU-EPP)",1
"Andrey KOVATCHEV (BGR-EPP)","Andrey NOVAKOV (BGR-EPP)",1
"Andrey KOVATCHEV (BGR-EPP)","Tomáš ZDECHOVSKÝ (CZE-EPP)",1
"Andrey KOVATCHEV (BGR-EPP)","Siegfried MUREŞAN (ROU-EPP)",1
"Andrey KOVATCHEV (BGR-EPP)","David McALLISTER (DEU-EPP)",1
"Andrey KOVATCHEV (BGR-EPP)","Jens GIESEKE (DEU-EPP)",1
"Andrey KOVATCHEV (BGR-EPP)","Norbert LINS (DEU-EPP)",1
"Andrey KOVATCHEV (BGR-EPP)","Emil RADEV (BGR-EPP)",1
"Andrey KOVATCHEV (BGR-EPP)","Ivan ŠTEFANEC (SVK-EPP)",1
"Andrey KOVATCHEV (BGR-EPP)","Franc BOGOVIČ (SVN-EPP)",1
"Andrey KOVATCHEV (BGR-EPP)","Daniel BUDA (ROU-EPP)",1
"Andrey KOVATCHEV (BGR-EPP)","Massimiliano SALINI (ITA-EPP)",1
"Andrey KOVATCHEV (BGR-EPP)","Asim ADEMOV (BGR-EPP)",1
"Andrey KOVATCHEV (BGR-EPP)","Lukas MANDL (AUT-EPP)",1
"Andrey KOVATCHEV (BGR-EPP)","Niclas HERBST (DEU-EPP)",1
"Andrey KOVATCHEV (BGR-EPP)","Karlo RESSLER (HRV-EPP)",1
"Andrey KOVATCHEV (BGR-EPP)","Tomislav SOKOL (HRV-EPP)",1
"Andrey KOVATCHEV (BGR-EPP)","Ralf SEEKATZ (DEU-EPP)",1
"Andrey KOVATCHEV (BGR-EPP)","Sven SIMON (DEU-EPP)",1
"Andrey KOVATCHEV (BGR-EPP)","Marlene MORTLER (DEU-EPP)",1
"Andrey KOVATCHEV (BGR-EPP)","Marion WALSMANN (DEU-EPP)",1
"Andrey KOVATCHEV (BGR-EPP)","Christian DOLESCHAL (DEU-EPP)",1
"Andrey KOVATCHEV (BGR-EPP)","Jarosław DUDA (POL-EPP)",1
"Andrey KOVATCHEV (BGR-EPP)","Javier ZARZALEJOS (ESP-EPP)",1
"Andrey KOVATCHEV (BGR-EPP)","Juan Ignacio ZOIDO ÁLVAREZ (ESP-EPP)",1
"Andrey KOVATCHEV (BGR-EPP)","Mircea-Gheorghe HAVA (ROU-EPP)",1
"Andrey KOVATCHEV (BGR-EPP)","Angelika WINZIG (AUT-EPP)",1
"Andrey KOVATCHEV (BGR-EPP)","Isabel BENJUMEA BENJUMEA (ESP-EPP)",1
"Andrey KOVATCHEV (BGR-EPP)","Tom BERENDSEN (NLD-EPP)",1
"Andrey KOVATCHEV (BGR-EPP)","Aušra SEIBUTYTĖ (LTU-EPP)",1
"Andrey KOVATCHEV (BGR-EPP)","Alexander ALEXANDROV YORDANOV (BGR-EPP)",1
"Andrey KOVATCHEV (BGR-EPP)","Liudas MAŽYLIS (LTU-EPP)",1
"Eva MAYDELL (BGR-EPP)","Andrey NOVAKOV (BGR-EPP)",1
"Eva MAYDELL (BGR-EPP)","Emil RADEV (BGR-EPP)",1
"Eva MAYDELL (BGR-EPP)","Annie SCHREIJER-PIERIK (NLD-EPP)",1
"Eva MAYDELL (BGR-EPP)","Asim ADEMOV (BGR-EPP)",1
"Eva MAYDELL (BGR-EPP)","Adam JARUBAS (POL-EPP)",1
"Eva MAYDELL (BGR-EPP)","Mircea-Gheorghe HAVA (ROU-EPP)",1
"Eva MAYDELL (BGR-EPP)","Christian SAGARTZ (AUT-EPP)",1
"Loránt VINCZE (ROU-EPP)","Tomáš ZDECHOVSKÝ (CZE-EPP)",1
"Loránt VINCZE (ROU-EPP)","György HÖLVÉNYI (HUN-EPP)",1
"Loránt VINCZE (ROU-EPP)","Ivan ŠTEFANEC (SVK-EPP)",1
"Loránt VINCZE (ROU-EPP)","Franc BOGOVIČ (SVN-EPP)",1
"Loránt VINCZE (ROU-EPP)","Daniel BUDA (ROU-EPP)",1
"Loránt VINCZE (ROU-EPP)","Massimiliano SALINI (ITA-EPP)",1
"Loránt VINCZE (ROU-EPP)","Asim ADEMOV (BGR-EPP)",1
"Loránt VINCZE (ROU-EPP)","Lukas MANDL (AUT-EPP)",1
"Loránt VINCZE (ROU-EPP)","Hildegard BENTELE (DEU-EPP)",1
"Loránt VINCZE (ROU-EPP)","Karlo RESSLER (HRV-EPP)",1
"Loránt VINCZE (ROU-EPP)","Ralf SEEKATZ (DEU-EPP)",1
"Loránt VINCZE (ROU-EPP)","Sven SIMON (DEU-EPP)",1
"Loránt VINCZE (ROU-EPP)","Marion WALSMANN (DEU-EPP)",1
"Loránt VINCZE (ROU-EPP)","Javier ZARZALEJOS (ESP-EPP)",1
"Loránt VINCZE (ROU-EPP)","Vasile BLAGA (ROU-EPP)",1
"Loránt VINCZE (ROU-EPP)","Alexander BERNHUBER (AUT-EPP)",1
"Loránt VINCZE (ROU-EPP)","Angelika WINZIG (AUT-EPP)",1
"Loránt VINCZE (ROU-EPP)","Traian BĂSESCU (ROU-EPP)",1
"Loránt VINCZE (ROU-EPP)","Eugen TOMAC (ROU-EPP)",1
"Loránt VINCZE (ROU-EPP)","Isabel BENJUMEA BENJUMEA (ESP-EPP)",1
"Loránt VINCZE (ROU-EPP)","Nicola PROCACCINI (ITA-ECR)",1
"Loránt VINCZE (ROU-EPP)","Alexander ALEXANDROV YORDANOV (BGR-EPP)",1
"Loránt VINCZE (ROU-EPP)","Liudas MAŽYLIS (LTU-EPP)",1
"Alessandro PANZA (ITA-ID)","Paolo BORCHIA (ITA-ID)",1
"Alessandro PANZA (ITA-ID)","Gilles LEBRETON (FRA-ID)",1
"Alessandro PANZA (ITA-ID)","Nicolas BAY (FRA-ID)",1
"Alessandro PANZA (ITA-ID)","Dominique BILDE (FRA-ID)",1
"Alessandro PANZA (ITA-ID)","Marco ZANNI (ITA-ID)",1
"Alessandro PANZA (ITA-ID)","Angel DZHAMBAZKI (BGR-ECR)",1
"Alessandro PANZA (ITA-ID)","Jadwiga WIŚNIEWSKA (POL-ECR)",1
"Alessandro PANZA (ITA-ID)","Kosma ZŁOTOWSKI (POL-ECR)",1
"Alessandro PANZA (ITA-ID)","Zdzisław KRASNODĘBSKI (POL-ECR)",1
"Alessandro PANZA (ITA-ID)","Gerolf ANNEMANS (BEL-ID)",1
"Alessandro PANZA (ITA-ID)","Markus BUCHHEIT (DEU-ID)",1
"Alessandro PANZA (ITA-ID)","Jordan BARDELLA (FRA-ID)",1
"Alessandro PANZA (ITA-ID)","Annika BRUNA (FRA-ID)",1
"Alessandro PANZA (ITA-ID)","Angelo CIOCCA (ITA-ID)",1
"Alessandro PANZA (ITA-ID)","Tom VANDENDRIESSCHE (BEL-ID)",1
"Alessandro PANZA (ITA-ID)","France JAMET (FRA-ID)",1
"Alessandro PANZA (ITA-ID)","Jörg MEUTHEN (DEU-ID)",1
"Alessandro PANZA (ITA-ID)","Danilo Oscar LANCINI (ITA-ID)",1
"Alessandro PANZA (ITA-ID)","Filip DE MAN (BEL-ID)",1
"Alessandro PANZA (ITA-ID)","Lars Patrick BERG (DEU-ECR)",1
"Alessandro PANZA (ITA-ID)","Patryk JAKI (POL-ECR)",1
"Alessandro PANZA (ITA-ID)","Krzysztof JURGIEL (POL-ECR)",1
"Alessandro PANZA (ITA-ID)","Beata KEMPA (POL-ECR)",1
"Alessandro PANZA (ITA-ID)","Izabela-Helena KLOC (POL-ECR)",1
"Alessandro PANZA (ITA-ID)","Joanna KOPCIŃSKA (POL-ECR)",1
"Alessandro PANZA (ITA-ID)","Elżbieta KRUK (POL-ECR)",1
"Alessandro PANZA (ITA-ID)","Beata MAZUREK (POL-ECR)",1
"Alessandro PANZA (ITA-ID)","Andżelika Anna MOŻDŻANOWSKA (POL-ECR)",1
"Alessandro PANZA (ITA-ID)","Elżbieta RAFALSKA (POL-ECR)",1
"Alessandro PANZA (ITA-ID)","Bogdan RZOŃCA (POL-ECR)",1
"Alessandro PANZA (ITA-ID)","Beata SZYDŁO (POL-ECR)",1
"Alessandro PANZA (ITA-ID)","Grzegorz TOBISZOWSKI (POL-ECR)",1
"Alessandro PANZA (ITA-ID)","Witold Jan WASZCZYKOWSKI (POL-ECR)",1
"Alessandro PANZA (ITA-ID)","Anna ZALEWSKA (POL-ECR)",1
"Alessandro PANZA (ITA-ID)","Silvia SARDONE (ITA-ID)",1
"Alessandro PANZA (ITA-ID)","Isabella TOVAGLIERI (ITA-ID)",1
"Alessandro PANZA (ITA-ID)","Gianna GANCIA (ITA-ID)",1
"Alessandro PANZA (ITA-ID)","Stefania ZAMBELLI (ITA-ID)",1
"Alessandro PANZA (ITA-ID)","Teuvo HAKKARAINEN (FIN-ID)",1
"Alessandro PANZA (ITA-ID)","Pietro FIOCCHI (ITA-ECR)",1
"Alessandro PANZA (ITA-ID)","Gianantonio DA RE (ITA-ID)",1
"Alessandro PANZA (ITA-ID)","Alessandra BASSO (ITA-ID)",1
"Alessandro PANZA (ITA-ID)","Elena LIZZI (ITA-ID)",1
"Alessandro PANZA (ITA-ID)","Rosanna CONTE (ITA-ID)",1
"Alessandro PANZA (ITA-ID)","Thierry MARIANI (FRA-ID)",1
"Alessandro PANZA (ITA-ID)","Hervé JUVIN (FRA-ID)",1
"Alessandro PANZA (ITA-ID)","Virginie JORON (FRA-ID)",1
"Alessandro PANZA (ITA-ID)","Jean-Paul GARRAUD (FRA-ID)",1
"Alessandro PANZA (ITA-ID)","Cristian TERHEŞ (ROU-ECR)",1
"Alessandro PANZA (ITA-ID)","Aurélia BEIGNEUX (FRA-ID)",1
"Alessandro PANZA (ITA-ID)","Philippe OLIVIER (FRA-ID)",1
"Alessandro PANZA (ITA-ID)","André ROUGÉ (FRA-ID)",1
"Alessandro PANZA (ITA-ID)","Mathilde ANDROUËT (FRA-ID)",1
"Alessandro PANZA (ITA-ID)","Bert-Jan RUISSEN (NLD-ECR)",1
"Alessandro PANZA (ITA-ID)","Susanna CECCARDI (ITA-ID)",1
"Alessandro PANZA (ITA-ID)","Antonio Maria RINALDI (ITA-ID)",1
"Alessandro PANZA (ITA-ID)","Anna BONFRISCO (ITA-ID)",1
"Alessandro PANZA (ITA-ID)","Simona BALDASSARRE (ITA-ID)",1
"Alessandro PANZA (ITA-ID)","Massimo CASANOVA (ITA-ID)",1
"Alessandro PANZA (ITA-ID)","Lucia VUOLO (ITA-EPP)",1
"Alessandro PANZA (ITA-ID)","Valentino GRANT (ITA-ID)",1
"Alessandro PANZA (ITA-ID)","Annalisa TARDINO (ITA-ID)",1
"Alessandro PANZA (ITA-ID)","Nicola PROCACCINI (ITA-ECR)",1
"Alessandro PANZA (ITA-ID)","Raffaele STANCANELLI (ITA-ECR)",1
"Alessandro PANZA (ITA-ID)","Matteo ADINOLFI (ITA-ID)",1
"Alessandro PANZA (ITA-ID)","Jorge BUXADÉ VILLALBA (ESP-ECR)",1
"Alessandro PANZA (ITA-ID)","Mazaly AGUILAR (ESP-ECR)",1
"Alessandro PANZA (ITA-ID)","Vincenzo SOFO (ITA-ECR)",1
"Alessandro PANZA (ITA-ID)","Dominik TARCZYŃSKI (POL-ECR)",1
"Alessandro PANZA (ITA-ID)","Margarita DE LA PISA CARRIÓN (ESP-ECR)",1
"Alessandro PANZA (ITA-ID)","Jean-Lin LACAPELLE (FRA-ID)",1
"Alessandro PANZA (ITA-ID)","Ladislav ILČIĆ (HRV-ECR)",1
"Lena DÜPONT (DEU-EPP)","David McALLISTER (DEU-EPP)",1
"Lena DÜPONT (DEU-EPP)","Jens GIESEKE (DEU-EPP)",1
"Lena DÜPONT (DEU-EPP)","Norbert LINS (DEU-EPP)",1
"Lena DÜPONT (DEU-EPP)","Dennis RADTKE (DEU-EPP)",1
"Lena DÜPONT (DEU-EPP)","Lukas MANDL (AUT-EPP)",1
"Lena DÜPONT (DEU-EPP)","Hildegard BENTELE (DEU-EPP)",1
"Lena DÜPONT (DEU-EPP)","Stefan BERGER (DEU-EPP)",1
"Lena DÜPONT (DEU-EPP)","Niclas HERBST (DEU-EPP)",1
"Lena DÜPONT (DEU-EPP)","Christine SCHNEIDER (DEU-EPP)",1
"Lena DÜPONT (DEU-EPP)","Ralf SEEKATZ (DEU-EPP)",1
"Lena DÜPONT (DEU-EPP)","Sven SIMON (DEU-EPP)",1
"Lena DÜPONT (DEU-EPP)","Marlene MORTLER (DEU-EPP)",1
"Lena DÜPONT (DEU-EPP)","Marion WALSMANN (DEU-EPP)",1
"Lena DÜPONT (DEU-EPP)","Christian DOLESCHAL (DEU-EPP)",1
"Lena DÜPONT (DEU-EPP)","Jarosław DUDA (POL-EPP)",1
"Lena DÜPONT (DEU-EPP)","Pernille WEISS (DNK-EPP)",1
"Lena DÜPONT (DEU-EPP)","Adam JARUBAS (POL-EPP)",1
"Lena DÜPONT (DEU-EPP)","Javier ZARZALEJOS (ESP-EPP)",1
"Lena DÜPONT (DEU-EPP)","Juan Ignacio ZOIDO ÁLVAREZ (ESP-EPP)",1
"Lena DÜPONT (DEU-EPP)","Alexander BERNHUBER (AUT-EPP)",1
"Lena DÜPONT (DEU-EPP)","Angelika WINZIG (AUT-EPP)",1
"Lena DÜPONT (DEU-EPP)","Anna-Michelle ASIMAKOPOULOU (GRC-EPP)",1
"Lena DÜPONT (DEU-EPP)","Tom BERENDSEN (NLD-EPP)",1
"Lena DÜPONT (DEU-EPP)","Aušra SEIBUTYTĖ (LTU-EPP)",1
"Paolo BORCHIA (ITA-ID)","Gilles LEBRETON (FRA-ID)",1
"Paolo BORCHIA (ITA-ID)","Nicolas BAY (FRA-ID)",1
"Paolo BORCHIA (ITA-ID)","Jean-François JALKH (FRA-ID)",1
"Paolo BORCHIA (ITA-ID)","Dominique BILDE (FRA-ID)",1
"Paolo BORCHIA (ITA-ID)","Marco ZANNI (ITA-ID)",1
"Paolo BORCHIA (ITA-ID)","Angel DZHAMBAZKI (BGR-ECR)",1
"Paolo BORCHIA (ITA-ID)","Jadwiga WIŚNIEWSKA (POL-ECR)",1
"Paolo BORCHIA (ITA-ID)","Kosma ZŁOTOWSKI (POL-ECR)",1
"Paolo BORCHIA (ITA-ID)","Karol KARSKI (POL-ECR)",1
"Paolo BORCHIA (ITA-ID)","Zdzisław KRASNODĘBSKI (POL-ECR)",1
"Paolo BORCHIA (ITA-ID)","Annika BRUNA (FRA-ID)",1
"Paolo BORCHIA (ITA-ID)","Angelo CIOCCA (ITA-ID)",1
"Paolo BORCHIA (ITA-ID)","France JAMET (FRA-ID)",1
"Paolo BORCHIA (ITA-ID)","Danilo Oscar LANCINI (ITA-ID)",1
"Paolo BORCHIA (ITA-ID)","Jaak MADISON (EST-ID)",1
"Paolo BORCHIA (ITA-ID)","Joachim Stanisław BRUDZIŃSKI (POL-ECR)",1
"Paolo BORCHIA (ITA-ID)","Patryk JAKI (POL-ECR)",1
"Paolo BORCHIA (ITA-ID)","Krzysztof JURGIEL (POL-ECR)",1
"Paolo BORCHIA (ITA-ID)","Beata KEMPA (POL-ECR)",1
"Paolo BORCHIA (ITA-ID)","Joanna KOPCIŃSKA (POL-ECR)",1
"Paolo BORCHIA (ITA-ID)","Elżbieta KRUK (POL-ECR)",1
"Paolo BORCHIA (ITA-ID)","Beata MAZUREK (POL-ECR)",1
"Paolo BORCHIA (ITA-ID)","Andżelika Anna MOŻDŻANOWSKA (POL-ECR)",1
"Paolo BORCHIA (ITA-ID)","Elżbieta RAFALSKA (POL-ECR)",1
"Paolo BORCHIA (ITA-ID)","Bogdan RZOŃCA (POL-ECR)",1
"Paolo BORCHIA (ITA-ID)","Grzegorz TOBISZOWSKI (POL-ECR)",1
"Paolo BORCHIA (ITA-ID)","Witold Jan WASZCZYKOWSKI (POL-ECR)",1
"Paolo BORCHIA (ITA-ID)","Anna ZALEWSKA (POL-ECR)",1
"Paolo BORCHIA (ITA-ID)","Silvia SARDONE (ITA-ID)",1
"Paolo BORCHIA (ITA-ID)","Isabella TOVAGLIERI (ITA-ID)",1
"Paolo BORCHIA (ITA-ID)","Gianna GANCIA (ITA-ID)",1
"Paolo BORCHIA (ITA-ID)","Stefania ZAMBELLI (ITA-ID)",1
"Paolo BORCHIA (ITA-ID)","Teuvo HAKKARAINEN (FIN-ID)",1
"Paolo BORCHIA (ITA-ID)","Pietro FIOCCHI (ITA-ECR)",1
"Paolo BORCHIA (ITA-ID)","Gianantonio DA RE (ITA-ID)",1
"Paolo BORCHIA (ITA-ID)","Alessandra BASSO (ITA-ID)",1
"Paolo BORCHIA (ITA-ID)","Elena LIZZI (ITA-ID)",1
"Paolo BORCHIA (ITA-ID)","Rosanna CONTE (ITA-ID)",1
"Paolo BORCHIA (ITA-ID)","Thierry MARIANI (FRA-ID)",1
"Paolo BORCHIA (ITA-ID)","Hervé JUVIN (FRA-ID)",1
"Paolo BORCHIA (ITA-ID)","Virginie JORON (FRA-ID)",1
"Paolo BORCHIA (ITA-ID)","Jean-Paul GARRAUD (FRA-ID)",1
"Paolo BORCHIA (ITA-ID)","Aurélia BEIGNEUX (FRA-ID)",1
"Paolo BORCHIA (ITA-ID)","Philippe OLIVIER (FRA-ID)",1
"Paolo BORCHIA (ITA-ID)","Mathilde ANDROUËT (FRA-ID)",1
"Paolo BORCHIA (ITA-ID)","Bert-Jan RUISSEN (NLD-ECR)",1
"Paolo BORCHIA (ITA-ID)","Susanna CECCARDI (ITA-ID)",1
"Paolo BORCHIA (ITA-ID)","Antonio Maria RINALDI (ITA-ID)",1
"Paolo BORCHIA (ITA-ID)","Anna BONFRISCO (ITA-ID)",1
"Paolo BORCHIA (ITA-ID)","Simona BALDASSARRE (ITA-ID)",1
"Paolo BORCHIA (ITA-ID)","Massimo CASANOVA (ITA-ID)",1
"Paolo BORCHIA (ITA-ID)","Lucia VUOLO (ITA-EPP)",1
"Paolo BORCHIA (ITA-ID)","Valentino GRANT (ITA-ID)",1
"Paolo BORCHIA (ITA-ID)","Annalisa TARDINO (ITA-ID)",1
"Paolo BORCHIA (ITA-ID)","Nicola PROCACCINI (ITA-ECR)",1
"Paolo BORCHIA (ITA-ID)","Raffaele STANCANELLI (ITA-ECR)",1
"Paolo BORCHIA (ITA-ID)","Matteo ADINOLFI (ITA-ID)",1
"Paolo BORCHIA (ITA-ID)","Jorge BUXADÉ VILLALBA (ESP-ECR)",1
"Paolo BORCHIA (ITA-ID)","Mazaly AGUILAR (ESP-ECR)",1
"Paolo BORCHIA (ITA-ID)","Vincenzo SOFO (ITA-ECR)",1
"Paolo BORCHIA (ITA-ID)","Margarita DE LA PISA CARRIÓN (ESP-ECR)",1
"Paolo BORCHIA (ITA-ID)","Jean-Lin LACAPELLE (FRA-ID)",1
"Niels FUGLSANG (DNK-SD)","Marianne VIND (DNK-SD)",1
"Terry REINTKE (DEU-GREEN_EFA)","Daniel FREUND (DEU-GREEN_EFA)",1
"Terry REINTKE (DEU-GREEN_EFA)","Monika VANA (AUT-GREEN_EFA)",1
"Terry REINTKE (DEU-GREEN_EFA)","Thomas WAITZ (AUT-GREEN_EFA)",1
"Terry REINTKE (DEU-GREEN_EFA)","Rasmus ANDRESEN (DEU-GREEN_EFA)",1
"Terry REINTKE (DEU-GREEN_EFA)","Pierrette HERZBERGER-FOFANA (DEU-GREEN_EFA)",1
"Terry REINTKE (DEU-GREEN_EFA)","Erik MARQUARDT (DEU-GREEN_EFA)",1
"Terry REINTKE (DEU-GREEN_EFA)","Mounir SATOURI (FRA-GREEN_EFA)",1
"Terry REINTKE (DEU-GREEN_EFA)","David CORMAND (FRA-GREEN_EFA)",1
"Terry REINTKE (DEU-GREEN_EFA)","Caroline ROOSE (FRA-GREEN_EFA)",1
"Terry REINTKE (DEU-GREEN_EFA)","Benoît BITEAU (FRA-GREEN_EFA)",1
"Terry REINTKE (DEU-GREEN_EFA)","Gwendoline DELBOS-CORFIELD (FRA-GREEN_EFA)",1
"Terry REINTKE (DEU-GREEN_EFA)","Damien CARÊME (FRA-GREEN_EFA)",1
"Terry REINTKE (DEU-GREEN_EFA)","Francisco GUERREIRO (PRT-GREEN_EFA)",1
"Terry REINTKE (DEU-GREEN_EFA)","Grace O'SULLIVAN (IRL-GREEN_EFA)",1
"Michal ŠIMEČKA (SVK-RENEW)","Eric ANDRIEU (FRA-SD)",1
"Michal ŠIMEČKA (SVK-RENEW)","Eleonora EVI (ITA-GREEN_EFA)",1
"Michal ŠIMEČKA (SVK-RENEW)","Simona BONAFÈ (ITA-SD)",1
"Michal ŠIMEČKA (SVK-RENEW)","Krzysztof HETMAN (POL-EPP)",1
"Michal ŠIMEČKA (SVK-RENEW)","Ernest URTASUN (ESP-GREEN_EFA)",1
"Michal ŠIMEČKA (SVK-RENEW)","Jytte GUTELAND (SWE-SD)",1
"Michal ŠIMEČKA (SVK-RENEW)","Esteban GONZÁLEZ PONS (ESP-EPP)",1
"Michal ŠIMEČKA (SVK-RENEW)","Maria SPYRAKI (GRC-EPP)",1
"Michal ŠIMEČKA (SVK-RENEW)","Giuseppe FERRANDINO (ITA-SD)",1
"Michal ŠIMEČKA (SVK-RENEW)","Christophe HANSEN (LUX-EPP)",1
"Michal ŠIMEČKA (SVK-RENEW)","Erik BERGKVIST (SWE-SD)",1
"Michal ŠIMEČKA (SVK-RENEW)","Loucas FOURLAS (CYP-EPP)",1
"Michal ŠIMEČKA (SVK-RENEW)","Nicola BEER (DEU-RENEW)",1
"Michal ŠIMEČKA (SVK-RENEW)","Bartosz ARŁUKOWICZ (POL-EPP)",1
"Michal ŠIMEČKA (SVK-RENEW)","Stéphane SÉJOURNÉ (FRA-RENEW)",1
"Michal ŠIMEČKA (SVK-RENEW)","Agnès EVREN (FRA-EPP)",1
"Michal ŠIMEČKA (SVK-RENEW)","Radosław SIKORSKI (POL-EPP)",1
"Michal ŠIMEČKA (SVK-RENEW)","Søren GADE (DNK-RENEW)",1
"Michal ŠIMEČKA (SVK-RENEW)","Pierfrancesco MAJORINO (ITA-SD)",1
"Michal ŠIMEČKA (SVK-RENEW)","Véronique TRILLET-LENOIR (FRA-RENEW)",1
"Michal ŠIMEČKA (SVK-RENEW)","Carmen AVRAM (ROU-SD)",1
"Michal ŠIMEČKA (SVK-RENEW)","Simone SCHMIEDTBAUER (AUT-EPP)",1
"Michal ŠIMEČKA (SVK-RENEW)","Sira REGO (ESP-GUE_NGL)",1
"Michal ŠIMEČKA (SVK-RENEW)","Stelios KYMPOUROPOULOS (GRC-EPP)",1
"Michal ŠIMEČKA (SVK-RENEW)","Adriana MALDONADO LÓPEZ (ESP-SD)",1
"Michal ŠIMEČKA (SVK-RENEW)","Álvaro AMARO (PRT-EPP)",1
"Michal ŠIMEČKA (SVK-RENEW)","Simona BALDASSARRE (ITA-ID)",1
"Michal ŠIMEČKA (SVK-RENEW)","Luisa REGIMENTI (ITA-ID)",1
"Michal ŠIMEČKA (SVK-RENEW)","Andrea CAROPPO (ITA-EPP)",1
"Daniel FREUND (DEU-GREEN_EFA)","Monika VANA (AUT-GREEN_EFA)",1
"Daniel FREUND (DEU-GREEN_EFA)","Bronis ROPĖ (LTU-GREEN_EFA)",1
"Daniel FREUND (DEU-GREEN_EFA)","Alexandra GEESE (DEU-GREEN_EFA)",1
"Daniel FREUND (DEU-GREEN_EFA)","Jordi SOLÉ (ESP-GREEN_EFA)",1
"Daniel FREUND (DEU-GREEN_EFA)","Thomas WAITZ (AUT-GREEN_EFA)",1
"Daniel FREUND (DEU-GREEN_EFA)","Tilly METZ (LUX-GREEN_EFA)",1
"Daniel FREUND (DEU-GREEN_EFA)","Rasmus ANDRESEN (DEU-GREEN_EFA)",1
"Daniel FREUND (DEU-GREEN_EFA)","Pierrette HERZBERGER-FOFANA (DEU-GREEN_EFA)",1
"Daniel FREUND (DEU-GREEN_EFA)","Katrin LANGENSIEPEN (DEU-GREEN_EFA)",1
"Daniel FREUND (DEU-GREEN_EFA)","Erik MARQUARDT (DEU-GREEN_EFA)",1
"Daniel FREUND (DEU-GREEN_EFA)","Saskia BRICMONT (BEL-GREEN_EFA)",1
"Daniel FREUND (DEU-GREEN_EFA)","Mounir SATOURI (FRA-GREEN_EFA)",1
"Daniel FREUND (DEU-GREEN_EFA)","David CORMAND (FRA-GREEN_EFA)",1
"Daniel FREUND (DEU-GREEN_EFA)","Caroline ROOSE (FRA-GREEN_EFA)",1
"Daniel FREUND (DEU-GREEN_EFA)","Benoît BITEAU (FRA-GREEN_EFA)",1
"Daniel FREUND (DEU-GREEN_EFA)","Gwendoline DELBOS-CORFIELD (FRA-GREEN_EFA)",1
"Daniel FREUND (DEU-GREEN_EFA)","Francisco GUERREIRO (PRT-GREEN_EFA)",1
"Daniel FREUND (DEU-GREEN_EFA)","Kim VAN SPARRENTAK (NLD-GREEN_EFA)",1
"Daniel FREUND (DEU-GREEN_EFA)","Grace O'SULLIVAN (IRL-GREEN_EFA)",1
"Daniel FREUND (DEU-GREEN_EFA)","Alviina ALAMETSÄ (FIN-GREEN_EFA)",1
"Daniel FREUND (DEU-GREEN_EFA)","Claude GRUFFAT (FRA-GREEN_EFA)",1
"Andrey NOVAKOV (BGR-EPP)","Michaela ŠOJDROVÁ (CZE-EPP)",1
"Andrey NOVAKOV (BGR-EPP)","Tomáš ZDECHOVSKÝ (CZE-EPP)",1
"Andrey NOVAKOV (BGR-EPP)","Emil RADEV (BGR-EPP)",1
"Andrey NOVAKOV (BGR-EPP)","Ivan ŠTEFANEC (SVK-EPP)",1
"Andrey NOVAKOV (BGR-EPP)","Franc BOGOVIČ (SVN-EPP)",1
"Andrey NOVAKOV (BGR-EPP)","Daniel BUDA (ROU-EPP)",1
"Andrey NOVAKOV (BGR-EPP)","Massimiliano SALINI (ITA-EPP)",1
"Andrey NOVAKOV (BGR-EPP)","Asim ADEMOV (BGR-EPP)",1
"Andrey NOVAKOV (BGR-EPP)","Lukas MANDL (AUT-EPP)",1
"Andrey NOVAKOV (BGR-EPP)","Karlo RESSLER (HRV-EPP)",1
"Andrey NOVAKOV (BGR-EPP)","Tomislav SOKOL (HRV-EPP)",1
"Andrey NOVAKOV (BGR-EPP)","Marlene MORTLER (DEU-EPP)",1
"Andrey NOVAKOV (BGR-EPP)","Christian DOLESCHAL (DEU-EPP)",1
"Andrey NOVAKOV (BGR-EPP)","Javier ZARZALEJOS (ESP-EPP)",1
"Andrey NOVAKOV (BGR-EPP)","Isabel BENJUMEA BENJUMEA (ESP-EPP)",1
"Andrey NOVAKOV (BGR-EPP)","Tom BERENDSEN (NLD-EPP)",1
"Andrey NOVAKOV (BGR-EPP)","Aušra SEIBUTYTĖ (LTU-EPP)",1
"Andrey NOVAKOV (BGR-EPP)","Alexander ALEXANDROV YORDANOV (BGR-EPP)",1
"Andrey NOVAKOV (BGR-EPP)","Liudas MAŽYLIS (LTU-EPP)",1
"Eric ANDRIEU (FRA-SD)","Eleonora EVI (ITA-GREEN_EFA)",1
"Eric ANDRIEU (FRA-SD)","Simona BONAFÈ (ITA-SD)",1
"Eric ANDRIEU (FRA-SD)","Krzysztof HETMAN (POL-EPP)",1
"Eric ANDRIEU (FRA-SD)","Ernest URTASUN (ESP-GREEN_EFA)",1
"Eric ANDRIEU (FRA-SD)","Jytte GUTELAND (SWE-SD)",1
"Eric ANDRIEU (FRA-SD)","Esteban GONZÁLEZ PONS (ESP-EPP)",1
"Eric ANDRIEU (FRA-SD)","Maria SPYRAKI (GRC-EPP)",1
"Eric ANDRIEU (FRA-SD)","Christophe HANSEN (LUX-EPP)",1
"Eric ANDRIEU (FRA-SD)","Erik BERGKVIST (SWE-SD)",1
"Eric ANDRIEU (FRA-SD)","Loucas FOURLAS (CYP-EPP)",1
"Eric ANDRIEU (FRA-SD)","Nicola BEER (DEU-RENEW)",1
"Eric ANDRIEU (FRA-SD)","Bartosz ARŁUKOWICZ (POL-EPP)",1
"Eric ANDRIEU (FRA-SD)","Stéphane SÉJOURNÉ (FRA-RENEW)",1
"Eric ANDRIEU (FRA-SD)","Agnès EVREN (FRA-EPP)",1
"Eric ANDRIEU (FRA-SD)","Radosław SIKORSKI (POL-EPP)",1
"Eric ANDRIEU (FRA-SD)","Søren GADE (DNK-RENEW)",1
"Eric ANDRIEU (FRA-SD)","Pierfrancesco MAJORINO (ITA-SD)",1
"Eric ANDRIEU (FRA-SD)","Véronique TRILLET-LENOIR (FRA-RENEW)",1
"Eric ANDRIEU (FRA-SD)","Carmen AVRAM (ROU-SD)",1
"Eric ANDRIEU (FRA-SD)","Simone SCHMIEDTBAUER (AUT-EPP)",1
"Eric ANDRIEU (FRA-SD)","Sira REGO (ESP-GUE_NGL)",1
"Eric ANDRIEU (FRA-SD)","Stelios KYMPOUROPOULOS (GRC-EPP)",1
"Eric ANDRIEU (FRA-SD)","Adriana MALDONADO LÓPEZ (ESP-SD)",1
"Eric ANDRIEU (FRA-SD)","Álvaro AMARO (PRT-EPP)",1
"Eric ANDRIEU (FRA-SD)","Luisa REGIMENTI (ITA-ID)",1
"Eric ANDRIEU (FRA-SD)","Andrea CAROPPO (ITA-EPP)",1
"Ondřej KOVAŘÍK (CZE-RENEW)","Dita CHARANZOVÁ (CZE-RENEW)",1
"Ondřej KOVAŘÍK (CZE-RENEW)","Martina DLABAJOVÁ (CZE-RENEW)",1
"Ondřej KOVAŘÍK (CZE-RENEW)","Jan-Christoph OETJEN (DEU-RENEW)",1
"Ondřej KOVAŘÍK (CZE-RENEW)","Svenja HAHN (DEU-RENEW)",1
"Ondřej KOVAŘÍK (CZE-RENEW)","Lars Patrick BERG (DEU-ECR)",1
"Ondřej KOVAŘÍK (CZE-RENEW)","Martin HLAVÁČEK (CZE-RENEW)",1
"Ondřej KOVAŘÍK (CZE-RENEW)","Ondřej KNOTEK (CZE-RENEW)",1
"Ondřej KOVAŘÍK (CZE-RENEW)","Joanna KOPCIŃSKA (POL-ECR)",1
"Ondřej KOVAŘÍK (CZE-RENEW)","Witold Jan WASZCZYKOWSKI (POL-ECR)",1
"Martina MICHELS (DEU-GUE_NGL)","Miguel URBÁN CRESPO (ESP-GUE_NGL)",1
"Martina MICHELS (DEU-GUE_NGL)","Marc BOTENGA (BEL-GUE_NGL)",1
"Martina MICHELS (DEU-GUE_NGL)","Özlem DEMIREL (DEU-GUE_NGL)",1
"Martina MICHELS (DEU-GUE_NGL)","Manon AUBRY (FRA-GUE_NGL)",1
"Martina MICHELS (DEU-GUE_NGL)","Clare DALY (IRL-GUE_NGL)",1
"Martina MICHELS (DEU-GUE_NGL)","Mick WALLACE (IRL-GUE_NGL)",1
"Charlie WEIMERS (SWE-ECR)","Gilles LEBRETON (FRA-ID)",1
"Charlie WEIMERS (SWE-ECR)","Gerolf ANNEMANS (BEL-ID)",1
"Charlie WEIMERS (SWE-ECR)","Peter LUNDGREN (SWE-ECR)",1
"Charlie WEIMERS (SWE-ECR)","Harald VILIMSKY (AUT-ID)",1
"Charlie WEIMERS (SWE-ECR)","Markus BUCHHEIT (DEU-ID)",1
"Charlie WEIMERS (SWE-ECR)","Gunnar BECK (DEU-ID)",1
"Charlie WEIMERS (SWE-ECR)","Tom VANDENDRIESSCHE (BEL-ID)",1
"Charlie WEIMERS (SWE-ECR)","Filip DE MAN (BEL-ID)",1
"Charlie WEIMERS (SWE-ECR)","Christine ANDERSON (DEU-ID)",1
"Charlie WEIMERS (SWE-ECR)","Nicolaus FEST (DEU-ID)",1
"Charlie WEIMERS (SWE-ECR)","Maximilian KRAH (DEU-ID)",1
"Charlie WEIMERS (SWE-ECR)","Joachim KUHS (DEU-ID)",1
"Charlie WEIMERS (SWE-ECR)","Sylvia LIMMER (DEU-ID)",1
"Charlie WEIMERS (SWE-ECR)","Guido REIL (DEU-ID)",1
"Charlie WEIMERS (SWE-ECR)","Bernhard ZIMNIOK (DEU-ID)",1
"Charlie WEIMERS (SWE-ECR)","Jaak MADISON (EST-ID)",1
"Charlie WEIMERS (SWE-ECR)","Ivan DAVID (CZE-ID)",1
"Charlie WEIMERS (SWE-ECR)","Hynek BLAŠKO (CZE-ID)",1
"Charlie WEIMERS (SWE-ECR)","Teuvo HAKKARAINEN (FIN-ID)",1
"Charlie WEIMERS (SWE-ECR)","Thierry MARIANI (FRA-ID)",1
"Charlie WEIMERS (SWE-ECR)","Hervé JUVIN (FRA-ID)",1
"Charlie WEIMERS (SWE-ECR)","André ROUGÉ (FRA-ID)",1
"Charlie WEIMERS (SWE-ECR)","Robert ROOS (NLD-ECR)",1
"Charlie WEIMERS (SWE-ECR)","Rob ROOKEN (NLD-ECR)",1
"Charlie WEIMERS (SWE-ECR)","Roman HAIDER (AUT-ID)",1
"Charlie WEIMERS (SWE-ECR)","Michiel HOOGEVEEN (NLD-ECR)",1
"Costas MAVRIDES (CYP-SD)","Demetris PAPADAKIS (CYP-SD)",1
"Costas MAVRIDES (CYP-SD)","Simona BONAFÈ (ITA-SD)",1
"Costas MAVRIDES (CYP-SD)","Jytte GUTELAND (SWE-SD)",1
"Costas MAVRIDES (CYP-SD)","Christophe HANSEN (LUX-EPP)",1
"Costas MAVRIDES (CYP-SD)","Alex AGIUS SALIBA (MLT-SD)",1
"Costas MAVRIDES (CYP-SD)","Loucas FOURLAS (CYP-EPP)",1
"Demetris PAPADAKIS (CYP-SD)","Alex AGIUS SALIBA (MLT-SD)",1
"Stanislav POLČÁK (CZE-EPP)","Sven SIMON (DEU-EPP)",1
"Dita CHARANZOVÁ (CZE-RENEW)","Martina DLABAJOVÁ (CZE-RENEW)",1
"Dita CHARANZOVÁ (CZE-RENEW)","Martin HLAVÁČEK (CZE-RENEW)",1
"Dita CHARANZOVÁ (CZE-RENEW)","Ondřej KNOTEK (CZE-RENEW)",1
"Dita CHARANZOVÁ (CZE-RENEW)","Bart GROOTHUIS (NLD-RENEW)",1
"Martina DLABAJOVÁ (CZE-RENEW)","David LEGA (SWE-EPP)",1
"Martina DLABAJOVÁ (CZE-RENEW)","Martin HLAVÁČEK (CZE-RENEW)",1
"Martina DLABAJOVÁ (CZE-RENEW)","Ondřej KNOTEK (CZE-RENEW)",1
"Martina DLABAJOVÁ (CZE-RENEW)","Asger CHRISTENSEN (DNK-RENEW)",1
"Michaela ŠOJDROVÁ (CZE-EPP)","Tomáš ZDECHOVSKÝ (CZE-EPP)",1
"Michaela ŠOJDROVÁ (CZE-EPP)","György HÖLVÉNYI (HUN-EPP)",1
"Michaela ŠOJDROVÁ (CZE-EPP)","Angel DZHAMBAZKI (BGR-ECR)",1
"Michaela ŠOJDROVÁ (CZE-EPP)","Jadwiga WIŚNIEWSKA (POL-ECR)",1
"Michaela ŠOJDROVÁ (CZE-EPP)","Kosma ZŁOTOWSKI (POL-ECR)",1
"Michaela ŠOJDROVÁ (CZE-EPP)","Zdzisław KRASNODĘBSKI (POL-ECR)",1
"Michaela ŠOJDROVÁ (CZE-EPP)","Ivan ŠTEFANEC (SVK-EPP)",1
"Michaela ŠOJDROVÁ (CZE-EPP)","Franc BOGOVIČ (SVN-EPP)",1
"Michaela ŠOJDROVÁ (CZE-EPP)","Daniel BUDA (ROU-EPP)",1
"Michaela ŠOJDROVÁ (CZE-EPP)","Romana TOMC (SVN-EPP)",1
"Michaela ŠOJDROVÁ (CZE-EPP)","Massimiliano SALINI (ITA-EPP)",1
"Michaela ŠOJDROVÁ (CZE-EPP)","Asim ADEMOV (BGR-EPP)",1
"Michaela ŠOJDROVÁ (CZE-EPP)","Tomislav SOKOL (HRV-EPP)",1
"Michaela ŠOJDROVÁ (CZE-EPP)","Lars Patrick BERG (DEU-ECR)",1
"Michaela ŠOJDROVÁ (CZE-EPP)","Joachim Stanisław BRUDZIŃSKI (POL-ECR)",1
"Michaela ŠOJDROVÁ (CZE-EPP)","Patryk JAKI (POL-ECR)",1
"Michaela ŠOJDROVÁ (CZE-EPP)","Krzysztof JURGIEL (POL-ECR)",1
"Michaela ŠOJDROVÁ (CZE-EPP)","Beata KEMPA (POL-ECR)",1
"Michaela ŠOJDROVÁ (CZE-EPP)","Izabela-Helena KLOC (POL-ECR)",1
"Michaela ŠOJDROVÁ (CZE-EPP)","Joanna KOPCIŃSKA (POL-ECR)",1
"Michaela ŠOJDROVÁ (CZE-EPP)","Elżbieta KRUK (POL-ECR)",1
"Michaela ŠOJDROVÁ (CZE-EPP)","François-Xavier BELLAMY (FRA-EPP)",1
"Michaela ŠOJDROVÁ (CZE-EPP)","Beata MAZUREK (POL-ECR)",1
"Michaela ŠOJDROVÁ (CZE-EPP)","Andżelika Anna MOŻDŻANOWSKA (POL-ECR)",1
"Michaela ŠOJDROVÁ (CZE-EPP)","Elżbieta RAFALSKA (POL-ECR)",1
"Michaela ŠOJDROVÁ (CZE-EPP)","Bogdan RZOŃCA (POL-ECR)",1
"Michaela ŠOJDROVÁ (CZE-EPP)","Beata SZYDŁO (POL-ECR)",1
"Michaela ŠOJDROVÁ (CZE-EPP)","Grzegorz TOBISZOWSKI (POL-ECR)",1
"Michaela ŠOJDROVÁ (CZE-EPP)","Witold Jan WASZCZYKOWSKI (POL-ECR)",1
"Michaela ŠOJDROVÁ (CZE-EPP)","Anna ZALEWSKA (POL-ECR)",1
"Michaela ŠOJDROVÁ (CZE-EPP)","Stefania ZAMBELLI (ITA-ID)",1
"Michaela ŠOJDROVÁ (CZE-EPP)","Isabel BENJUMEA BENJUMEA (ESP-EPP)",1
"Michaela ŠOJDROVÁ (CZE-EPP)","Bert-Jan RUISSEN (NLD-ECR)",1
"Michaela ŠOJDROVÁ (CZE-EPP)","Nicola PROCACCINI (ITA-ECR)",1
"Michaela ŠOJDROVÁ (CZE-EPP)","Alexander ALEXANDROV YORDANOV (BGR-EPP)",1
"Michaela ŠOJDROVÁ (CZE-EPP)","Andrey SLABAKOV (BGR-ECR)",1
"Michaela ŠOJDROVÁ (CZE-EPP)","Mazaly AGUILAR (ESP-ECR)",1
"Michaela ŠOJDROVÁ (CZE-EPP)","Miriam LEXMANN (SVK-EPP)",1
"Michaela ŠOJDROVÁ (CZE-EPP)","Dominik TARCZYŃSKI (POL-ECR)",1
"Michaela ŠOJDROVÁ (CZE-EPP)","Ladislav ILČIĆ (HRV-ECR)",1
"Tomáš ZDECHOVSKÝ (CZE-EPP)","György HÖLVÉNYI (HUN-EPP)",1
"Tomáš ZDECHOVSKÝ (CZE-EPP)","Jens GIESEKE (DEU-EPP)",1
"Tomáš ZDECHOVSKÝ (CZE-EPP)","Jadwiga WIŚNIEWSKA (POL-ECR)",1
"Tomáš ZDECHOVSKÝ (CZE-EPP)","Kosma ZŁOTOWSKI (POL-ECR)",1
"Tomáš ZDECHOVSKÝ (CZE-EPP)","Zdzisław KRASNODĘBSKI (POL-ECR)",1
"Tomáš ZDECHOVSKÝ (CZE-EPP)","Ivan ŠTEFANEC (SVK-EPP)",1
"Tomáš ZDECHOVSKÝ (CZE-EPP)","Franc BOGOVIČ (SVN-EPP)",1
"Tomáš ZDECHOVSKÝ (CZE-EPP)","Daniel BUDA (ROU-EPP)",1
"Tomáš ZDECHOVSKÝ (CZE-EPP)","Romana TOMC (SVN-EPP)",1
"Tomáš ZDECHOVSKÝ (CZE-EPP)","Massimiliano SALINI (ITA-EPP)",1
"Tomáš ZDECHOVSKÝ (CZE-EPP)","Asim ADEMOV (BGR-EPP)",1
"Tomáš ZDECHOVSKÝ (CZE-EPP)","Tomislav SOKOL (HRV-EPP)",1
"Tomáš ZDECHOVSKÝ (CZE-EPP)","Ralf SEEKATZ (DEU-EPP)",1
"Tomáš ZDECHOVSKÝ (CZE-EPP)","Sven SIMON (DEU-EPP)",1
"Tomáš ZDECHOVSKÝ (CZE-EPP)","Marion WALSMANN (DEU-EPP)",1
"Tomáš ZDECHOVSKÝ (CZE-EPP)","Patryk JAKI (POL-ECR)",1
"Tomáš ZDECHOVSKÝ (CZE-EPP)","Krzysztof JURGIEL (POL-ECR)",1
"Tomáš ZDECHOVSKÝ (CZE-EPP)","Izabela-Helena KLOC (POL-ECR)",1
"Tomáš ZDECHOVSKÝ (CZE-EPP)","Ondřej KNOTEK (CZE-RENEW)",1
"Tomáš ZDECHOVSKÝ (CZE-EPP)","Joanna KOPCIŃSKA (POL-ECR)",1
"Tomáš ZDECHOVSKÝ (CZE-EPP)","Elżbieta KRUK (POL-ECR)",1
"Tomáš ZDECHOVSKÝ (CZE-EPP)","François-Xavier BELLAMY (FRA-EPP)",1
"Tomáš ZDECHOVSKÝ (CZE-EPP)","Beata MAZUREK (POL-ECR)",1
"Tomáš ZDECHOVSKÝ (CZE-EPP)","Andżelika Anna MOŻDŻANOWSKA (POL-ECR)",1
"Tomáš ZDECHOVSKÝ (CZE-EPP)","Elżbieta RAFALSKA (POL-ECR)",1
"Tomáš ZDECHOVSKÝ (CZE-EPP)","Bogdan RZOŃCA (POL-ECR)",1
"Tomáš ZDECHOVSKÝ (CZE-EPP)","Beata SZYDŁO (POL-ECR)",1
"Tomáš ZDECHOVSKÝ (CZE-EPP)","Grzegorz TOBISZOWSKI (POL-ECR)",1
"Tomáš ZDECHOVSKÝ (CZE-EPP)","Witold Jan WASZCZYKOWSKI (POL-ECR)",1
"Tomáš ZDECHOVSKÝ (CZE-EPP)","Anna ZALEWSKA (POL-ECR)",1
"Tomáš ZDECHOVSKÝ (CZE-EPP)","Javier ZARZALEJOS (ESP-EPP)",1
"Tomáš ZDECHOVSKÝ (CZE-EPP)","Juan Ignacio ZOIDO ÁLVAREZ (ESP-EPP)",1
"Tomáš ZDECHOVSKÝ (CZE-EPP)","Traian BĂSESCU (ROU-EPP)",1
"Tomáš ZDECHOVSKÝ (CZE-EPP)","Isabel BENJUMEA BENJUMEA (ESP-EPP)",1
"Tomáš ZDECHOVSKÝ (CZE-EPP)","Bert-Jan RUISSEN (NLD-ECR)",1
"Tomáš ZDECHOVSKÝ (CZE-EPP)","Lucia VUOLO (ITA-EPP)",1
"Tomáš ZDECHOVSKÝ (CZE-EPP)","Nicola PROCACCINI (ITA-ECR)",1
"Tomáš ZDECHOVSKÝ (CZE-EPP)","Alexander ALEXANDROV YORDANOV (BGR-EPP)",1
"Tomáš ZDECHOVSKÝ (CZE-EPP)","Liudas MAŽYLIS (LTU-EPP)",1
"Tomáš ZDECHOVSKÝ (CZE-EPP)","Salvatore DE MEO (ITA-EPP)",1
"Tomáš ZDECHOVSKÝ (CZE-EPP)","Miriam LEXMANN (SVK-EPP)",1
"Tomáš ZDECHOVSKÝ (CZE-EPP)","Dominik TARCZYŃSKI (POL-ECR)",1
"Tomáš ZDECHOVSKÝ (CZE-EPP)","Riho TERRAS (EST-EPP)",1
"Tomáš ZDECHOVSKÝ (CZE-EPP)","Ladislav ILČIĆ (HRV-ECR)",1
"György HÖLVÉNYI (HUN-EPP)","Angel DZHAMBAZKI (BGR-ECR)",1
"György HÖLVÉNYI (HUN-EPP)","Jadwiga WIŚNIEWSKA (POL-ECR)",1
"György HÖLVÉNYI (HUN-EPP)","Kosma ZŁOTOWSKI (POL-ECR)",1
"György HÖLVÉNYI (HUN-EPP)","Karol KARSKI (POL-ECR)",1
"György HÖLVÉNYI (HUN-EPP)","Zdzisław KRASNODĘBSKI (POL-ECR)",1
"György HÖLVÉNYI (HUN-EPP)","Ivan ŠTEFANEC (SVK-EPP)",1
"György HÖLVÉNYI (HUN-EPP)","Massimiliano SALINI (ITA-EPP)",1
"György HÖLVÉNYI (HUN-EPP)","Joachim Stanisław BRUDZIŃSKI (POL-ECR)",1
"György HÖLVÉNYI (HUN-EPP)","Patryk JAKI (POL-ECR)",1
"György HÖLVÉNYI (HUN-EPP)","Krzysztof JURGIEL (POL-ECR)",1
"György HÖLVÉNYI (HUN-EPP)","Izabela-Helena KLOC (POL-ECR)",1
"György HÖLVÉNYI (HUN-EPP)","Joanna KOPCIŃSKA (POL-ECR)",1
"György HÖLVÉNYI (HUN-EPP)","Elżbieta KRUK (POL-ECR)",1
"György HÖLVÉNYI (HUN-EPP)","François-Xavier BELLAMY (FRA-EPP)",1
"György HÖLVÉNYI (HUN-EPP)","Beata MAZUREK (POL-ECR)",1
"György HÖLVÉNYI (HUN-EPP)","Andżelika Anna MOŻDŻANOWSKA (POL-ECR)",1
"György HÖLVÉNYI (HUN-EPP)","Elżbieta RAFALSKA (POL-ECR)",1
"György HÖLVÉNYI (HUN-EPP)","Bogdan RZOŃCA (POL-ECR)",1
"György HÖLVÉNYI (HUN-EPP)","Beata SZYDŁO (POL-ECR)",1
"György HÖLVÉNYI (HUN-EPP)","Grzegorz TOBISZOWSKI (POL-ECR)",1
"György HÖLVÉNYI (HUN-EPP)","Witold Jan WASZCZYKOWSKI (POL-ECR)",1
"György HÖLVÉNYI (HUN-EPP)","Anna ZALEWSKA (POL-ECR)",1
"György HÖLVÉNYI (HUN-EPP)","Pietro FIOCCHI (ITA-ECR)",1
"György HÖLVÉNYI (HUN-EPP)","Angelika WINZIG (AUT-EPP)",1
"György HÖLVÉNYI (HUN-EPP)","Isabel BENJUMEA BENJUMEA (ESP-EPP)",1
"György HÖLVÉNYI (HUN-EPP)","Nicola PROCACCINI (ITA-ECR)",1
"György HÖLVÉNYI (HUN-EPP)","Giuseppe MILAZZO (ITA-ECR)",1
"György HÖLVÉNYI (HUN-EPP)","Raffaele STANCANELLI (ITA-ECR)",1
"György HÖLVÉNYI (HUN-EPP)","Dominik TARCZYŃSKI (POL-ECR)",1
"Henna VIRKKUNEN (FIN-EPP)","Siegfried MUREŞAN (ROU-EPP)",1
"Henna VIRKKUNEN (FIN-EPP)","Angelika WINZIG (AUT-EPP)",1
"Henna VIRKKUNEN (FIN-EPP)","Traian BĂSESCU (ROU-EPP)",1
"Cláudia MONTEIRO DE AGUIAR (PRT-EPP)","Giuseppe FERRANDINO (ITA-SD)",1
"Cláudia MONTEIRO DE AGUIAR (PRT-EPP)","Alexander BERNHUBER (AUT-EPP)",1
"Gilles LEBRETON (FRA-ID)","Nicolas BAY (FRA-ID)",1
"Gilles LEBRETON (FRA-ID)","Jean-François JALKH (FRA-ID)",1
"Gilles LEBRETON (FRA-ID)","Dominique BILDE (FRA-ID)",1
"Gilles LEBRETON (FRA-ID)","Marco ZANNI (ITA-ID)",1
"Gilles LEBRETON (FRA-ID)","Angel DZHAMBAZKI (BGR-ECR)",1
"Gilles LEBRETON (FRA-ID)","Zdzisław KRASNODĘBSKI (POL-ECR)",1
"Gilles LEBRETON (FRA-ID)","Gerolf ANNEMANS (BEL-ID)",1
"Gilles LEBRETON (FRA-ID)","Harald VILIMSKY (AUT-ID)",1
"Gilles LEBRETON (FRA-ID)","Markus BUCHHEIT (DEU-ID)",1
"Gilles LEBRETON (FRA-ID)","Jordan BARDELLA (FRA-ID)",1
"Gilles LEBRETON (FRA-ID)","Gunnar BECK (DEU-ID)",1
"Gilles LEBRETON (FRA-ID)","Annika BRUNA (FRA-ID)",1
"Gilles LEBRETON (FRA-ID)","Angelo CIOCCA (ITA-ID)",1
"Gilles LEBRETON (FRA-ID)","Tom VANDENDRIESSCHE (BEL-ID)",1
"Gilles LEBRETON (FRA-ID)","France JAMET (FRA-ID)",1
"Gilles LEBRETON (FRA-ID)","Danilo Oscar LANCINI (ITA-ID)",1
"Gilles LEBRETON (FRA-ID)","Filip DE MAN (BEL-ID)",1
"Gilles LEBRETON (FRA-ID)","Christine ANDERSON (DEU-ID)",1
"Gilles LEBRETON (FRA-ID)","Lars Patrick BERG (DEU-ECR)",1
"Gilles LEBRETON (FRA-ID)","Nicolaus FEST (DEU-ID)",1
"Gilles LEBRETON (FRA-ID)","Joachim KUHS (DEU-ID)",1
"Gilles LEBRETON (FRA-ID)","Sylvia LIMMER (DEU-ID)",1
"Gilles LEBRETON (FRA-ID)","Guido REIL (DEU-ID)",1
"Gilles LEBRETON (FRA-ID)","Bernhard ZIMNIOK (DEU-ID)",1
"Gilles LEBRETON (FRA-ID)","Jaak MADISON (EST-ID)",1
"Gilles LEBRETON (FRA-ID)","Patryk JAKI (POL-ECR)",1
"Gilles LEBRETON (FRA-ID)","Beata KEMPA (POL-ECR)",1
"Gilles LEBRETON (FRA-ID)","Elżbieta KRUK (POL-ECR)",1
"Gilles LEBRETON (FRA-ID)","Hynek BLAŠKO (CZE-ID)",1
"Gilles LEBRETON (FRA-ID)","Anna ZALEWSKA (POL-ECR)",1
"Gilles LEBRETON (FRA-ID)","Silvia SARDONE (ITA-ID)",1
"Gilles LEBRETON (FRA-ID)","Isabella TOVAGLIERI (ITA-ID)",1
"Gilles LEBRETON (FRA-ID)","Gianna GANCIA (ITA-ID)",1
"Gilles LEBRETON (FRA-ID)","Stefania ZAMBELLI (ITA-ID)",1
"Gilles LEBRETON (FRA-ID)","Pietro FIOCCHI (ITA-ECR)",1
"Gilles LEBRETON (FRA-ID)","Gianantonio DA RE (ITA-ID)",1
"Gilles LEBRETON (FRA-ID)","Alessandra BASSO (ITA-ID)",1
"Gilles LEBRETON (FRA-ID)","Elena LIZZI (ITA-ID)",1
"Gilles LEBRETON (FRA-ID)","Jérôme RIVIÈRE (FRA-ID)",1
"Gilles LEBRETON (FRA-ID)","Rosanna CONTE (ITA-ID)",1
"Gilles LEBRETON (FRA-ID)","Thierry MARIANI (FRA-ID)",1
"Gilles LEBRETON (FRA-ID)","Hervé JUVIN (FRA-ID)",1
"Gilles LEBRETON (FRA-ID)","Virginie JORON (FRA-ID)",1
"Gilles LEBRETON (FRA-ID)","Jean-Paul GARRAUD (FRA-ID)",1
"Gilles LEBRETON (FRA-ID)","Maxette PIRBAKAS (FRA-ID)",1
"Gilles LEBRETON (FRA-ID)","Aurélia BEIGNEUX (FRA-ID)",1
"Gilles LEBRETON (FRA-ID)","Philippe OLIVIER (FRA-ID)",1
"Gilles LEBRETON (FRA-ID)","André ROUGÉ (FRA-ID)",1
"Gilles LEBRETON (FRA-ID)","Mathilde ANDROUËT (FRA-ID)",1
"Gilles LEBRETON (FRA-ID)","Robert ROOS (NLD-ECR)",1
"Gilles LEBRETON (FRA-ID)","Bert-Jan RUISSEN (NLD-ECR)",1
"Gilles LEBRETON (FRA-ID)","Rob ROOKEN (NLD-ECR)",1
"Gilles LEBRETON (FRA-ID)","Susanna CECCARDI (ITA-ID)",1
"Gilles LEBRETON (FRA-ID)","Antonio Maria RINALDI (ITA-ID)",1
"Gilles LEBRETON (FRA-ID)","Valentino GRANT (ITA-ID)",1
"Gilles LEBRETON (FRA-ID)","Annalisa TARDINO (ITA-ID)",1
"Gilles LEBRETON (FRA-ID)","Nicola PROCACCINI (ITA-ECR)",1
"Gilles LEBRETON (FRA-ID)","Matteo ADINOLFI (ITA-ID)",1
"Gilles LEBRETON (FRA-ID)","Jorge BUXADÉ VILLALBA (ESP-ECR)",1
"Gilles LEBRETON (FRA-ID)","Hermann TERTSCH (ESP-ECR)",1
"Gilles LEBRETON (FRA-ID)","Mazaly AGUILAR (ESP-ECR)",1
"Gilles LEBRETON (FRA-ID)","Roman HAIDER (AUT-ID)",1
"Gilles LEBRETON (FRA-ID)","Vincenzo SOFO (ITA-ECR)",1
"Gilles LEBRETON (FRA-ID)","Margarita DE LA PISA CARRIÓN (ESP-ECR)",1
"Gilles LEBRETON (FRA-ID)","Jean-Lin LACAPELLE (FRA-ID)",1
"Nicolas BAY (FRA-ID)","Jean-François JALKH (FRA-ID)",1
"Nicolas BAY (FRA-ID)","Dominique BILDE (FRA-ID)",1
"Nicolas BAY (FRA-ID)","Marco ZANNI (ITA-ID)",1
"Nicolas BAY (FRA-ID)","Angel DZHAMBAZKI (BGR-ECR)",1
"Nicolas BAY (FRA-ID)","Jadwiga WIŚNIEWSKA (POL-ECR)",1
"Nicolas BAY (FRA-ID)","Kosma ZŁOTOWSKI (POL-ECR)",1
"Nicolas BAY (FRA-ID)","Karol KARSKI (POL-ECR)",1
"Nicolas BAY (FRA-ID)","Zdzisław KRASNODĘBSKI (POL-ECR)",1
"Nicolas BAY (FRA-ID)","Gerolf ANNEMANS (BEL-ID)",1
"Nicolas BAY (FRA-ID)","Harald VILIMSKY (AUT-ID)",1
"Nicolas BAY (FRA-ID)","Markus BUCHHEIT (DEU-ID)",1
"Nicolas BAY (FRA-ID)","Jordan BARDELLA (FRA-ID)",1
"Nicolas BAY (FRA-ID)","Gunnar BECK (DEU-ID)",1
"Nicolas BAY (FRA-ID)","Annika BRUNA (FRA-ID)",1
"Nicolas BAY (FRA-ID)","Angelo CIOCCA (ITA-ID)",1
"Nicolas BAY (FRA-ID)","Tom VANDENDRIESSCHE (BEL-ID)",1
"Nicolas BAY (FRA-ID)","France JAMET (FRA-ID)",1
"Nicolas BAY (FRA-ID)","Jörg MEUTHEN (DEU-ID)",1
"Nicolas BAY (FRA-ID)","Danilo Oscar LANCINI (ITA-ID)",1
"Nicolas BAY (FRA-ID)","Filip DE MAN (BEL-ID)",1
"Nicolas BAY (FRA-ID)","Christine ANDERSON (DEU-ID)",1
"Nicolas BAY (FRA-ID)","Lars Patrick BERG (DEU-ECR)",1
"Nicolas BAY (FRA-ID)","Nicolaus FEST (DEU-ID)",1
"Nicolas BAY (FRA-ID)","Maximilian KRAH (DEU-ID)",1
"Nicolas BAY (FRA-ID)","Joachim KUHS (DEU-ID)",1
"Nicolas BAY (FRA-ID)","Sylvia LIMMER (DEU-ID)",1
"Nicolas BAY (FRA-ID)","Guido REIL (DEU-ID)",1
"Nicolas BAY (FRA-ID)","Bernhard ZIMNIOK (DEU-ID)",1
"Nicolas BAY (FRA-ID)","Jaak MADISON (EST-ID)",1
"Nicolas BAY (FRA-ID)","Patryk JAKI (POL-ECR)",1
"Nicolas BAY (FRA-ID)","Beata KEMPA (POL-ECR)",1
"Nicolas BAY (FRA-ID)","Izabela-Helena KLOC (POL-ECR)",1
"Nicolas BAY (FRA-ID)","Joanna KOPCIŃSKA (POL-ECR)",1
"Nicolas BAY (FRA-ID)","Elżbieta KRUK (POL-ECR)",1
"Nicolas BAY (FRA-ID)","Beata MAZUREK (POL-ECR)",1
"Nicolas BAY (FRA-ID)","Andżelika Anna MOŻDŻANOWSKA (POL-ECR)",1
"Nicolas BAY (FRA-ID)","Elżbieta RAFALSKA (POL-ECR)",1
"Nicolas BAY (FRA-ID)","Bogdan RZOŃCA (POL-ECR)",1
"Nicolas BAY (FRA-ID)","Ivan DAVID (CZE-ID)",1
"Nicolas BAY (FRA-ID)","Grzegorz TOBISZOWSKI (POL-ECR)",1
"Nicolas BAY (FRA-ID)","Hynek BLAŠKO (CZE-ID)",1
"Nicolas BAY (FRA-ID)","Witold Jan WASZCZYKOWSKI (POL-ECR)",1
"Nicolas BAY (FRA-ID)","Anna ZALEWSKA (POL-ECR)",1
"Nicolas BAY (FRA-ID)","Silvia SARDONE (ITA-ID)",1
"Nicolas BAY (FRA-ID)","Isabella TOVAGLIERI (ITA-ID)",1
"Nicolas BAY (FRA-ID)","Gianna GANCIA (ITA-ID)",1
"Nicolas BAY (FRA-ID)","Stefania ZAMBELLI (ITA-ID)",1
"Nicolas BAY (FRA-ID)","Pietro FIOCCHI (ITA-ECR)",1
"Nicolas BAY (FRA-ID)","Gianantonio DA RE (ITA-ID)",1
"Nicolas BAY (FRA-ID)","Alessandra BASSO (ITA-ID)",1
"Nicolas BAY (FRA-ID)","Elena LIZZI (ITA-ID)",1
"Nicolas BAY (FRA-ID)","Jérôme RIVIÈRE (FRA-ID)",1
"Nicolas BAY (FRA-ID)","Rosanna CONTE (ITA-ID)",1
"Nicolas BAY (FRA-ID)","Thierry MARIANI (FRA-ID)",1
"Nicolas BAY (FRA-ID)","Hervé JUVIN (FRA-ID)",1
"Nicolas BAY (FRA-ID)","Virginie JORON (FRA-ID)",1
"Nicolas BAY (FRA-ID)","Jean-Paul GARRAUD (FRA-ID)",1
"Nicolas BAY (FRA-ID)","Maxette PIRBAKAS (FRA-ID)",1
"Nicolas BAY (FRA-ID)","Cristian TERHEŞ (ROU-ECR)",1
"Nicolas BAY (FRA-ID)","Aurélia BEIGNEUX (FRA-ID)",1
"Nicolas BAY (FRA-ID)","Philippe OLIVIER (FRA-ID)",1
"Nicolas BAY (FRA-ID)","André ROUGÉ (FRA-ID)",1
"Nicolas BAY (FRA-ID)","Mathilde ANDROUËT (FRA-ID)",1
"Nicolas BAY (FRA-ID)","Bert-Jan RUISSEN (NLD-ECR)",1
"Nicolas BAY (FRA-ID)","Susanna CECCARDI (ITA-ID)",1
"Nicolas BAY (FRA-ID)","Antonio Maria RINALDI (ITA-ID)",1
"Nicolas BAY (FRA-ID)","Valentino GRANT (ITA-ID)",1
"Nicolas BAY (FRA-ID)","Annalisa TARDINO (ITA-ID)",1
"Nicolas BAY (FRA-ID)","Nicola PROCACCINI (ITA-ECR)",1
"Nicolas BAY (FRA-ID)","Matteo ADINOLFI (ITA-ID)",1
"Nicolas BAY (FRA-ID)","Jorge BUXADÉ VILLALBA (ESP-ECR)",1
"Nicolas BAY (FRA-ID)","Hermann TERTSCH (ESP-ECR)",1
"Nicolas BAY (FRA-ID)","Andrey SLABAKOV (BGR-ECR)",1
"Nicolas BAY (FRA-ID)","Mazaly AGUILAR (ESP-ECR)",1
"Nicolas BAY (FRA-ID)","Roman HAIDER (AUT-ID)",1
"Nicolas BAY (FRA-ID)","Vincenzo SOFO (ITA-ECR)",1
"Nicolas BAY (FRA-ID)","Dominik TARCZYŃSKI (POL-ECR)",1
"Nicolas BAY (FRA-ID)","Margarita DE LA PISA CARRIÓN (ESP-ECR)",1
"Nicolas BAY (FRA-ID)","Jean-Lin LACAPELLE (FRA-ID)",1
"Nicolas BAY (FRA-ID)","Ladislav ILČIĆ (HRV-ECR)",1
"Jean-François JALKH (FRA-ID)","Dominique BILDE (FRA-ID)",1
"Jean-François JALKH (FRA-ID)","Marco ZANNI (ITA-ID)",1
"Jean-François JALKH (FRA-ID)","Gerolf ANNEMANS (BEL-ID)",1
"Jean-François JALKH (FRA-ID)","Harald VILIMSKY (AUT-ID)",1
"Jean-François JALKH (FRA-ID)","Jordan BARDELLA (FRA-ID)",1
"Jean-François JALKH (FRA-ID)","Annika BRUNA (FRA-ID)",1
"Jean-François JALKH (FRA-ID)","Angelo CIOCCA (ITA-ID)",1
"Jean-François JALKH (FRA-ID)","Tom VANDENDRIESSCHE (BEL-ID)",1
"Jean-François JALKH (FRA-ID)","France JAMET (FRA-ID)",1
"Jean-François JALKH (FRA-ID)","Danilo Oscar LANCINI (ITA-ID)",1
"Jean-François JALKH (FRA-ID)","Filip DE MAN (BEL-ID)",1
"Jean-François JALKH (FRA-ID)","Laura HUHTASAARI (FIN-ID)",1
"Jean-François JALKH (FRA-ID)","Gianantonio DA RE (ITA-ID)",1
"Jean-François JALKH (FRA-ID)","Jérôme RIVIÈRE (FRA-ID)",1
"Jean-François JALKH (FRA-ID)","Thierry MARIANI (FRA-ID)",1
"Jean-François JALKH (FRA-ID)","Hervé JUVIN (FRA-ID)",1
"Jean-François JALKH (FRA-ID)","Virginie JORON (FRA-ID)",1
"Jean-François JALKH (FRA-ID)","Jean-Paul GARRAUD (FRA-ID)",1
"Jean-François JALKH (FRA-ID)","Maxette PIRBAKAS (FRA-ID)",1
"Jean-François JALKH (FRA-ID)","Aurélia BEIGNEUX (FRA-ID)",1
"Jean-François JALKH (FRA-ID)","Philippe OLIVIER (FRA-ID)",1
"Jean-François JALKH (FRA-ID)","André ROUGÉ (FRA-ID)",1
"Jean-François JALKH (FRA-ID)","Mathilde ANDROUËT (FRA-ID)",1
"Jean-François JALKH (FRA-ID)","Simona BALDASSARRE (ITA-ID)",1
"Jean-François JALKH (FRA-ID)","Massimo CASANOVA (ITA-ID)",1
"Jean-François JALKH (FRA-ID)","Valentino GRANT (ITA-ID)",1
"Jean-François JALKH (FRA-ID)","Annalisa TARDINO (ITA-ID)",1
"Jean-François JALKH (FRA-ID)","Roman HAIDER (AUT-ID)",1
"Jean-François JALKH (FRA-ID)","Jean-Lin LACAPELLE (FRA-ID)",1
"Dominique BILDE (FRA-ID)","Marco ZANNI (ITA-ID)",1
"Dominique BILDE (FRA-ID)","Angel DZHAMBAZKI (BGR-ECR)",1
"Dominique BILDE (FRA-ID)","Zdzisław KRASNODĘBSKI (POL-ECR)",1
"Dominique BILDE (FRA-ID)","Gerolf ANNEMANS (BEL-ID)",1
"Dominique BILDE (FRA-ID)","Harald VILIMSKY (AUT-ID)",1
"Dominique BILDE (FRA-ID)","Markus BUCHHEIT (DEU-ID)",1
"Dominique BILDE (FRA-ID)","Jordan BARDELLA (FRA-ID)",1
"Dominique BILDE (FRA-ID)","Gunnar BECK (DEU-ID)",1
"Dominique BILDE (FRA-ID)","Annika BRUNA (FRA-ID)",1
"Dominique BILDE (FRA-ID)","Angelo CIOCCA (ITA-ID)",1
"Dominique BILDE (FRA-ID)","Tom VANDENDRIESSCHE (BEL-ID)",1
"Dominique BILDE (FRA-ID)","France JAMET (FRA-ID)",1
"Dominique BILDE (FRA-ID)","Danilo Oscar LANCINI (ITA-ID)",1
"Dominique BILDE (FRA-ID)","Filip DE MAN (BEL-ID)",1
"Dominique BILDE (FRA-ID)","Christine ANDERSON (DEU-ID)",1
"Dominique BILDE (FRA-ID)","Lars Patrick BERG (DEU-ECR)",1
"Dominique BILDE (FRA-ID)","Nicolaus FEST (DEU-ID)",1
"Dominique BILDE (FRA-ID)","Maximilian KRAH (DEU-ID)",1
"Dominique BILDE (FRA-ID)","Joachim KUHS (DEU-ID)",1
"Dominique BILDE (FRA-ID)","Sylvia LIMMER (DEU-ID)",1
"Dominique BILDE (FRA-ID)","Guido REIL (DEU-ID)",1
"Dominique BILDE (FRA-ID)","Bernhard ZIMNIOK (DEU-ID)",1
"Dominique BILDE (FRA-ID)","Jaak MADISON (EST-ID)",1
"Dominique BILDE (FRA-ID)","Patryk JAKI (POL-ECR)",1
"Dominique BILDE (FRA-ID)","Beata KEMPA (POL-ECR)",1
"Dominique BILDE (FRA-ID)","Elżbieta KRUK (POL-ECR)",1
"Dominique BILDE (FRA-ID)","Hynek BLAŠKO (CZE-ID)",1
"Dominique BILDE (FRA-ID)","Silvia SARDONE (ITA-ID)",1
"Dominique BILDE (FRA-ID)","Isabella TOVAGLIERI (ITA-ID)",1
"Dominique BILDE (FRA-ID)","Gianna GANCIA (ITA-ID)",1
"Dominique BILDE (FRA-ID)","Stefania ZAMBELLI (ITA-ID)",1
"Dominique BILDE (FRA-ID)","Gianantonio DA RE (ITA-ID)",1
"Dominique BILDE (FRA-ID)","Alessandra BASSO (ITA-ID)",1
"Dominique BILDE (FRA-ID)","Elena LIZZI (ITA-ID)",1
"Dominique BILDE (FRA-ID)","Jérôme RIVIÈRE (FRA-ID)",1
"Dominique BILDE (FRA-ID)","Rosanna CONTE (ITA-ID)",1
"Dominique BILDE (FRA-ID)","Thierry MARIANI (FRA-ID)",1
"Dominique BILDE (FRA-ID)","Hervé JUVIN (FRA-ID)",1
"Dominique BILDE (FRA-ID)","Virginie JORON (FRA-ID)",1
"Dominique BILDE (FRA-ID)","Jean-Paul GARRAUD (FRA-ID)",1
"Dominique BILDE (FRA-ID)","Maxette PIRBAKAS (FRA-ID)",1
"Dominique BILDE (FRA-ID)","Aurélia BEIGNEUX (FRA-ID)",1
"Dominique BILDE (FRA-ID)","Philippe OLIVIER (FRA-ID)",1
"Dominique BILDE (FRA-ID)","André ROUGÉ (FRA-ID)",1
"Dominique BILDE (FRA-ID)","Mathilde ANDROUËT (FRA-ID)",1
"Dominique BILDE (FRA-ID)","Robert ROOS (NLD-ECR)",1
"Dominique BILDE (FRA-ID)","Bert-Jan RUISSEN (NLD-ECR)",1
"Dominique BILDE (FRA-ID)","Rob ROOKEN (NLD-ECR)",1
"Dominique BILDE (FRA-ID)","Susanna CECCARDI (ITA-ID)",1
"Dominique BILDE (FRA-ID)","Antonio Maria RINALDI (ITA-ID)",1
"Dominique BILDE (FRA-ID)","Valentino GRANT (ITA-ID)",1
"Dominique BILDE (FRA-ID)","Annalisa TARDINO (ITA-ID)",1
"Dominique BILDE (FRA-ID)","Nicola PROCACCINI (ITA-ECR)",1
"Dominique BILDE (FRA-ID)","Matteo ADINOLFI (ITA-ID)",1
"Dominique BILDE (FRA-ID)","Jorge BUXADÉ VILLALBA (ESP-ECR)",1
"Dominique BILDE (FRA-ID)","Hermann TERTSCH (ESP-ECR)",1
"Dominique BILDE (FRA-ID)","Mazaly AGUILAR (ESP-ECR)",1
"Dominique BILDE (FRA-ID)","Roman HAIDER (AUT-ID)",1
"Dominique BILDE (FRA-ID)","Vincenzo SOFO (ITA-ECR)",1
"Dominique BILDE (FRA-ID)","Margarita DE LA PISA CARRIÓN (ESP-ECR)",1
"Dominique BILDE (FRA-ID)","Jean-Lin LACAPELLE (FRA-ID)",1
"Eleonora EVI (ITA-GREEN_EFA)","Simona BONAFÈ (ITA-SD)",1
"Eleonora EVI (ITA-GREEN_EFA)","Krzysztof HETMAN (POL-EPP)",1
"Eleonora EVI (ITA-GREEN_EFA)","Ernest URTASUN (ESP-GREEN_EFA)",1
"Eleonora EVI (ITA-GREEN_EFA)","Jytte GUTELAND (SWE-SD)",1
"Eleonora EVI (ITA-GREEN_EFA)","Esteban GONZÁLEZ PONS (ESP-EPP)",1
"Eleonora EVI (ITA-GREEN_EFA)","Stelios KOULOGLOU (GRC-GUE_NGL)",1
"Eleonora EVI (ITA-GREEN_EFA)","Giuseppe FERRANDINO (ITA-SD)",1
"Eleonora EVI (ITA-GREEN_EFA)","Christophe HANSEN (LUX-EPP)",1
"Eleonora EVI (ITA-GREEN_EFA)","Erik BERGKVIST (SWE-SD)",1
"Eleonora EVI (ITA-GREEN_EFA)","Loucas FOURLAS (CYP-EPP)",1
"Eleonora EVI (ITA-GREEN_EFA)","Henrike HAHN (DEU-GREEN_EFA)",1
"Eleonora EVI (ITA-GREEN_EFA)","Bartosz ARŁUKOWICZ (POL-EPP)",1
"Eleonora EVI (ITA-GREEN_EFA)","Marek BELKA (POL-SD)",1
"Eleonora EVI (ITA-GREEN_EFA)","Stéphane SÉJOURNÉ (FRA-RENEW)",1
"Eleonora EVI (ITA-GREEN_EFA)","Agnès EVREN (FRA-EPP)",1
"Eleonora EVI (ITA-GREEN_EFA)","Radosław SIKORSKI (POL-EPP)",1
"Eleonora EVI (ITA-GREEN_EFA)","Søren GADE (DNK-RENEW)",1
"Eleonora EVI (ITA-GREEN_EFA)","Peter KOFOD (DNK-ID)",1
"Eleonora EVI (ITA-GREEN_EFA)","Pierfrancesco MAJORINO (ITA-SD)",1
"Eleonora EVI (ITA-GREEN_EFA)","Véronique TRILLET-LENOIR (FRA-RENEW)",1
"Eleonora EVI (ITA-GREEN_EFA)","Simone SCHMIEDTBAUER (AUT-EPP)",1
"Eleonora EVI (ITA-GREEN_EFA)","Sira REGO (ESP-GUE_NGL)",1
"Eleonora EVI (ITA-GREEN_EFA)","Stelios KYMPOUROPOULOS (GRC-EPP)",1
"Eleonora EVI (ITA-GREEN_EFA)","Adriana MALDONADO LÓPEZ (ESP-SD)",1
"Eleonora EVI (ITA-GREEN_EFA)","Petros KOKKALIS (GRC-GUE_NGL)",1
"Eleonora EVI (ITA-GREEN_EFA)","Álvaro AMARO (PRT-EPP)",1
"Eleonora EVI (ITA-GREEN_EFA)","Simona BALDASSARRE (ITA-ID)",1
"Eleonora EVI (ITA-GREEN_EFA)","Luisa REGIMENTI (ITA-ID)",1
"Eleonora EVI (ITA-GREEN_EFA)","Andrea CAROPPO (ITA-EPP)",1
"Eleonora EVI (ITA-GREEN_EFA)","Manu PINEDA (ESP-GUE_NGL)",1
"Marco ZANNI (ITA-ID)","Angel DZHAMBAZKI (BGR-ECR)",1
"Marco ZANNI (ITA-ID)","Jadwiga WIŚNIEWSKA (POL-ECR)",1
"Marco ZANNI (ITA-ID)","Kosma ZŁOTOWSKI (POL-ECR)",1
"Marco ZANNI (ITA-ID)","Zdzisław KRASNODĘBSKI (POL-ECR)",1
"Marco ZANNI (ITA-ID)","Gerolf ANNEMANS (BEL-ID)",1
"Marco ZANNI (ITA-ID)","Jordan BARDELLA (FRA-ID)",1
"Marco ZANNI (ITA-ID)","Annika BRUNA (FRA-ID)",1
"Marco ZANNI (ITA-ID)","Angelo CIOCCA (ITA-ID)",1
"Marco ZANNI (ITA-ID)","Tom VANDENDRIESSCHE (BEL-ID)",1
"Marco ZANNI (ITA-ID)","France JAMET (FRA-ID)",1
"Marco ZANNI (ITA-ID)","Danilo Oscar LANCINI (ITA-ID)",1
"Marco ZANNI (ITA-ID)","Filip DE MAN (BEL-ID)",1
"Marco ZANNI (ITA-ID)","Lars Patrick BERG (DEU-ECR)",1
"Marco ZANNI (ITA-ID)","Patryk JAKI (POL-ECR)",1
"Marco ZANNI (ITA-ID)","Beata KEMPA (POL-ECR)",1
"Marco ZANNI (ITA-ID)","Izabela-Helena KLOC (POL-ECR)",1
"Marco ZANNI (ITA-ID)","Joanna KOPCIŃSKA (POL-ECR)",1
"Marco ZANNI (ITA-ID)","Elżbieta KRUK (POL-ECR)",1
"Marco ZANNI (ITA-ID)","Beata MAZUREK (POL-ECR)",1
"Marco ZANNI (ITA-ID)","Elżbieta RAFALSKA (POL-ECR)",1
"Marco ZANNI (ITA-ID)","Bogdan RZOŃCA (POL-ECR)",1
"Marco ZANNI (ITA-ID)","Beata SZYDŁO (POL-ECR)",1
"Marco ZANNI (ITA-ID)","Grzegorz TOBISZOWSKI (POL-ECR)",1
"Marco ZANNI (ITA-ID)","Witold Jan WASZCZYKOWSKI (POL-ECR)",1
"Marco ZANNI (ITA-ID)","Anna ZALEWSKA (POL-ECR)",1
"Marco ZANNI (ITA-ID)","Silvia SARDONE (ITA-ID)",1
"Marco ZANNI (ITA-ID)","Isabella TOVAGLIERI (ITA-ID)",1
"Marco ZANNI (ITA-ID)","Gianna GANCIA (ITA-ID)",1
"Marco ZANNI (ITA-ID)","Stefania ZAMBELLI (ITA-ID)",1
"Marco ZANNI (ITA-ID)","Pietro FIOCCHI (ITA-ECR)",1
"Marco ZANNI (ITA-ID)","Gianantonio DA RE (ITA-ID)",1
"Marco ZANNI (ITA-ID)","Alessandra BASSO (ITA-ID)",1
"Marco ZANNI (ITA-ID)","Elena LIZZI (ITA-ID)",1
"Marco ZANNI (ITA-ID)","Rosanna CONTE (ITA-ID)",1
"Marco ZANNI (ITA-ID)","Thierry MARIANI (FRA-ID)",1
"Marco ZANNI (ITA-ID)","Hervé JUVIN (FRA-ID)",1
"Marco ZANNI (ITA-ID)","Virginie JORON (FRA-ID)",1
"Marco ZANNI (ITA-ID)","Jean-Paul GARRAUD (FRA-ID)",1
"Marco ZANNI (ITA-ID)","Cristian TERHEŞ (ROU-ECR)",1
"Marco ZANNI (ITA-ID)","Aurélia BEIGNEUX (FRA-ID)",1
"Marco ZANNI (ITA-ID)","Philippe OLIVIER (FRA-ID)",1
"Marco ZANNI (ITA-ID)","André ROUGÉ (FRA-ID)",1
"Marco ZANNI (ITA-ID)","Mathilde ANDROUËT (FRA-ID)",1
"Marco ZANNI (ITA-ID)","Bert-Jan RUISSEN (NLD-ECR)",1
"Marco ZANNI (ITA-ID)","Susanna CECCARDI (ITA-ID)",1
"Marco ZANNI (ITA-ID)","Antonio Maria RINALDI (ITA-ID)",1
"Marco ZANNI (ITA-ID)","Anna BONFRISCO (ITA-ID)",1
"Marco ZANNI (ITA-ID)","Simona BALDASSARRE (ITA-ID)",1
"Marco ZANNI (ITA-ID)","Massimo CASANOVA (ITA-ID)",1
"Marco ZANNI (ITA-ID)","Lucia VUOLO (ITA-EPP)",1
"Marco ZANNI (ITA-ID)","Valentino GRANT (ITA-ID)",1
"Marco ZANNI (ITA-ID)","Annalisa TARDINO (ITA-ID)",1
"Marco ZANNI (ITA-ID)","Nicola PROCACCINI (ITA-ECR)",1
"Marco ZANNI (ITA-ID)","Matteo ADINOLFI (ITA-ID)",1
"Marco ZANNI (ITA-ID)","Jorge BUXADÉ VILLALBA (ESP-ECR)",1
"Marco ZANNI (ITA-ID)","Mazaly AGUILAR (ESP-ECR)",1
"Marco ZANNI (ITA-ID)","Vincenzo SOFO (ITA-ECR)",1
"Marco ZANNI (ITA-ID)","Margarita DE LA PISA CARRIÓN (ESP-ECR)",1
"Marco ZANNI (ITA-ID)","Jean-Lin LACAPELLE (FRA-ID)",1
"Marco ZANNI (ITA-ID)","Ladislav ILČIĆ (HRV-ECR)",1
"Dan NICA (ROU-SD)","Loucas FOURLAS (CYP-EPP)",1
"Siegfried MUREŞAN (ROU-EPP)","David McALLISTER (DEU-EPP)",1
"Siegfried MUREŞAN (ROU-EPP)","Norbert LINS (DEU-EPP)",1
"Siegfried MUREŞAN (ROU-EPP)","Franc BOGOVIČ (SVN-EPP)",1
"Siegfried MUREŞAN (ROU-EPP)","Daniel BUDA (ROU-EPP)",1
"Siegfried MUREŞAN (ROU-EPP)","Asim ADEMOV (BGR-EPP)",1
"Siegfried MUREŞAN (ROU-EPP)","Lukas MANDL (AUT-EPP)",1
"Siegfried MUREŞAN (ROU-EPP)","Hildegard BENTELE (DEU-EPP)",1
"Siegfried MUREŞAN (ROU-EPP)","Stefan BERGER (DEU-EPP)",1
"Siegfried MUREŞAN (ROU-EPP)","Ralf SEEKATZ (DEU-EPP)",1
"Siegfried MUREŞAN (ROU-EPP)","Marlene MORTLER (DEU-EPP)",1
"Siegfried MUREŞAN (ROU-EPP)","Marion WALSMANN (DEU-EPP)",1
"Siegfried MUREŞAN (ROU-EPP)","Jarosław DUDA (POL-EPP)",1
"Siegfried MUREŞAN (ROU-EPP)","Tomasz FRANKOWSKI (POL-EPP)",1
"Siegfried MUREŞAN (ROU-EPP)","Javier ZARZALEJOS (ESP-EPP)",1
"Siegfried MUREŞAN (ROU-EPP)","Vasile BLAGA (ROU-EPP)",1
"Siegfried MUREŞAN (ROU-EPP)","Mircea-Gheorghe HAVA (ROU-EPP)",1
"Siegfried MUREŞAN (ROU-EPP)","Angelika WINZIG (AUT-EPP)",1
"Siegfried MUREŞAN (ROU-EPP)","Traian BĂSESCU (ROU-EPP)",1
"Siegfried MUREŞAN (ROU-EPP)","Eugen TOMAC (ROU-EPP)",1
"Siegfried MUREŞAN (ROU-EPP)","Dolors MONTSERRAT (ESP-EPP)",1
"Siegfried MUREŞAN (ROU-EPP)","Lídia PEREIRA (PRT-EPP)",1
"Siegfried MUREŞAN (ROU-EPP)","Tom BERENDSEN (NLD-EPP)",1
"Siegfried MUREŞAN (ROU-EPP)","Aušra SEIBUTYTĖ (LTU-EPP)",1
"Siegfried MUREŞAN (ROU-EPP)","Rasa JUKNEVIČIENĖ (LTU-EPP)",1
"Siegfried MUREŞAN (ROU-EPP)","Liudas MAŽYLIS (LTU-EPP)",1
"Siegfried MUREŞAN (ROU-EPP)","Andrius KUBILIUS (LTU-EPP)",1
"Siegfried MUREŞAN (ROU-EPP)","Riho TERRAS (EST-EPP)",1
"David McALLISTER (DEU-EPP)","Jens GIESEKE (DEU-EPP)",1
"David McALLISTER (DEU-EPP)","Norbert LINS (DEU-EPP)",1
"David McALLISTER (DEU-EPP)","Franc BOGOVIČ (SVN-EPP)",1
"David McALLISTER (DEU-EPP)","Daniel BUDA (ROU-EPP)",1
"David McALLISTER (DEU-EPP)","Dennis RADTKE (DEU-EPP)",1
"David McALLISTER (DEU-EPP)","Lukas MANDL (AUT-EPP)",1
"David McALLISTER (DEU-EPP)","Hildegard BENTELE (DEU-EPP)",1
"David McALLISTER (DEU-EPP)","Niclas HERBST (DEU-EPP)",1
"David McALLISTER (DEU-EPP)","Christine SCHNEIDER (DEU-EPP)",1
"David McALLISTER (DEU-EPP)","Ralf SEEKATZ (DEU-EPP)",1
"David McALLISTER (DEU-EPP)","Sven SIMON (DEU-EPP)",1
"David McALLISTER (DEU-EPP)","Marlene MORTLER (DEU-EPP)",1
"David McALLISTER (DEU-EPP)","Marion WALSMANN (DEU-EPP)",1
"David McALLISTER (DEU-EPP)","Christian DOLESCHAL (DEU-EPP)",1
"David McALLISTER (DEU-EPP)","Jarosław DUDA (POL-EPP)",1
"David McALLISTER (DEU-EPP)","Pernille WEISS (DNK-EPP)",1
"David McALLISTER (DEU-EPP)","Adam JARUBAS (POL-EPP)",1
"David McALLISTER (DEU-EPP)","Javier ZARZALEJOS (ESP-EPP)",1
"David McALLISTER (DEU-EPP)","Juan Ignacio ZOIDO ÁLVAREZ (ESP-EPP)",1
"David McALLISTER (DEU-EPP)","Mircea-Gheorghe HAVA (ROU-EPP)",1
"David McALLISTER (DEU-EPP)","Traian BĂSESCU (ROU-EPP)",1
"David McALLISTER (DEU-EPP)","Tom BERENDSEN (NLD-EPP)",1
"David McALLISTER (DEU-EPP)","Aušra SEIBUTYTĖ (LTU-EPP)",1
"David McALLISTER (DEU-EPP)","Rasa JUKNEVIČIENĖ (LTU-EPP)",1
"David McALLISTER (DEU-EPP)","Liudas MAŽYLIS (LTU-EPP)",1
"David McALLISTER (DEU-EPP)","Andrius KUBILIUS (LTU-EPP)",1
"Jens GIESEKE (DEU-EPP)","Norbert LINS (DEU-EPP)",1
"Jens GIESEKE (DEU-EPP)","Franc BOGOVIČ (SVN-EPP)",1
"Jens GIESEKE (DEU-EPP)","Daniel BUDA (ROU-EPP)",1
"Jens GIESEKE (DEU-EPP)","Dennis RADTKE (DEU-EPP)",1
"Jens GIESEKE (DEU-EPP)","Asim ADEMOV (BGR-EPP)",1
"Jens GIESEKE (DEU-EPP)","Lukas MANDL (AUT-EPP)",1
"Jens GIESEKE (DEU-EPP)","Hildegard BENTELE (DEU-EPP)",1
"Jens GIESEKE (DEU-EPP)","Ralf SEEKATZ (DEU-EPP)",1
"Jens GIESEKE (DEU-EPP)","Sven SIMON (DEU-EPP)",1
"Jens GIESEKE (DEU-EPP)","Marlene MORTLER (DEU-EPP)",1
"Jens GIESEKE (DEU-EPP)","Marion WALSMANN (DEU-EPP)",1
"Jens GIESEKE (DEU-EPP)","Christian DOLESCHAL (DEU-EPP)",1
"Jens GIESEKE (DEU-EPP)","Pernille WEISS (DNK-EPP)",1
"Jens GIESEKE (DEU-EPP)","Mircea-Gheorghe HAVA (ROU-EPP)",1
"Jens GIESEKE (DEU-EPP)","Tom BERENDSEN (NLD-EPP)",1
"Jens GIESEKE (DEU-EPP)","Aušra SEIBUTYTĖ (LTU-EPP)",1
"Jens GIESEKE (DEU-EPP)","Alexander ALEXANDROV YORDANOV (BGR-EPP)",1
"Jens GIESEKE (DEU-EPP)","Liudas MAŽYLIS (LTU-EPP)",1
"Jens GIESEKE (DEU-EPP)","Riho TERRAS (EST-EPP)",1
"Norbert LINS (DEU-EPP)","Franc BOGOVIČ (SVN-EPP)",1
"Norbert LINS (DEU-EPP)","Daniel BUDA (ROU-EPP)",1
"Norbert LINS (DEU-EPP)","Dennis RADTKE (DEU-EPP)",1
"Norbert LINS (DEU-EPP)","Asim ADEMOV (BGR-EPP)",1
"Norbert LINS (DEU-EPP)","Lukas MANDL (AUT-EPP)",1
"Norbert LINS (DEU-EPP)","Hildegard BENTELE (DEU-EPP)",1
"Norbert LINS (DEU-EPP)","Stefan BERGER (DEU-EPP)",1
"Norbert LINS (DEU-EPP)","Niclas HERBST (DEU-EPP)",1
"Norbert LINS (DEU-EPP)","Christine SCHNEIDER (DEU-EPP)",1
"Norbert LINS (DEU-EPP)","Ralf SEEKATZ (DEU-EPP)",1
"Norbert LINS (DEU-EPP)","Sven SIMON (DEU-EPP)",1
"Norbert LINS (DEU-EPP)","Marlene MORTLER (DEU-EPP)",1
"Norbert LINS (DEU-EPP)","Marion WALSMANN (DEU-EPP)",1
"Norbert LINS (DEU-EPP)","Christian DOLESCHAL (DEU-EPP)",1
"Norbert LINS (DEU-EPP)","Jarosław DUDA (POL-EPP)",1
"Norbert LINS (DEU-EPP)","Tomasz FRANKOWSKI (POL-EPP)",1
"Norbert LINS (DEU-EPP)","Pernille WEISS (DNK-EPP)",1
"Norbert LINS (DEU-EPP)","Adam JARUBAS (POL-EPP)",1
"Norbert LINS (DEU-EPP)","Javier ZARZALEJOS (ESP-EPP)",1
"Norbert LINS (DEU-EPP)","Juan Ignacio ZOIDO ÁLVAREZ (ESP-EPP)",1
"Norbert LINS (DEU-EPP)","Vasile BLAGA (ROU-EPP)",1
"Norbert LINS (DEU-EPP)","Tom BERENDSEN (NLD-EPP)",1
"Norbert LINS (DEU-EPP)","Aušra SEIBUTYTĖ (LTU-EPP)",1
"Norbert LINS (DEU-EPP)","Alexander ALEXANDROV YORDANOV (BGR-EPP)",1
"Norbert LINS (DEU-EPP)","Rasa JUKNEVIČIENĖ (LTU-EPP)",1
"Norbert LINS (DEU-EPP)","Liudas MAŽYLIS (LTU-EPP)",1
"Norbert LINS (DEU-EPP)","Andrius KUBILIUS (LTU-EPP)",1
"Norbert LINS (DEU-EPP)","Riho TERRAS (EST-EPP)",1
"Simona BONAFÈ (ITA-SD)","Krzysztof HETMAN (POL-EPP)",1
"Simona BONAFÈ (ITA-SD)","Ernest URTASUN (ESP-GREEN_EFA)",1
"Simona BONAFÈ (ITA-SD)","Jytte GUTELAND (SWE-SD)",1
"Simona BONAFÈ (ITA-SD)","Esteban GONZÁLEZ PONS (ESP-EPP)",1
"Simona BONAFÈ (ITA-SD)","Annie SCHREIJER-PIERIK (NLD-EPP)",1
"Simona BONAFÈ (ITA-SD)","Stelios KOULOGLOU (GRC-GUE_NGL)",1
"Simona BONAFÈ (ITA-SD)","Giuseppe FERRANDINO (ITA-SD)",1
"Simona BONAFÈ (ITA-SD)","Christophe HANSEN (LUX-EPP)",1
"Simona BONAFÈ (ITA-SD)","Erik BERGKVIST (SWE-SD)",1
"Simona BONAFÈ (ITA-SD)","Loucas FOURLAS (CYP-EPP)",1
"Simona BONAFÈ (ITA-SD)","Nicola BEER (DEU-RENEW)",1
"Simona BONAFÈ (ITA-SD)","Bartosz ARŁUKOWICZ (POL-EPP)",1
"Simona BONAFÈ (ITA-SD)","Marek BELKA (POL-SD)",1
"Simona BONAFÈ (ITA-SD)","Stéphane SÉJOURNÉ (FRA-RENEW)",1
"Simona BONAFÈ (ITA-SD)","Agnès EVREN (FRA-EPP)",1
"Simona BONAFÈ (ITA-SD)","Radosław SIKORSKI (POL-EPP)",1
"Simona BONAFÈ (ITA-SD)","Søren GADE (DNK-RENEW)",1
"Simona BONAFÈ (ITA-SD)","Peter KOFOD (DNK-ID)",1
"Simona BONAFÈ (ITA-SD)","Pierfrancesco MAJORINO (ITA-SD)",1
"Simona BONAFÈ (ITA-SD)","Véronique TRILLET-LENOIR (FRA-RENEW)",1
"Simona BONAFÈ (ITA-SD)","Simone SCHMIEDTBAUER (AUT-EPP)",1
"Simona BONAFÈ (ITA-SD)","Sira REGO (ESP-GUE_NGL)",1
"Simona BONAFÈ (ITA-SD)","Stelios KYMPOUROPOULOS (GRC-EPP)",1
"Simona BONAFÈ (ITA-SD)","Adriana MALDONADO LÓPEZ (ESP-SD)",1
"Simona BONAFÈ (ITA-SD)","Álvaro AMARO (PRT-EPP)",1
"Simona BONAFÈ (ITA-SD)","Simona BALDASSARRE (ITA-ID)",1
"Simona BONAFÈ (ITA-SD)","Luisa REGIMENTI (ITA-ID)",1
"Simona BONAFÈ (ITA-SD)","Andrea CAROPPO (ITA-EPP)",1
"Fulvio MARTUSCIELLO (ITA-EPP)","Krzysztof HETMAN (POL-EPP)",1
"Fulvio MARTUSCIELLO (ITA-EPP)","Esteban GONZÁLEZ PONS (ESP-EPP)",1
"Fulvio MARTUSCIELLO (ITA-EPP)","Christophe HANSEN (LUX-EPP)",1
"Fulvio MARTUSCIELLO (ITA-EPP)","Erik BERGKVIST (SWE-SD)",1
"Fulvio MARTUSCIELLO (ITA-EPP)","Loucas FOURLAS (CYP-EPP)",1
"Fulvio MARTUSCIELLO (ITA-EPP)","Nicola BEER (DEU-RENEW)",1
"Fulvio MARTUSCIELLO (ITA-EPP)","Bartosz ARŁUKOWICZ (POL-EPP)",1
"Fulvio MARTUSCIELLO (ITA-EPP)","Agnès EVREN (FRA-EPP)",1
"Fulvio MARTUSCIELLO (ITA-EPP)","Radosław SIKORSKI (POL-EPP)",1
"Fulvio MARTUSCIELLO (ITA-EPP)","Alexander BERNHUBER (AUT-EPP)",1
"Fulvio MARTUSCIELLO (ITA-EPP)","Gheorghe FALCĂ (ROU-EPP)",1
"Fulvio MARTUSCIELLO (ITA-EPP)","Simone SCHMIEDTBAUER (AUT-EPP)",1
"Fulvio MARTUSCIELLO (ITA-EPP)","Dolors MONTSERRAT (ESP-EPP)",1
"Fulvio MARTUSCIELLO (ITA-EPP)","Adriana MALDONADO LÓPEZ (ESP-SD)",1
"Fulvio MARTUSCIELLO (ITA-EPP)","Álvaro AMARO (PRT-EPP)",1
"Fulvio MARTUSCIELLO (ITA-EPP)","Luisa REGIMENTI (ITA-ID)",1
"Fulvio MARTUSCIELLO (ITA-EPP)","Andrea CAROPPO (ITA-EPP)",1
"Fulvio MARTUSCIELLO (ITA-EPP)","Salvatore DE MEO (ITA-EPP)",1
"Isabella ADINOLFI (ITA-EPP)","Salvatore DE MEO (ITA-EPP)",1
"Rosa D'AMATO (ITA-GREEN_EFA)","Piernicola PEDICINI (ITA-GREEN_EFA)",1
"Rosa D'AMATO (ITA-GREEN_EFA)","Nico SEMSROTT (DEU-GREEN_EFA)",1
"Piernicola PEDICINI (ITA-GREEN_EFA)","Anja HAZEKAMP (NLD-GUE_NGL)",1
"Piernicola PEDICINI (ITA-GREEN_EFA)","Nico SEMSROTT (DEU-GREEN_EFA)",1
"Piernicola PEDICINI (ITA-GREEN_EFA)","Mounir SATOURI (FRA-GREEN_EFA)",1
"Piernicola PEDICINI (ITA-GREEN_EFA)","Konstantinos ARVANITIS (GRC-GUE_NGL)",1
"Pina PICIERNO (ITA-SD)","Marek BELKA (POL-SD)",1
"Emil RADEV (BGR-EPP)","Asim ADEMOV (BGR-EPP)",1
"Sergei STANISHEV (BGR-SD)","Elena YONCHEVA (BGR-SD)",1
"Ignazio CORRAO (ITA-GREEN_EFA)","Anna DEPARNAY-GRUNENBERG (DEU-GREEN_EFA)",1
"Ignazio CORRAO (ITA-GREEN_EFA)","Sergey LAGODINSKY (DEU-GREEN_EFA)",1
"Ignazio CORRAO (ITA-GREEN_EFA)","Caroline ROOSE (FRA-GREEN_EFA)",1
"Ignazio CORRAO (ITA-GREEN_EFA)","Gwendoline DELBOS-CORFIELD (FRA-GREEN_EFA)",1
"Ignazio CORRAO (ITA-GREEN_EFA)","Nikolaj VILLUMSEN (DNK-GUE_NGL)",1
"Ignazio CORRAO (ITA-GREEN_EFA)","Grace O'SULLIVAN (IRL-GREEN_EFA)",1
"Ulrike MÜLLER (DEU-RENEW)","Abir AL-SAHLANI (SWE-RENEW)",1
"Ulrike MÜLLER (DEU-RENEW)","Engin EROGLU (DEU-RENEW)",1
"Ulrike MÜLLER (DEU-RENEW)","Jan-Christoph OETJEN (DEU-RENEW)",1
"Ulrike MÜLLER (DEU-RENEW)","Nicola BEER (DEU-RENEW)",1
"Ulrike MÜLLER (DEU-RENEW)","Svenja HAHN (DEU-RENEW)",1
"Angel DZHAMBAZKI (BGR-ECR)","Jadwiga WIŚNIEWSKA (POL-ECR)",1
"Angel DZHAMBAZKI (BGR-ECR)","Kosma ZŁOTOWSKI (POL-ECR)",1
"Angel DZHAMBAZKI (BGR-ECR)","Karol KARSKI (POL-ECR)",1
"Angel DZHAMBAZKI (BGR-ECR)","Zdzisław KRASNODĘBSKI (POL-ECR)",1
"Angel DZHAMBAZKI (BGR-ECR)","Ivan ŠTEFANEC (SVK-EPP)",1
"Angel DZHAMBAZKI (BGR-ECR)","Gerolf ANNEMANS (BEL-ID)",1
"Angel DZHAMBAZKI (BGR-ECR)","Jordan BARDELLA (FRA-ID)",1
"Angel DZHAMBAZKI (BGR-ECR)","Annika BRUNA (FRA-ID)",1
"Angel DZHAMBAZKI (BGR-ECR)","Angelo CIOCCA (ITA-ID)",1
"Angel DZHAMBAZKI (BGR-ECR)","Jörg MEUTHEN (DEU-ID)",1
"Angel DZHAMBAZKI (BGR-ECR)","Danilo Oscar LANCINI (ITA-ID)",1
"Angel DZHAMBAZKI (BGR-ECR)","Geert BOURGEOIS (BEL-ECR)",1
"Angel DZHAMBAZKI (BGR-ECR)","Assita KANKO (BEL-ECR)",1
"Angel DZHAMBAZKI (BGR-ECR)","Lars Patrick BERG (DEU-ECR)",1
"Angel DZHAMBAZKI (BGR-ECR)","Jaak MADISON (EST-ID)",1
"Angel DZHAMBAZKI (BGR-ECR)","Joachim Stanisław BRUDZIŃSKI (POL-ECR)",1
"Angel DZHAMBAZKI (BGR-ECR)","Patryk JAKI (POL-ECR)",1
"Angel DZHAMBAZKI (BGR-ECR)","Krzysztof JURGIEL (POL-ECR)",1
"Angel DZHAMBAZKI (BGR-ECR)","Beata KEMPA (POL-ECR)",1
"Angel DZHAMBAZKI (BGR-ECR)","Izabela-Helena KLOC (POL-ECR)",1
"Angel DZHAMBAZKI (BGR-ECR)","Joanna KOPCIŃSKA (POL-ECR)",1
"Angel DZHAMBAZKI (BGR-ECR)","Elżbieta KRUK (POL-ECR)",1
"Angel DZHAMBAZKI (BGR-ECR)","François-Xavier BELLAMY (FRA-EPP)",1
"Angel DZHAMBAZKI (BGR-ECR)","Alexandr VONDRA (CZE-ECR)",1
"Angel DZHAMBAZKI (BGR-ECR)","Beata MAZUREK (POL-ECR)",1
"Angel DZHAMBAZKI (BGR-ECR)","Andżelika Anna MOŻDŻANOWSKA (POL-ECR)",1
"Angel DZHAMBAZKI (BGR-ECR)","Elżbieta RAFALSKA (POL-ECR)",1
"Angel DZHAMBAZKI (BGR-ECR)","Bogdan RZOŃCA (POL-ECR)",1
"Angel DZHAMBAZKI (BGR-ECR)","Beata SZYDŁO (POL-ECR)",1
"Angel DZHAMBAZKI (BGR-ECR)","Grzegorz TOBISZOWSKI (POL-ECR)",1
"Angel DZHAMBAZKI (BGR-ECR)","Witold Jan WASZCZYKOWSKI (POL-ECR)",1
"Angel DZHAMBAZKI (BGR-ECR)","Anna ZALEWSKA (POL-ECR)",1
"Angel DZHAMBAZKI (BGR-ECR)","Silvia SARDONE (ITA-ID)",1
"Angel DZHAMBAZKI (BGR-ECR)","Isabella TOVAGLIERI (ITA-ID)",1
"Angel DZHAMBAZKI (BGR-ECR)","Gianna GANCIA (ITA-ID)",1
"Angel DZHAMBAZKI (BGR-ECR)","Stefania ZAMBELLI (ITA-ID)",1
"Angel DZHAMBAZKI (BGR-ECR)","Pietro FIOCCHI (ITA-ECR)",1
"Angel DZHAMBAZKI (BGR-ECR)","Gianantonio DA RE (ITA-ID)",1
"Angel DZHAMBAZKI (BGR-ECR)","Alessandra BASSO (ITA-ID)",1
"Angel DZHAMBAZKI (BGR-ECR)","Elena LIZZI (ITA-ID)",1
"Angel DZHAMBAZKI (BGR-ECR)","Jérôme RIVIÈRE (FRA-ID)",1
"Angel DZHAMBAZKI (BGR-ECR)","Rosanna CONTE (ITA-ID)",1
"Angel DZHAMBAZKI (BGR-ECR)","Thierry MARIANI (FRA-ID)",1
"Angel DZHAMBAZKI (BGR-ECR)","Hervé JUVIN (FRA-ID)",1
"Angel DZHAMBAZKI (BGR-ECR)","Virginie JORON (FRA-ID)",1
"Angel DZHAMBAZKI (BGR-ECR)","Jean-Paul GARRAUD (FRA-ID)",1
"Angel DZHAMBAZKI (BGR-ECR)","Cristian TERHEŞ (ROU-ECR)",1
"Angel DZHAMBAZKI (BGR-ECR)","Aurélia BEIGNEUX (FRA-ID)",1
"Angel DZHAMBAZKI (BGR-ECR)","Philippe OLIVIER (FRA-ID)",1
"Angel DZHAMBAZKI (BGR-ECR)","Mathilde ANDROUËT (FRA-ID)",1
"Angel DZHAMBAZKI (BGR-ECR)","Bert-Jan RUISSEN (NLD-ECR)",1
"Angel DZHAMBAZKI (BGR-ECR)","Susanna CECCARDI (ITA-ID)",1
"Angel DZHAMBAZKI (BGR-ECR)","Antonio Maria RINALDI (ITA-ID)",1
"Angel DZHAMBAZKI (BGR-ECR)","Valentino GRANT (ITA-ID)",1
"Angel DZHAMBAZKI (BGR-ECR)","Annalisa TARDINO (ITA-ID)",1
"Angel DZHAMBAZKI (BGR-ECR)","Nicola PROCACCINI (ITA-ECR)",1
"Angel DZHAMBAZKI (BGR-ECR)","Giuseppe MILAZZO (ITA-ECR)",1
"Angel DZHAMBAZKI (BGR-ECR)","Raffaele STANCANELLI (ITA-ECR)",1
"Angel DZHAMBAZKI (BGR-ECR)","Matteo ADINOLFI (ITA-ID)",1
"Angel DZHAMBAZKI (BGR-ECR)","Jorge BUXADÉ VILLALBA (ESP-ECR)",1
"Angel DZHAMBAZKI (BGR-ECR)","Hermann TERTSCH (ESP-ECR)",1
"Angel DZHAMBAZKI (BGR-ECR)","Andrey SLABAKOV (BGR-ECR)",1
"Angel DZHAMBAZKI (BGR-ECR)","Mazaly AGUILAR (ESP-ECR)",1
"Angel DZHAMBAZKI (BGR-ECR)","Emmanouil FRAGKOS (GRC-ECR)",1
"Angel DZHAMBAZKI (BGR-ECR)","Vincenzo SOFO (ITA-ECR)",1
"Angel DZHAMBAZKI (BGR-ECR)","Miriam LEXMANN (SVK-EPP)",1
"Angel DZHAMBAZKI (BGR-ECR)","Dominik TARCZYŃSKI (POL-ECR)",1
"Angel DZHAMBAZKI (BGR-ECR)","Margarita DE LA PISA CARRIÓN (ESP-ECR)",1
"Angel DZHAMBAZKI (BGR-ECR)","Jean-Lin LACAPELLE (FRA-ID)",1
"Angel DZHAMBAZKI (BGR-ECR)","Ladislav ILČIĆ (HRV-ECR)",1
"Jadwiga WIŚNIEWSKA (POL-ECR)","Kosma ZŁOTOWSKI (POL-ECR)",1
"Jadwiga WIŚNIEWSKA (POL-ECR)","Karol KARSKI (POL-ECR)",1
"Jadwiga WIŚNIEWSKA (POL-ECR)","Zdzisław KRASNODĘBSKI (POL-ECR)",1
"Jadwiga WIŚNIEWSKA (POL-ECR)","Ivan ŠTEFANEC (SVK-EPP)",1
"Jadwiga WIŚNIEWSKA (POL-ECR)","Johan VAN OVERTVELDT (BEL-ECR)",1
"Jadwiga WIŚNIEWSKA (POL-ECR)","Angelo CIOCCA (ITA-ID)",1
"Jadwiga WIŚNIEWSKA (POL-ECR)","Jörg MEUTHEN (DEU-ID)",1
"Jadwiga WIŚNIEWSKA (POL-ECR)","Danilo Oscar LANCINI (ITA-ID)",1
"Jadwiga WIŚNIEWSKA (POL-ECR)","Geert BOURGEOIS (BEL-ECR)",1
"Jadwiga WIŚNIEWSKA (POL-ECR)","Assita KANKO (BEL-ECR)",1
"Jadwiga WIŚNIEWSKA (POL-ECR)","Lars Patrick BERG (DEU-ECR)",1
"Jadwiga WIŚNIEWSKA (POL-ECR)","Joachim Stanisław BRUDZIŃSKI (POL-ECR)",1
"Jadwiga WIŚNIEWSKA (POL-ECR)","Patryk JAKI (POL-ECR)",1
"Jadwiga WIŚNIEWSKA (POL-ECR)","Krzysztof JURGIEL (POL-ECR)",1
"Jadwiga WIŚNIEWSKA (POL-ECR)","Beata KEMPA (POL-ECR)",1
"Jadwiga WIŚNIEWSKA (POL-ECR)","Izabela-Helena KLOC (POL-ECR)",1
"Jadwiga WIŚNIEWSKA (POL-ECR)","Ondřej KNOTEK (CZE-RENEW)",1
"Jadwiga WIŚNIEWSKA (POL-ECR)","Joanna KOPCIŃSKA (POL-ECR)",1
"Jadwiga WIŚNIEWSKA (POL-ECR)","Elżbieta KRUK (POL-ECR)",1
"Jadwiga WIŚNIEWSKA (POL-ECR)","François-Xavier BELLAMY (FRA-EPP)",1
"Jadwiga WIŚNIEWSKA (POL-ECR)","Alexandr VONDRA (CZE-ECR)",1
"Jadwiga WIŚNIEWSKA (POL-ECR)","Beata MAZUREK (POL-ECR)",1
"Jadwiga WIŚNIEWSKA (POL-ECR)","Andżelika Anna MOŻDŻANOWSKA (POL-ECR)",1
"Jadwiga WIŚNIEWSKA (POL-ECR)","Elżbieta RAFALSKA (POL-ECR)",1
"Jadwiga WIŚNIEWSKA (POL-ECR)","Bogdan RZOŃCA (POL-ECR)",1
"Jadwiga WIŚNIEWSKA (POL-ECR)","Veronika VRECIONOVÁ (CZE-ECR)",1
"Jadwiga WIŚNIEWSKA (POL-ECR)","Beata SZYDŁO (POL-ECR)",1
"Jadwiga WIŚNIEWSKA (POL-ECR)","Grzegorz TOBISZOWSKI (POL-ECR)",1
"Jadwiga WIŚNIEWSKA (POL-ECR)","Witold Jan WASZCZYKOWSKI (POL-ECR)",1
"Jadwiga WIŚNIEWSKA (POL-ECR)","Anna ZALEWSKA (POL-ECR)",1
"Jadwiga WIŚNIEWSKA (POL-ECR)","Silvia SARDONE (ITA-ID)",1
"Jadwiga WIŚNIEWSKA (POL-ECR)","Isabella TOVAGLIERI (ITA-ID)",1
"Jadwiga WIŚNIEWSKA (POL-ECR)","Stefania ZAMBELLI (ITA-ID)",1
"Jadwiga WIŚNIEWSKA (POL-ECR)","Pietro FIOCCHI (ITA-ECR)",1
"Jadwiga WIŚNIEWSKA (POL-ECR)","Gianantonio DA RE (ITA-ID)",1
"Jadwiga WIŚNIEWSKA (POL-ECR)","Alessandra BASSO (ITA-ID)",1
"Jadwiga WIŚNIEWSKA (POL-ECR)","Elena LIZZI (ITA-ID)",1
"Jadwiga WIŚNIEWSKA (POL-ECR)","Rosanna CONTE (ITA-ID)",1
"Jadwiga WIŚNIEWSKA (POL-ECR)","Hervé JUVIN (FRA-ID)",1
"Jadwiga WIŚNIEWSKA (POL-ECR)","Cristian TERHEŞ (ROU-ECR)",1
"Jadwiga WIŚNIEWSKA (POL-ECR)","Aurélia BEIGNEUX (FRA-ID)",1
"Jadwiga WIŚNIEWSKA (POL-ECR)","André ROUGÉ (FRA-ID)",1
"Jadwiga WIŚNIEWSKA (POL-ECR)","Bert-Jan RUISSEN (NLD-ECR)",1
"Jadwiga WIŚNIEWSKA (POL-ECR)","Susanna CECCARDI (ITA-ID)",1
"Jadwiga WIŚNIEWSKA (POL-ECR)","Antonio Maria RINALDI (ITA-ID)",1
"Jadwiga WIŚNIEWSKA (POL-ECR)","Annalisa TARDINO (ITA-ID)",1
"Jadwiga WIŚNIEWSKA (POL-ECR)","Nicola PROCACCINI (ITA-ECR)",1
"Jadwiga WIŚNIEWSKA (POL-ECR)","Giuseppe MILAZZO (ITA-ECR)",1
"Jadwiga WIŚNIEWSKA (POL-ECR)","Raffaele STANCANELLI (ITA-ECR)",1
"Jadwiga WIŚNIEWSKA (POL-ECR)","Matteo ADINOLFI (ITA-ID)",1
"Jadwiga WIŚNIEWSKA (POL-ECR)","Jorge BUXADÉ VILLALBA (ESP-ECR)",1
"Jadwiga WIŚNIEWSKA (POL-ECR)","Hermann TERTSCH (ESP-ECR)",1
"Jadwiga WIŚNIEWSKA (POL-ECR)","Andrey SLABAKOV (BGR-ECR)",1
"Jadwiga WIŚNIEWSKA (POL-ECR)","Mazaly AGUILAR (ESP-ECR)",1
"Jadwiga WIŚNIEWSKA (POL-ECR)","Emmanouil FRAGKOS (GRC-ECR)",1
"Jadwiga WIŚNIEWSKA (POL-ECR)","Vincenzo SOFO (ITA-ECR)",1
"Jadwiga WIŚNIEWSKA (POL-ECR)","Dominik TARCZYŃSKI (POL-ECR)",1
"Jadwiga WIŚNIEWSKA (POL-ECR)","Margarita DE LA PISA CARRIÓN (ESP-ECR)",1
"Jadwiga WIŚNIEWSKA (POL-ECR)","Ladislav ILČIĆ (HRV-ECR)",1
"Kosma ZŁOTOWSKI (POL-ECR)","Karol KARSKI (POL-ECR)",1
"Kosma ZŁOTOWSKI (POL-ECR)","Zdzisław KRASNODĘBSKI (POL-ECR)",1
"Kosma ZŁOTOWSKI (POL-ECR)","Ivan ŠTEFANEC (SVK-EPP)",1
"Kosma ZŁOTOWSKI (POL-ECR)","Johan VAN OVERTVELDT (BEL-ECR)",1
"Kosma ZŁOTOWSKI (POL-ECR)","Angelo CIOCCA (ITA-ID)",1
"Kosma ZŁOTOWSKI (POL-ECR)","Jörg MEUTHEN (DEU-ID)",1
"Kosma ZŁOTOWSKI (POL-ECR)","Danilo Oscar LANCINI (ITA-ID)",1
"Kosma ZŁOTOWSKI (POL-ECR)","Geert BOURGEOIS (BEL-ECR)",1
"Kosma ZŁOTOWSKI (POL-ECR)","Assita KANKO (BEL-ECR)",1
"Kosma ZŁOTOWSKI (POL-ECR)","Lars Patrick BERG (DEU-ECR)",1
"Kosma ZŁOTOWSKI (POL-ECR)","Joachim Stanisław BRUDZIŃSKI (POL-ECR)",1
"Kosma ZŁOTOWSKI (POL-ECR)","Patryk JAKI (POL-ECR)",1
"Kosma ZŁOTOWSKI (POL-ECR)","Krzysztof JURGIEL (POL-ECR)",1
"Kosma ZŁOTOWSKI (POL-ECR)","Beata KEMPA (POL-ECR)",1
"Kosma ZŁOTOWSKI (POL-ECR)","Izabela-Helena KLOC (POL-ECR)",1
"Kosma ZŁOTOWSKI (POL-ECR)","Ondřej KNOTEK (CZE-RENEW)",1
"Kosma ZŁOTOWSKI (POL-ECR)","Joanna KOPCIŃSKA (POL-ECR)",1
"Kosma ZŁOTOWSKI (POL-ECR)","Elżbieta KRUK (POL-ECR)",1
"Kosma ZŁOTOWSKI (POL-ECR)","Alexandr VONDRA (CZE-ECR)",1
"Kosma ZŁOTOWSKI (POL-ECR)","Beata MAZUREK (POL-ECR)",1
"Kosma ZŁOTOWSKI (POL-ECR)","Andżelika Anna MOŻDŻANOWSKA (POL-ECR)",1
"Kosma ZŁOTOWSKI (POL-ECR)","Elżbieta RAFALSKA (POL-ECR)",1
"Kosma ZŁOTOWSKI (POL-ECR)","Bogdan RZOŃCA (POL-ECR)",1
"Kosma ZŁOTOWSKI (POL-ECR)","Veronika VRECIONOVÁ (CZE-ECR)",1
"Kosma ZŁOTOWSKI (POL-ECR)","Beata SZYDŁO (POL-ECR)",1
"Kosma ZŁOTOWSKI (POL-ECR)","Grzegorz TOBISZOWSKI (POL-ECR)",1
"Kosma ZŁOTOWSKI (POL-ECR)","Witold Jan WASZCZYKOWSKI (POL-ECR)",1
"Kosma ZŁOTOWSKI (POL-ECR)","Anna ZALEWSKA (POL-ECR)",1
"Kosma ZŁOTOWSKI (POL-ECR)","Silvia SARDONE (ITA-ID)",1
"Kosma ZŁOTOWSKI (POL-ECR)","Isabella TOVAGLIERI (ITA-ID)",1
"Kosma ZŁOTOWSKI (POL-ECR)","Stefania ZAMBELLI (ITA-ID)",1
"Kosma ZŁOTOWSKI (POL-ECR)","Pietro FIOCCHI (ITA-ECR)",1
"Kosma ZŁOTOWSKI (POL-ECR)","Gianantonio DA RE (ITA-ID)",1
"Kosma ZŁOTOWSKI (POL-ECR)","Alessandra BASSO (ITA-ID)",1
"Kosma ZŁOTOWSKI (POL-ECR)","Elena LIZZI (ITA-ID)",1
"Kosma ZŁOTOWSKI (POL-ECR)","Rosanna CONTE (ITA-ID)",1
"Kosma ZŁOTOWSKI (POL-ECR)","Thierry MARIANI (FRA-ID)",1
"Kosma ZŁOTOWSKI (POL-ECR)","Hervé JUVIN (FRA-ID)",1
"Kosma ZŁOTOWSKI (POL-ECR)","Cristian TERHEŞ (ROU-ECR)",1
"Kosma ZŁOTOWSKI (POL-ECR)","Bert-Jan RUISSEN (NLD-ECR)",1
"Kosma ZŁOTOWSKI (POL-ECR)","Susanna CECCARDI (ITA-ID)",1
"Kosma ZŁOTOWSKI (POL-ECR)","Antonio Maria RINALDI (ITA-ID)",1
"Kosma ZŁOTOWSKI (POL-ECR)","Annalisa TARDINO (ITA-ID)",1
"Kosma ZŁOTOWSKI (POL-ECR)","Nicola PROCACCINI (ITA-ECR)",1
"Kosma ZŁOTOWSKI (POL-ECR)","Giuseppe MILAZZO (ITA-ECR)",1
"Kosma ZŁOTOWSKI (POL-ECR)","Raffaele STANCANELLI (ITA-ECR)",1
"Kosma ZŁOTOWSKI (POL-ECR)","Matteo ADINOLFI (ITA-ID)",1
"Kosma ZŁOTOWSKI (POL-ECR)","Jorge BUXADÉ VILLALBA (ESP-ECR)",1
"Kosma ZŁOTOWSKI (POL-ECR)","Hermann TERTSCH (ESP-ECR)",1
"Kosma ZŁOTOWSKI (POL-ECR)","Andrey SLABAKOV (BGR-ECR)",1
"Kosma ZŁOTOWSKI (POL-ECR)","Mazaly AGUILAR (ESP-ECR)",1
"Kosma ZŁOTOWSKI (POL-ECR)","Emmanouil FRAGKOS (GRC-ECR)",1
"Kosma ZŁOTOWSKI (POL-ECR)","Vincenzo SOFO (ITA-ECR)",1
"Kosma ZŁOTOWSKI (POL-ECR)","Miriam LEXMANN (SVK-EPP)",1
"Kosma ZŁOTOWSKI (POL-ECR)","Dominik TARCZYŃSKI (POL-ECR)",1
"Kosma ZŁOTOWSKI (POL-ECR)","Margarita DE LA PISA CARRIÓN (ESP-ECR)",1
"Kosma ZŁOTOWSKI (POL-ECR)","Ladislav ILČIĆ (HRV-ECR)",1
"Karol KARSKI (POL-ECR)","Zdzisław KRASNODĘBSKI (POL-ECR)",1
"Karol KARSKI (POL-ECR)","Danilo Oscar LANCINI (ITA-ID)",1
"Karol KARSKI (POL-ECR)","Assita KANKO (BEL-ECR)",1
"Karol KARSKI (POL-ECR)","Lars Patrick BERG (DEU-ECR)",1
"Karol KARSKI (POL-ECR)","Joachim Stanisław BRUDZIŃSKI (POL-ECR)",1
"Karol KARSKI (POL-ECR)","Patryk JAKI (POL-ECR)",1
"Karol KARSKI (POL-ECR)","Krzysztof JURGIEL (POL-ECR)",1
"Karol KARSKI (POL-ECR)","Beata KEMPA (POL-ECR)",1
"Karol KARSKI (POL-ECR)","Izabela-Helena KLOC (POL-ECR)",1
"Karol KARSKI (POL-ECR)","Joanna KOPCIŃSKA (POL-ECR)",1
"Karol KARSKI (POL-ECR)","Elżbieta KRUK (POL-ECR)",1
"Karol KARSKI (POL-ECR)","Alexandr VONDRA (CZE-ECR)",1
"Karol KARSKI (POL-ECR)","Beata MAZUREK (POL-ECR)",1
"Karol KARSKI (POL-ECR)","Andżelika Anna MOŻDŻANOWSKA (POL-ECR)",1
"Karol KARSKI (POL-ECR)","Elżbieta RAFALSKA (POL-ECR)",1
"Karol KARSKI (POL-ECR)","Bogdan RZOŃCA (POL-ECR)",1
"Karol KARSKI (POL-ECR)","Beata SZYDŁO (POL-ECR)",1
"Karol KARSKI (POL-ECR)","Grzegorz TOBISZOWSKI (POL-ECR)",1
"Karol KARSKI (POL-ECR)","Witold Jan WASZCZYKOWSKI (POL-ECR)",1
"Karol KARSKI (POL-ECR)","Anna ZALEWSKA (POL-ECR)",1
"Karol KARSKI (POL-ECR)","Pietro FIOCCHI (ITA-ECR)",1
"Karol KARSKI (POL-ECR)","Gianantonio DA RE (ITA-ID)",1
"Karol KARSKI (POL-ECR)","Alessandra BASSO (ITA-ID)",1
"Karol KARSKI (POL-ECR)","Elena LIZZI (ITA-ID)",1
"Karol KARSKI (POL-ECR)","Cristian TERHEŞ (ROU-ECR)",1
"Karol KARSKI (POL-ECR)","Bert-Jan RUISSEN (NLD-ECR)",1
"Karol KARSKI (POL-ECR)","Susanna CECCARDI (ITA-ID)",1
"Karol KARSKI (POL-ECR)","Nicola PROCACCINI (ITA-ECR)",1
"Karol KARSKI (POL-ECR)","Giuseppe MILAZZO (ITA-ECR)",1
"Karol KARSKI (POL-ECR)","Raffaele STANCANELLI (ITA-ECR)",1
"Karol KARSKI (POL-ECR)","Jorge BUXADÉ VILLALBA (ESP-ECR)",1
"Karol KARSKI (POL-ECR)","Hermann TERTSCH (ESP-ECR)",1
"Karol KARSKI (POL-ECR)","Andrey SLABAKOV (BGR-ECR)",1
"Karol KARSKI (POL-ECR)","Mazaly AGUILAR (ESP-ECR)",1
"Karol KARSKI (POL-ECR)","Emmanouil FRAGKOS (GRC-ECR)",1
"Karol KARSKI (POL-ECR)","Vincenzo SOFO (ITA-ECR)",1
"Karol KARSKI (POL-ECR)","Dominik TARCZYŃSKI (POL-ECR)",1
"Karol KARSKI (POL-ECR)","Margarita DE LA PISA CARRIÓN (ESP-ECR)",1
"Karol KARSKI (POL-ECR)","Ladislav ILČIĆ (HRV-ECR)",1
"Zdzisław KRASNODĘBSKI (POL-ECR)","Ivan ŠTEFANEC (SVK-EPP)",1
"Zdzisław KRASNODĘBSKI (POL-ECR)","Johan VAN OVERTVELDT (BEL-ECR)",1
"Zdzisław KRASNODĘBSKI (POL-ECR)","Jordan BARDELLA (FRA-ID)",1
"Zdzisław KRASNODĘBSKI (POL-ECR)","Annika BRUNA (FRA-ID)",1
"Zdzisław KRASNODĘBSKI (POL-ECR)","Angelo CIOCCA (ITA-ID)",1
"Zdzisław KRASNODĘBSKI (POL-ECR)","Jörg MEUTHEN (DEU-ID)",1
"Zdzisław KRASNODĘBSKI (POL-ECR)","Danilo Oscar LANCINI (ITA-ID)",1
"Zdzisław KRASNODĘBSKI (POL-ECR)","Geert BOURGEOIS (BEL-ECR)",1
"Zdzisław KRASNODĘBSKI (POL-ECR)","Assita KANKO (BEL-ECR)",1
"Zdzisław KRASNODĘBSKI (POL-ECR)","Lars Patrick BERG (DEU-ECR)",1
"Zdzisław KRASNODĘBSKI (POL-ECR)","Joachim Stanisław BRUDZIŃSKI (POL-ECR)",1
"Zdzisław KRASNODĘBSKI (POL-ECR)","Patryk JAKI (POL-ECR)",1
"Zdzisław KRASNODĘBSKI (POL-ECR)","Krzysztof JURGIEL (POL-ECR)",1
"Zdzisław KRASNODĘBSKI (POL-ECR)","Beata KEMPA (POL-ECR)",1
"Zdzisław KRASNODĘBSKI (POL-ECR)","Izabela-Helena KLOC (POL-ECR)",1
"Zdzisław KRASNODĘBSKI (POL-ECR)","Joanna KOPCIŃSKA (POL-ECR)",1
"Zdzisław KRASNODĘBSKI (POL-ECR)","Elżbieta KRUK (POL-ECR)",1
"Zdzisław KRASNODĘBSKI (POL-ECR)","François-Xavier BELLAMY (FRA-EPP)",1
"Zdzisław KRASNODĘBSKI (POL-ECR)","Alexandr VONDRA (CZE-ECR)",1
"Zdzisław KRASNODĘBSKI (POL-ECR)","Beata MAZUREK (POL-ECR)",1
"Zdzisław KRASNODĘBSKI (POL-ECR)","Andżelika Anna MOŻDŻANOWSKA (POL-ECR)",1
"Zdzisław KRASNODĘBSKI (POL-ECR)","Elżbieta RAFALSKA (POL-ECR)",1
"Zdzisław KRASNODĘBSKI (POL-ECR)","Bogdan RZOŃCA (POL-ECR)",1
"Zdzisław KRASNODĘBSKI (POL-ECR)","Veronika VRECIONOVÁ (CZE-ECR)",1
"Zdzisław KRASNODĘBSKI (POL-ECR)","Beata SZYDŁO (POL-ECR)",1
"Zdzisław KRASNODĘBSKI (POL-ECR)","Grzegorz TOBISZOWSKI (POL-ECR)",1
"Zdzisław KRASNODĘBSKI (POL-ECR)","Witold Jan WASZCZYKOWSKI (POL-ECR)",1
"Zdzisław KRASNODĘBSKI (POL-ECR)","Anna ZALEWSKA (POL-ECR)",1
"Zdzisław KRASNODĘBSKI (POL-ECR)","Silvia SARDONE (ITA-ID)",1
"Zdzisław KRASNODĘBSKI (POL-ECR)","Stefania ZAMBELLI (ITA-ID)",1
"Zdzisław KRASNODĘBSKI (POL-ECR)","Pietro FIOCCHI (ITA-ECR)",1
"Zdzisław KRASNODĘBSKI (POL-ECR)","Gianantonio DA RE (ITA-ID)",1
"Zdzisław KRASNODĘBSKI (POL-ECR)","Alessandra BASSO (ITA-ID)",1
"Zdzisław KRASNODĘBSKI (POL-ECR)","Elena LIZZI (ITA-ID)",1
"Zdzisław KRASNODĘBSKI (POL-ECR)","Rosanna CONTE (ITA-ID)",1
"Zdzisław KRASNODĘBSKI (POL-ECR)","Thierry MARIANI (FRA-ID)",1
"Zdzisław KRASNODĘBSKI (POL-ECR)","Hervé JUVIN (FRA-ID)",1
"Zdzisław KRASNODĘBSKI (POL-ECR)","Virginie JORON (FRA-ID)",1
"Zdzisław KRASNODĘBSKI (POL-ECR)","Jean-Paul GARRAUD (FRA-ID)",1
"Zdzisław KRASNODĘBSKI (POL-ECR)","Cristian TERHEŞ (ROU-ECR)",1
"Zdzisław KRASNODĘBSKI (POL-ECR)","Aurélia BEIGNEUX (FRA-ID)",1
"Zdzisław KRASNODĘBSKI (POL-ECR)","Philippe OLIVIER (FRA-ID)",1
"Zdzisław KRASNODĘBSKI (POL-ECR)","André ROUGÉ (FRA-ID)",1
"Zdzisław KRASNODĘBSKI (POL-ECR)","Mathilde ANDROUËT (FRA-ID)",1
"Zdzisław KRASNODĘBSKI (POL-ECR)","Bert-Jan RUISSEN (NLD-ECR)",1
"Zdzisław KRASNODĘBSKI (POL-ECR)","Susanna CECCARDI (ITA-ID)",1
"Zdzisław KRASNODĘBSKI (POL-ECR)","Antonio Maria RINALDI (ITA-ID)",1
"Zdzisław KRASNODĘBSKI (POL-ECR)","Annalisa TARDINO (ITA-ID)",1
"Zdzisław KRASNODĘBSKI (POL-ECR)","Nicola PROCACCINI (ITA-ECR)",1
"Zdzisław KRASNODĘBSKI (POL-ECR)","Raffaele STANCANELLI (ITA-ECR)",1
"Zdzisław KRASNODĘBSKI (POL-ECR)","Matteo ADINOLFI (ITA-ID)",1
"Zdzisław KRASNODĘBSKI (POL-ECR)","Jorge BUXADÉ VILLALBA (ESP-ECR)",1
"Zdzisław KRASNODĘBSKI (POL-ECR)","Hermann TERTSCH (ESP-ECR)",1
"Zdzisław KRASNODĘBSKI (POL-ECR)","Andrey SLABAKOV (BGR-ECR)",1
"Zdzisław KRASNODĘBSKI (POL-ECR)","Mazaly AGUILAR (ESP-ECR)",1
"Zdzisław KRASNODĘBSKI (POL-ECR)","Emmanouil FRAGKOS (GRC-ECR)",1
"Zdzisław KRASNODĘBSKI (POL-ECR)","Vincenzo SOFO (ITA-ECR)",1
"Zdzisław KRASNODĘBSKI (POL-ECR)","Miriam LEXMANN (SVK-EPP)",1
"Zdzisław KRASNODĘBSKI (POL-ECR)","Dominik TARCZYŃSKI (POL-ECR)",1
"Zdzisław KRASNODĘBSKI (POL-ECR)","Margarita DE LA PISA CARRIÓN (ESP-ECR)",1
"Zdzisław KRASNODĘBSKI (POL-ECR)","Jean-Lin LACAPELLE (FRA-ID)",1
"Zdzisław KRASNODĘBSKI (POL-ECR)","Ladislav ILČIĆ (HRV-ECR)",1
"Krzysztof HETMAN (POL-EPP)","Ernest URTASUN (ESP-GREEN_EFA)",1
"Krzysztof HETMAN (POL-EPP)","Jytte GUTELAND (SWE-SD)",1
"Krzysztof HETMAN (POL-EPP)","Esteban GONZÁLEZ PONS (ESP-EPP)",1
"Krzysztof HETMAN (POL-EPP)","Maria SPYRAKI (GRC-EPP)",1
"Krzysztof HETMAN (POL-EPP)","Christophe HANSEN (LUX-EPP)",1
"Krzysztof HETMAN (POL-EPP)","Erik BERGKVIST (SWE-SD)",1
"Krzysztof HETMAN (POL-EPP)","Stefan BERGER (DEU-EPP)",1
"Krzysztof HETMAN (POL-EPP)","Loucas FOURLAS (CYP-EPP)",1
"Krzysztof HETMAN (POL-EPP)","Helmut GEUKING (DEU-EPP)",1
"Krzysztof HETMAN (POL-EPP)","Nicola BEER (DEU-RENEW)",1
"Krzysztof HETMAN (POL-EPP)","Bartosz ARŁUKOWICZ (POL-EPP)",1
"Krzysztof HETMAN (POL-EPP)","Stéphane SÉJOURNÉ (FRA-RENEW)",1
"Krzysztof HETMAN (POL-EPP)","Andrzej HALICKI (POL-EPP)",1
"Krzysztof HETMAN (POL-EPP)","Adam JARUBAS (POL-EPP)",1
"Krzysztof HETMAN (POL-EPP)","Agnès EVREN (FRA-EPP)",1
"Krzysztof HETMAN (POL-EPP)","Radosław SIKORSKI (POL-EPP)",1
"Krzysztof HETMAN (POL-EPP)","Søren GADE (DNK-RENEW)",1
"Krzysztof HETMAN (POL-EPP)","Pierfrancesco MAJORINO (ITA-SD)",1
"Krzysztof HETMAN (POL-EPP)","Véronique TRILLET-LENOIR (FRA-RENEW)",1
"Krzysztof HETMAN (POL-EPP)","Alexander BERNHUBER (AUT-EPP)",1
"Krzysztof HETMAN (POL-EPP)","Gheorghe FALCĂ (ROU-EPP)",1
"Krzysztof HETMAN (POL-EPP)","Carmen AVRAM (ROU-SD)",1
"Krzysztof HETMAN (POL-EPP)","Angelika WINZIG (AUT-EPP)",1
"Krzysztof HETMAN (POL-EPP)","Simone SCHMIEDTBAUER (AUT-EPP)",1
"Krzysztof HETMAN (POL-EPP)","Barbara THALER (AUT-EPP)",1
"Krzysztof HETMAN (POL-EPP)","Eugen TOMAC (ROU-EPP)",1
"Krzysztof HETMAN (POL-EPP)","Sira REGO (ESP-GUE_NGL)",1
"Krzysztof HETMAN (POL-EPP)","Adriana MALDONADO LÓPEZ (ESP-SD)",1
"Krzysztof HETMAN (POL-EPP)","Álvaro AMARO (PRT-EPP)",1
"Krzysztof HETMAN (POL-EPP)","Luisa REGIMENTI (ITA-ID)",1
"Krzysztof HETMAN (POL-EPP)","Andrea CAROPPO (ITA-EPP)",1
"Krzysztof HETMAN (POL-EPP)","Gheorghe-Vlad NISTOR (ROU-EPP)",1
"Ivan ŠTEFANEC (SVK-EPP)","Franc BOGOVIČ (SVN-EPP)",1
"Ivan ŠTEFANEC (SVK-EPP)","Daniel BUDA (ROU-EPP)",1
"Ivan ŠTEFANEC (SVK-EPP)","Romana TOMC (SVN-EPP)",1
"Ivan ŠTEFANEC (SVK-EPP)","Massimiliano SALINI (ITA-EPP)",1
"Ivan ŠTEFANEC (SVK-EPP)","Asim ADEMOV (BGR-EPP)",1
"Ivan ŠTEFANEC (SVK-EPP)","Tomislav SOKOL (HRV-EPP)",1
"Ivan ŠTEFANEC (SVK-EPP)","Beata KEMPA (POL-ECR)",1
"Ivan ŠTEFANEC (SVK-EPP)","Joanna KOPCIŃSKA (POL-ECR)",1
"Ivan ŠTEFANEC (SVK-EPP)","Elżbieta KRUK (POL-ECR)",1
"Ivan ŠTEFANEC (SVK-EPP)","François-Xavier BELLAMY (FRA-EPP)",1
"Ivan ŠTEFANEC (SVK-EPP)","Beata MAZUREK (POL-ECR)",1
"Ivan ŠTEFANEC (SVK-EPP)","Andżelika Anna MOŻDŻANOWSKA (POL-ECR)",1
"Ivan ŠTEFANEC (SVK-EPP)","Elżbieta RAFALSKA (POL-ECR)",1
"Ivan ŠTEFANEC (SVK-EPP)","Bogdan RZOŃCA (POL-ECR)",1
"Ivan ŠTEFANEC (SVK-EPP)","Grzegorz TOBISZOWSKI (POL-ECR)",1
"Ivan ŠTEFANEC (SVK-EPP)","Witold Jan WASZCZYKOWSKI (POL-ECR)",1
"Ivan ŠTEFANEC (SVK-EPP)","Anna ZALEWSKA (POL-ECR)",1
"Ivan ŠTEFANEC (SVK-EPP)","Javier ZARZALEJOS (ESP-EPP)",1
"Ivan ŠTEFANEC (SVK-EPP)","Traian BĂSESCU (ROU-EPP)",1
"Ivan ŠTEFANEC (SVK-EPP)","Isabel BENJUMEA BENJUMEA (ESP-EPP)",1
"Ivan ŠTEFANEC (SVK-EPP)","Alexander ALEXANDROV YORDANOV (BGR-EPP)",1
"Ivan ŠTEFANEC (SVK-EPP)","Salvatore DE MEO (ITA-EPP)",1
"Ivan ŠTEFANEC (SVK-EPP)","Miriam LEXMANN (SVK-EPP)",1
"Monika VANA (AUT-GREEN_EFA)","Bronis ROPĖ (LTU-GREEN_EFA)",1
"Monika VANA (AUT-GREEN_EFA)","Alexandra GEESE (DEU-GREEN_EFA)",1
"Monika VANA (AUT-GREEN_EFA)","Jordi SOLÉ (ESP-GREEN_EFA)",1
"Monika VANA (AUT-GREEN_EFA)","Thomas WAITZ (AUT-GREEN_EFA)",1
"Monika VANA (AUT-GREEN_EFA)","Tilly METZ (LUX-GREEN_EFA)",1
"Monika VANA (AUT-GREEN_EFA)","Alice KUHNKE (SWE-GREEN_EFA)",1
"Monika VANA (AUT-GREEN_EFA)","Nico SEMSROTT (DEU-GREEN_EFA)",1
"Monika VANA (AUT-GREEN_EFA)","Rasmus ANDRESEN (DEU-GREEN_EFA)",1
"Monika VANA (AUT-GREEN_EFA)","Pierrette HERZBERGER-FOFANA (DEU-GREEN_EFA)",1
"Monika VANA (AUT-GREEN_EFA)","Katrin LANGENSIEPEN (DEU-GREEN_EFA)",1
"Monika VANA (AUT-GREEN_EFA)","Erik MARQUARDT (DEU-GREEN_EFA)",1
"Monika VANA (AUT-GREEN_EFA)","Saskia BRICMONT (BEL-GREEN_EFA)",1
"Monika VANA (AUT-GREEN_EFA)","Mounir SATOURI (FRA-GREEN_EFA)",1
"Monika VANA (AUT-GREEN_EFA)","David CORMAND (FRA-GREEN_EFA)",1
"Monika VANA (AUT-GREEN_EFA)","Caroline ROOSE (FRA-GREEN_EFA)",1
"Monika VANA (AUT-GREEN_EFA)","Benoît BITEAU (FRA-GREEN_EFA)",1
"Monika VANA (AUT-GREEN_EFA)","Gwendoline DELBOS-CORFIELD (FRA-GREEN_EFA)",1
"Monika VANA (AUT-GREEN_EFA)","Damien CARÊME (FRA-GREEN_EFA)",1
"Monika VANA (AUT-GREEN_EFA)","Francisco GUERREIRO (PRT-GREEN_EFA)",1
"Monika VANA (AUT-GREEN_EFA)","Ciarán CUFFE (IRL-GREEN_EFA)",1
"Monika VANA (AUT-GREEN_EFA)","Diana RIBA I GINER (ESP-GREEN_EFA)",1
"Monika VANA (AUT-GREEN_EFA)","Kim VAN SPARRENTAK (NLD-GREEN_EFA)",1
"Monika VANA (AUT-GREEN_EFA)","Grace O'SULLIVAN (IRL-GREEN_EFA)",1
"Monika VANA (AUT-GREEN_EFA)","Claude GRUFFAT (FRA-GREEN_EFA)",1
"Ernest URTASUN (ESP-GREEN_EFA)","Jytte GUTELAND (SWE-SD)",1
"Ernest URTASUN (ESP-GREEN_EFA)","Esteban GONZÁLEZ PONS (ESP-EPP)",1
"Ernest URTASUN (ESP-GREEN_EFA)","Maria SPYRAKI (GRC-EPP)",1
"Ernest URTASUN (ESP-GREEN_EFA)","Stelios KOULOGLOU (GRC-GUE_NGL)",1
"Ernest URTASUN (ESP-GREEN_EFA)","Romeo FRANZ (DEU-GREEN_EFA)",1
"Ernest URTASUN (ESP-GREEN_EFA)","Christophe HANSEN (LUX-EPP)",1
"Ernest URTASUN (ESP-GREEN_EFA)","Erik BERGKVIST (SWE-SD)",1
"Ernest URTASUN (ESP-GREEN_EFA)","Loucas FOURLAS (CYP-EPP)",1
"Ernest URTASUN (ESP-GREEN_EFA)","Niyazi KIZILYÜREK (CYP-GUE_NGL)",1
"Ernest URTASUN (ESP-GREEN_EFA)","Nicola BEER (DEU-RENEW)",1
"Ernest URTASUN (ESP-GREEN_EFA)","Henrike HAHN (DEU-GREEN_EFA)",1
"Ernest URTASUN (ESP-GREEN_EFA)","Jutta PAULUS (DEU-GREEN_EFA)",1
"Ernest URTASUN (ESP-GREEN_EFA)","Bartosz ARŁUKOWICZ (POL-EPP)",1
"Ernest URTASUN (ESP-GREEN_EFA)","Stéphane SÉJOURNÉ (FRA-RENEW)",1
"Ernest URTASUN (ESP-GREEN_EFA)","Agnès EVREN (FRA-EPP)",1
"Ernest URTASUN (ESP-GREEN_EFA)","Radosław SIKORSKI (POL-EPP)",1
"Ernest URTASUN (ESP-GREEN_EFA)","Søren GADE (DNK-RENEW)",1
"Ernest URTASUN (ESP-GREEN_EFA)","Kira Marie PETER-HANSEN (DNK-GREEN_EFA)",1
"Ernest URTASUN (ESP-GREEN_EFA)","Pierfrancesco MAJORINO (ITA-SD)",1
"Ernest URTASUN (ESP-GREEN_EFA)","Véronique TRILLET-LENOIR (FRA-RENEW)",1
"Ernest URTASUN (ESP-GREEN_EFA)","Carmen AVRAM (ROU-SD)",1
"Ernest URTASUN (ESP-GREEN_EFA)","Simone SCHMIEDTBAUER (AUT-EPP)",1
"Ernest URTASUN (ESP-GREEN_EFA)","Sira REGO (ESP-GUE_NGL)",1
"Ernest URTASUN (ESP-GREEN_EFA)","Elena KOUNTOURA (GRC-GUE_NGL)",1
"Ernest URTASUN (ESP-GREEN_EFA)","Adriana MALDONADO LÓPEZ (ESP-SD)",1
"Ernest URTASUN (ESP-GREEN_EFA)","Álvaro AMARO (PRT-EPP)",1
"Ernest URTASUN (ESP-GREEN_EFA)","Luisa REGIMENTI (ITA-ID)",1
"Ernest URTASUN (ESP-GREEN_EFA)","Andrea CAROPPO (ITA-EPP)",1
"Gerolf ANNEMANS (BEL-ID)","Peter LUNDGREN (SWE-ECR)",1
"Gerolf ANNEMANS (BEL-ID)","Harald VILIMSKY (AUT-ID)",1
"Gerolf ANNEMANS (BEL-ID)","Markus BUCHHEIT (DEU-ID)",1
"Gerolf ANNEMANS (BEL-ID)","Jordan BARDELLA (FRA-ID)",1
"Gerolf ANNEMANS (BEL-ID)","Gunnar BECK (DEU-ID)",1
"Gerolf ANNEMANS (BEL-ID)","Annika BRUNA (FRA-ID)",1
"Gerolf ANNEMANS (BEL-ID)","Tom VANDENDRIESSCHE (BEL-ID)",1
"Gerolf ANNEMANS (BEL-ID)","France JAMET (FRA-ID)",1
"Gerolf ANNEMANS (BEL-ID)","Jörg MEUTHEN (DEU-ID)",1
"Gerolf ANNEMANS (BEL-ID)","Filip DE MAN (BEL-ID)",1
"Gerolf ANNEMANS (BEL-ID)","Christine ANDERSON (DEU-ID)",1
"Gerolf ANNEMANS (BEL-ID)","Lars Patrick BERG (DEU-ECR)",1
"Gerolf ANNEMANS (BEL-ID)","Nicolaus FEST (DEU-ID)",1
"Gerolf ANNEMANS (BEL-ID)","Maximilian KRAH (DEU-ID)",1
"Gerolf ANNEMANS (BEL-ID)","Joachim KUHS (DEU-ID)",1
"Gerolf ANNEMANS (BEL-ID)","Sylvia LIMMER (DEU-ID)",1
"Gerolf ANNEMANS (BEL-ID)","Guido REIL (DEU-ID)",1
"Gerolf ANNEMANS (BEL-ID)","Bernhard ZIMNIOK (DEU-ID)",1
"Gerolf ANNEMANS (BEL-ID)","Jaak MADISON (EST-ID)",1
"Gerolf ANNEMANS (BEL-ID)","Beata KEMPA (POL-ECR)",1
"Gerolf ANNEMANS (BEL-ID)","Ivan DAVID (CZE-ID)",1
"Gerolf ANNEMANS (BEL-ID)","Hynek BLAŠKO (CZE-ID)",1
"Gerolf ANNEMANS (BEL-ID)","Silvia SARDONE (ITA-ID)",1
"Gerolf ANNEMANS (BEL-ID)","Gianna GANCIA (ITA-ID)",1
"Gerolf ANNEMANS (BEL-ID)","Laura HUHTASAARI (FIN-ID)",1
"Gerolf ANNEMANS (BEL-ID)","Teuvo HAKKARAINEN (FIN-ID)",1
"Gerolf ANNEMANS (BEL-ID)","Gianantonio DA RE (ITA-ID)",1
"Gerolf ANNEMANS (BEL-ID)","Alessandra BASSO (ITA-ID)",1
"Gerolf ANNEMANS (BEL-ID)","Elena LIZZI (ITA-ID)",1
"Gerolf ANNEMANS (BEL-ID)","Jérôme RIVIÈRE (FRA-ID)",1
"Gerolf ANNEMANS (BEL-ID)","Rosanna CONTE (ITA-ID)",1
"Gerolf ANNEMANS (BEL-ID)","Thierry MARIANI (FRA-ID)",1
"Gerolf ANNEMANS (BEL-ID)","Hervé JUVIN (FRA-ID)",1
"Gerolf ANNEMANS (BEL-ID)","Virginie JORON (FRA-ID)",1
"Gerolf ANNEMANS (BEL-ID)","Jean-Paul GARRAUD (FRA-ID)",1
"Gerolf ANNEMANS (BEL-ID)","Maxette PIRBAKAS (FRA-ID)",1
"Gerolf ANNEMANS (BEL-ID)","Aurélia BEIGNEUX (FRA-ID)",1
"Gerolf ANNEMANS (BEL-ID)","Philippe OLIVIER (FRA-ID)",1
"Gerolf ANNEMANS (BEL-ID)","André ROUGÉ (FRA-ID)",1
"Gerolf ANNEMANS (BEL-ID)","Mathilde ANDROUËT (FRA-ID)",1
"Gerolf ANNEMANS (BEL-ID)","Robert ROOS (NLD-ECR)",1
"Gerolf ANNEMANS (BEL-ID)","Bert-Jan RUISSEN (NLD-ECR)",1
"Gerolf ANNEMANS (BEL-ID)","Rob ROOKEN (NLD-ECR)",1
"Gerolf ANNEMANS (BEL-ID)","Susanna CECCARDI (ITA-ID)",1
"Gerolf ANNEMANS (BEL-ID)","Antonio Maria RINALDI (ITA-ID)",1
"Gerolf ANNEMANS (BEL-ID)","Matteo ADINOLFI (ITA-ID)",1
"Gerolf ANNEMANS (BEL-ID)","Jorge BUXADÉ VILLALBA (ESP-ECR)",1
"Gerolf ANNEMANS (BEL-ID)","Hermann TERTSCH (ESP-ECR)",1
"Gerolf ANNEMANS (BEL-ID)","Mazaly AGUILAR (ESP-ECR)",1
"Gerolf ANNEMANS (BEL-ID)","Roman HAIDER (AUT-ID)",1
"Gerolf ANNEMANS (BEL-ID)","Margarita DE LA PISA CARRIÓN (ESP-ECR)",1
"Gerolf ANNEMANS (BEL-ID)","Jean-Lin LACAPELLE (FRA-ID)",1
"Gerolf ANNEMANS (BEL-ID)","Michiel HOOGEVEEN (NLD-ECR)",1
"Gerolf ANNEMANS (BEL-ID)","Ladislav ILČIĆ (HRV-ECR)",1
"Luke Ming FLANAGAN (IRL-GUE_NGL)","Malin BJÖRK (SWE-GUE_NGL)",1
"Luke Ming FLANAGAN (IRL-GUE_NGL)","Miguel URBÁN CRESPO (ESP-GUE_NGL)",1
"Luke Ming FLANAGAN (IRL-GUE_NGL)","Marc BOTENGA (BEL-GUE_NGL)",1
"Luke Ming FLANAGAN (IRL-GUE_NGL)","Clare DALY (IRL-GUE_NGL)",1
"Luke Ming FLANAGAN (IRL-GUE_NGL)","Eugenia RODRÍGUEZ PALOP (ESP-GUE_NGL)",1
"Luke Ming FLANAGAN (IRL-GUE_NGL)","Mick WALLACE (IRL-GUE_NGL)",1
"Luke Ming FLANAGAN (IRL-GUE_NGL)","Idoia VILLANUEVA RUIZ (ESP-GUE_NGL)",1
"Luke Ming FLANAGAN (IRL-GUE_NGL)","Manu PINEDA (ESP-GUE_NGL)",1
"Jytte GUTELAND (SWE-SD)","Esteban GONZÁLEZ PONS (ESP-EPP)",1
"Jytte GUTELAND (SWE-SD)","Stelios KOULOGLOU (GRC-GUE_NGL)",1
"Jytte GUTELAND (SWE-SD)","Giuseppe FERRANDINO (ITA-SD)",1
"Jytte GUTELAND (SWE-SD)","Christophe HANSEN (LUX-EPP)",1
"Jytte GUTELAND (SWE-SD)","Erik BERGKVIST (SWE-SD)",1
"Jytte GUTELAND (SWE-SD)","Loucas FOURLAS (CYP-EPP)",1
"Jytte GUTELAND (SWE-SD)","Nicola BEER (DEU-RENEW)",1
"Jytte GUTELAND (SWE-SD)","Bartosz ARŁUKOWICZ (POL-EPP)",1
"Jytte GUTELAND (SWE-SD)","Stéphane SÉJOURNÉ (FRA-RENEW)",1
"Jytte GUTELAND (SWE-SD)","Agnès EVREN (FRA-EPP)",1
"Jytte GUTELAND (SWE-SD)","Radosław SIKORSKI (POL-EPP)",1
"Jytte GUTELAND (SWE-SD)","Søren GADE (DNK-RENEW)",1
"Jytte GUTELAND (SWE-SD)","Peter KOFOD (DNK-ID)",1
"Jytte GUTELAND (SWE-SD)","Pierfrancesco MAJORINO (ITA-SD)",1
"Jytte GUTELAND (SWE-SD)","Véronique TRILLET-LENOIR (FRA-RENEW)",1
"Jytte GUTELAND (SWE-SD)","Simone SCHMIEDTBAUER (AUT-EPP)",1
"Jytte GUTELAND (SWE-SD)","Sira REGO (ESP-GUE_NGL)",1
"Jytte GUTELAND (SWE-SD)","Stelios KYMPOUROPOULOS (GRC-EPP)",1
"Jytte GUTELAND (SWE-SD)","Adriana MALDONADO LÓPEZ (ESP-SD)",1
"Jytte GUTELAND (SWE-SD)","Álvaro AMARO (PRT-EPP)",1
"Jytte GUTELAND (SWE-SD)","Simona BALDASSARRE (ITA-ID)",1
"Jytte GUTELAND (SWE-SD)","Luisa REGIMENTI (ITA-ID)",1
"Jytte GUTELAND (SWE-SD)","Andrea CAROPPO (ITA-EPP)",1
"Jytte GUTELAND (SWE-SD)","Elena YONCHEVA (BGR-SD)",1
"Malin BJÖRK (SWE-GUE_NGL)","Anja HAZEKAMP (NLD-GUE_NGL)",1
"Malin BJÖRK (SWE-GUE_NGL)","Marc BOTENGA (BEL-GUE_NGL)",1
"Malin BJÖRK (SWE-GUE_NGL)","Nikolaj VILLUMSEN (DNK-GUE_NGL)",1
"Peter LUNDGREN (SWE-ECR)","Jörg MEUTHEN (DEU-ID)",1
"Peter LUNDGREN (SWE-ECR)","Nicolaus FEST (DEU-ID)",1
"Peter LUNDGREN (SWE-ECR)","Joachim KUHS (DEU-ID)",1
"Peter LUNDGREN (SWE-ECR)","Sylvia LIMMER (DEU-ID)",1
"Peter LUNDGREN (SWE-ECR)","Guido REIL (DEU-ID)",1
"Peter LUNDGREN (SWE-ECR)","Bernhard ZIMNIOK (DEU-ID)",1
"Peter LUNDGREN (SWE-ECR)","Veronika VRECIONOVÁ (CZE-ECR)",1
"Peter LUNDGREN (SWE-ECR)","Teuvo HAKKARAINEN (FIN-ID)",1
"Peter LUNDGREN (SWE-ECR)","Eugen JURZYCA (SVK-ECR)",1
"Peter LUNDGREN (SWE-ECR)","Michiel HOOGEVEEN (NLD-ECR)",1
"Harald VILIMSKY (AUT-ID)","Markus BUCHHEIT (DEU-ID)",1
"Harald VILIMSKY (AUT-ID)","Jordan BARDELLA (FRA-ID)",1
"Harald VILIMSKY (AUT-ID)","Gunnar BECK (DEU-ID)",1
"Harald VILIMSKY (AUT-ID)","Annika BRUNA (FRA-ID)",1
"Harald VILIMSKY (AUT-ID)","Tom VANDENDRIESSCHE (BEL-ID)",1
"Harald VILIMSKY (AUT-ID)","France JAMET (FRA-ID)",1
"Harald VILIMSKY (AUT-ID)","Filip DE MAN (BEL-ID)",1
"Harald VILIMSKY (AUT-ID)","Lars Patrick BERG (DEU-ECR)",1
"Harald VILIMSKY (AUT-ID)","Nicolaus FEST (DEU-ID)",1
"Harald VILIMSKY (AUT-ID)","Maximilian KRAH (DEU-ID)",1
"Harald VILIMSKY (AUT-ID)","Joachim KUHS (DEU-ID)",1
"Harald VILIMSKY (AUT-ID)","Guido REIL (DEU-ID)",1
"Harald VILIMSKY (AUT-ID)","Bernhard ZIMNIOK (DEU-ID)",1
"Harald VILIMSKY (AUT-ID)","Jaak MADISON (EST-ID)",1
"Harald VILIMSKY (AUT-ID)","Hynek BLAŠKO (CZE-ID)",1
"Harald VILIMSKY (AUT-ID)","Jérôme RIVIÈRE (FRA-ID)",1
"Harald VILIMSKY (AUT-ID)","Thierry MARIANI (FRA-ID)",1
"Harald VILIMSKY (AUT-ID)","Hervé JUVIN (FRA-ID)",1
"Harald VILIMSKY (AUT-ID)","Virginie JORON (FRA-ID)",1
"Harald VILIMSKY (AUT-ID)","Jean-Paul GARRAUD (FRA-ID)",1
"Harald VILIMSKY (AUT-ID)","Maxette PIRBAKAS (FRA-ID)",1
"Harald VILIMSKY (AUT-ID)","Aurélia BEIGNEUX (FRA-ID)",1
"Harald VILIMSKY (AUT-ID)","Philippe OLIVIER (FRA-ID)",1
"Harald VILIMSKY (AUT-ID)","André ROUGÉ (FRA-ID)",1
"Harald VILIMSKY (AUT-ID)","Mathilde ANDROUËT (FRA-ID)",1
"Harald VILIMSKY (AUT-ID)","Robert ROOS (NLD-ECR)",1
"Harald VILIMSKY (AUT-ID)","Hermann TERTSCH (ESP-ECR)",1
"Harald VILIMSKY (AUT-ID)","Mazaly AGUILAR (ESP-ECR)",1
"Harald VILIMSKY (AUT-ID)","Roman HAIDER (AUT-ID)",1
"Harald VILIMSKY (AUT-ID)","Margarita DE LA PISA CARRIÓN (ESP-ECR)",1
"Harald VILIMSKY (AUT-ID)","Jean-Lin LACAPELLE (FRA-ID)",1
"Franc BOGOVIČ (SVN-EPP)","Daniel BUDA (ROU-EPP)",1
"Franc BOGOVIČ (SVN-EPP)","Romana TOMC (SVN-EPP)",1
"Franc BOGOVIČ (SVN-EPP)","Massimiliano SALINI (ITA-EPP)",1
"Franc BOGOVIČ (SVN-EPP)","Željana ZOVKO (HRV-EPP)",1
"Franc BOGOVIČ (SVN-EPP)","Dennis RADTKE (DEU-EPP)",1
"Franc BOGOVIČ (SVN-EPP)","Asim ADEMOV (BGR-EPP)",1
"Franc BOGOVIČ (SVN-EPP)","Lukas MANDL (AUT-EPP)",1
"Franc BOGOVIČ (SVN-EPP)","Hildegard BENTELE (DEU-EPP)",1
"Franc BOGOVIČ (SVN-EPP)","Karlo RESSLER (HRV-EPP)",1
"Franc BOGOVIČ (SVN-EPP)","Tomislav SOKOL (HRV-EPP)",1
"Franc BOGOVIČ (SVN-EPP)","Ralf SEEKATZ (DEU-EPP)",1
"Franc BOGOVIČ (SVN-EPP)","Sven SIMON (DEU-EPP)",1
"Franc BOGOVIČ (SVN-EPP)","Marlene MORTLER (DEU-EPP)",1
"Franc BOGOVIČ (SVN-EPP)","Marion WALSMANN (DEU-EPP)",1
"Franc BOGOVIČ (SVN-EPP)","Christian DOLESCHAL (DEU-EPP)",1
"Franc BOGOVIČ (SVN-EPP)","Jarosław DUDA (POL-EPP)",1
"Franc BOGOVIČ (SVN-EPP)","Tomasz FRANKOWSKI (POL-EPP)",1
"Franc BOGOVIČ (SVN-EPP)","Adam JARUBAS (POL-EPP)",1
"Franc BOGOVIČ (SVN-EPP)","Javier ZARZALEJOS (ESP-EPP)",1
"Franc BOGOVIČ (SVN-EPP)","Juan Ignacio ZOIDO ÁLVAREZ (ESP-EPP)",1
"Franc BOGOVIČ (SVN-EPP)","Vasile BLAGA (ROU-EPP)",1
"Franc BOGOVIČ (SVN-EPP)","Mircea-Gheorghe HAVA (ROU-EPP)",1
"Franc BOGOVIČ (SVN-EPP)","Traian BĂSESCU (ROU-EPP)",1
"Franc BOGOVIČ (SVN-EPP)","Eugen TOMAC (ROU-EPP)",1
"Franc BOGOVIČ (SVN-EPP)","Isabel BENJUMEA BENJUMEA (ESP-EPP)",1
"Franc BOGOVIČ (SVN-EPP)","Dolors MONTSERRAT (ESP-EPP)",1
"Franc BOGOVIČ (SVN-EPP)","Peter POLLÁK (SVK-EPP)",1
"Franc BOGOVIČ (SVN-EPP)","Tom BERENDSEN (NLD-EPP)",1
"Franc BOGOVIČ (SVN-EPP)","Aušra SEIBUTYTĖ (LTU-EPP)",1
"Franc BOGOVIČ (SVN-EPP)","Alexander ALEXANDROV YORDANOV (BGR-EPP)",1
"Franc BOGOVIČ (SVN-EPP)","Rasa JUKNEVIČIENĖ (LTU-EPP)",1
"Franc BOGOVIČ (SVN-EPP)","Liudas MAŽYLIS (LTU-EPP)",1
"Franc BOGOVIČ (SVN-EPP)","Andrius KUBILIUS (LTU-EPP)",1
"Franc BOGOVIČ (SVN-EPP)","Sunčana GLAVAK (HRV-EPP)",1
"Franc BOGOVIČ (SVN-EPP)","Salvatore DE MEO (ITA-EPP)",1
"Franc BOGOVIČ (SVN-EPP)","Riho TERRAS (EST-EPP)",1
"Daniel BUDA (ROU-EPP)","Romana TOMC (SVN-EPP)",1
"Daniel BUDA (ROU-EPP)","Massimiliano SALINI (ITA-EPP)",1
"Daniel BUDA (ROU-EPP)","Željana ZOVKO (HRV-EPP)",1
"Daniel BUDA (ROU-EPP)","Asim ADEMOV (BGR-EPP)",1
"Daniel BUDA (ROU-EPP)","Lukas MANDL (AUT-EPP)",1
"Daniel BUDA (ROU-EPP)","Hildegard BENTELE (DEU-EPP)",1
"Daniel BUDA (ROU-EPP)","Karlo RESSLER (HRV-EPP)",1
"Daniel BUDA (ROU-EPP)","Tomislav SOKOL (HRV-EPP)",1
"Daniel BUDA (ROU-EPP)","Ralf SEEKATZ (DEU-EPP)",1
"Daniel BUDA (ROU-EPP)","Marlene MORTLER (DEU-EPP)",1
"Daniel BUDA (ROU-EPP)","Marion WALSMANN (DEU-EPP)",1
"Daniel BUDA (ROU-EPP)","Christian DOLESCHAL (DEU-EPP)",1
"Daniel BUDA (ROU-EPP)","Jarosław DUDA (POL-EPP)",1
"Daniel BUDA (ROU-EPP)","Tomasz FRANKOWSKI (POL-EPP)",1
"Daniel BUDA (ROU-EPP)","François-Xavier BELLAMY (FRA-EPP)",1
"Daniel BUDA (ROU-EPP)","Javier ZARZALEJOS (ESP-EPP)",1
"Daniel BUDA (ROU-EPP)","Juan Ignacio ZOIDO ÁLVAREZ (ESP-EPP)",1
"Daniel BUDA (ROU-EPP)","Vasile BLAGA (ROU-EPP)",1
"Daniel BUDA (ROU-EPP)","Mircea-Gheorghe HAVA (ROU-EPP)",1
"Daniel BUDA (ROU-EPP)","Traian BĂSESCU (ROU-EPP)",1
"Daniel BUDA (ROU-EPP)","Eugen TOMAC (ROU-EPP)",1
"Daniel BUDA (ROU-EPP)","Isabel BENJUMEA BENJUMEA (ESP-EPP)",1
"Daniel BUDA (ROU-EPP)","Dolors MONTSERRAT (ESP-EPP)",1
"Daniel BUDA (ROU-EPP)","Tom BERENDSEN (NLD-EPP)",1
"Daniel BUDA (ROU-EPP)","Aušra SEIBUTYTĖ (LTU-EPP)",1
"Daniel BUDA (ROU-EPP)","Alexander ALEXANDROV YORDANOV (BGR-EPP)",1
"Daniel BUDA (ROU-EPP)","Liudas MAŽYLIS (LTU-EPP)",1
"Daniel BUDA (ROU-EPP)","Andrius KUBILIUS (LTU-EPP)",1
"Daniel BUDA (ROU-EPP)","Sunčana GLAVAK (HRV-EPP)",1
"Daniel BUDA (ROU-EPP)","Salvatore DE MEO (ITA-EPP)",1
"Daniel BUDA (ROU-EPP)","Riho TERRAS (EST-EPP)",1
"Paul TANG (NLD-SD)","Agnes JONGERIUS (NLD-SD)",1
"Esteban GONZÁLEZ PONS (ESP-EPP)","Annie SCHREIJER-PIERIK (NLD-EPP)",1
"Esteban GONZÁLEZ PONS (ESP-EPP)","Christophe HANSEN (LUX-EPP)",1
"Esteban GONZÁLEZ PONS (ESP-EPP)","Erik BERGKVIST (SWE-SD)",1
"Esteban GONZÁLEZ PONS (ESP-EPP)","Loucas FOURLAS (CYP-EPP)",1
"Esteban GONZÁLEZ PONS (ESP-EPP)","Nicola BEER (DEU-RENEW)",1
"Esteban GONZÁLEZ PONS (ESP-EPP)","Bartosz ARŁUKOWICZ (POL-EPP)",1
"Esteban GONZÁLEZ PONS (ESP-EPP)","Stéphane SÉJOURNÉ (FRA-RENEW)",1
"Esteban GONZÁLEZ PONS (ESP-EPP)","Agnès EVREN (FRA-EPP)",1
"Esteban GONZÁLEZ PONS (ESP-EPP)","Radosław SIKORSKI (POL-EPP)",1
"Esteban GONZÁLEZ PONS (ESP-EPP)","Pierfrancesco MAJORINO (ITA-SD)",1
"Esteban GONZÁLEZ PONS (ESP-EPP)","Véronique TRILLET-LENOIR (FRA-RENEW)",1
"Esteban GONZÁLEZ PONS (ESP-EPP)","Gheorghe FALCĂ (ROU-EPP)",1
"Esteban GONZÁLEZ PONS (ESP-EPP)","Carmen AVRAM (ROU-SD)",1
"Esteban GONZÁLEZ PONS (ESP-EPP)","Simone SCHMIEDTBAUER (AUT-EPP)",1
"Esteban GONZÁLEZ PONS (ESP-EPP)","Barbara THALER (AUT-EPP)",1
"Esteban GONZÁLEZ PONS (ESP-EPP)","Stelios KYMPOUROPOULOS (GRC-EPP)",1
"Esteban GONZÁLEZ PONS (ESP-EPP)","Adriana MALDONADO LÓPEZ (ESP-SD)",1
"Esteban GONZÁLEZ PONS (ESP-EPP)","Álvaro AMARO (PRT-EPP)",1
"Esteban GONZÁLEZ PONS (ESP-EPP)","Giuseppe MILAZZO (ITA-ECR)",1
"Annie SCHREIJER-PIERIK (NLD-EPP)","Christophe HANSEN (LUX-EPP)",1
"Annie SCHREIJER-PIERIK (NLD-EPP)","Stefan BERGER (DEU-EPP)",1
"Annie SCHREIJER-PIERIK (NLD-EPP)","Radosław SIKORSKI (POL-EPP)",1
"Annie SCHREIJER-PIERIK (NLD-EPP)","Pierfrancesco MAJORINO (ITA-SD)",1
"Annie SCHREIJER-PIERIK (NLD-EPP)","Vasile BLAGA (ROU-EPP)",1
"Annie SCHREIJER-PIERIK (NLD-EPP)","Stelios KYMPOUROPOULOS (GRC-EPP)",1
"Annie SCHREIJER-PIERIK (NLD-EPP)","Álvaro AMARO (PRT-EPP)",1
"Annie SCHREIJER-PIERIK (NLD-EPP)","Andrea CAROPPO (ITA-EPP)",1
"Maria SPYRAKI (GRC-EPP)","Ramona STRUGARIU (ROU-RENEW)",1
"Maria SPYRAKI (GRC-EPP)","Christophe HANSEN (LUX-EPP)",1
"Maria SPYRAKI (GRC-EPP)","Erik BERGKVIST (SWE-SD)",1
"Maria SPYRAKI (GRC-EPP)","Loucas FOURLAS (CYP-EPP)",1
"Maria SPYRAKI (GRC-EPP)","Helmut GEUKING (DEU-EPP)",1
"Maria SPYRAKI (GRC-EPP)","Bartosz ARŁUKOWICZ (POL-EPP)",1
"Maria SPYRAKI (GRC-EPP)","Stéphane SÉJOURNÉ (FRA-RENEW)",1
"Maria SPYRAKI (GRC-EPP)","Agnès EVREN (FRA-EPP)",1
"Maria SPYRAKI (GRC-EPP)","Radosław SIKORSKI (POL-EPP)",1
"Maria SPYRAKI (GRC-EPP)","Véronique TRILLET-LENOIR (FRA-RENEW)",1
"Maria SPYRAKI (GRC-EPP)","Carmen AVRAM (ROU-SD)",1
"Maria SPYRAKI (GRC-EPP)","Simone SCHMIEDTBAUER (AUT-EPP)",1
"Maria SPYRAKI (GRC-EPP)","Stelios KYMPOUROPOULOS (GRC-EPP)",1
"Maria SPYRAKI (GRC-EPP)","Adriana MALDONADO LÓPEZ (ESP-SD)",1
"Maria SPYRAKI (GRC-EPP)","Álvaro AMARO (PRT-EPP)",1
"Elissavet VOZEMBERG-VRIONIDI (GRC-EPP)","Stelios KYMPOUROPOULOS (GRC-EPP)",1
"Theodoros ZAGORAKIS (GRC-EPP)","Loucas FOURLAS (CYP-EPP)",1
"Theodoros ZAGORAKIS (GRC-EPP)","Konstantinos ARVANITIS (GRC-GUE_NGL)",1
"Theodoros ZAGORAKIS (GRC-EPP)","Massimiliano SMERIGLIO (ITA-SD)",1
"Romana TOMC (SVN-EPP)","Massimiliano SALINI (ITA-EPP)",1
"Romana TOMC (SVN-EPP)","Tomasz FRANKOWSKI (POL-EPP)",1
"Romana TOMC (SVN-EPP)","François-Xavier BELLAMY (FRA-EPP)",1
"Romana TOMC (SVN-EPP)","Traian BĂSESCU (ROU-EPP)",1
"Romana TOMC (SVN-EPP)","Liudas MAŽYLIS (LTU-EPP)",1
"Romana TOMC (SVN-EPP)","Miriam LEXMANN (SVK-EPP)",1
"Romana TOMC (SVN-EPP)","Riho TERRAS (EST-EPP)",1
"Johan VAN OVERTVELDT (BEL-ECR)","Jörgen WARBORN (SWE-EPP)",1
"Johan VAN OVERTVELDT (BEL-ECR)","Geert BOURGEOIS (BEL-ECR)",1
"Johan VAN OVERTVELDT (BEL-ECR)","Assita KANKO (BEL-ECR)",1
"Johan VAN OVERTVELDT (BEL-ECR)","Izabela-Helena KLOC (POL-ECR)",1
"Johan VAN OVERTVELDT (BEL-ECR)","Joanna KOPCIŃSKA (POL-ECR)",1
"Johan VAN OVERTVELDT (BEL-ECR)","Elżbieta KRUK (POL-ECR)",1
"Johan VAN OVERTVELDT (BEL-ECR)","Alexandr VONDRA (CZE-ECR)",1
"Johan VAN OVERTVELDT (BEL-ECR)","Beata MAZUREK (POL-ECR)",1
"Johan VAN OVERTVELDT (BEL-ECR)","Andżelika Anna MOŻDŻANOWSKA (POL-ECR)",1
"Johan VAN OVERTVELDT (BEL-ECR)","Elżbieta RAFALSKA (POL-ECR)",1
"Johan VAN OVERTVELDT (BEL-ECR)","Bogdan RZOŃCA (POL-ECR)",1
"Johan VAN OVERTVELDT (BEL-ECR)","Veronika VRECIONOVÁ (CZE-ECR)",1
"Johan VAN OVERTVELDT (BEL-ECR)","Grzegorz TOBISZOWSKI (POL-ECR)",1
"Johan VAN OVERTVELDT (BEL-ECR)","Witold Jan WASZCZYKOWSKI (POL-ECR)",1
"Johan VAN OVERTVELDT (BEL-ECR)","Anna ZALEWSKA (POL-ECR)",1
"Johan VAN OVERTVELDT (BEL-ECR)","Bert-Jan RUISSEN (NLD-ECR)",1
"Johan VAN OVERTVELDT (BEL-ECR)","Jorge BUXADÉ VILLALBA (ESP-ECR)",1
"Johan VAN OVERTVELDT (BEL-ECR)","Hermann TERTSCH (ESP-ECR)",1
"Johan VAN OVERTVELDT (BEL-ECR)","Mazaly AGUILAR (ESP-ECR)",1
"Johan VAN OVERTVELDT (BEL-ECR)","Dominik TARCZYŃSKI (POL-ECR)",1
"Johan VAN OVERTVELDT (BEL-ECR)","Margarita DE LA PISA CARRIÓN (ESP-ECR)",1
"Iskra MIHAYLOVA (BGR-RENEW)","Andrzej HALICKI (POL-EPP)",1
"Iskra MIHAYLOVA (BGR-RENEW)","Maria WALSH (IRL-EPP)",1
"Bronis ROPĖ (LTU-GREEN_EFA)","Thomas WAITZ (AUT-GREEN_EFA)",1
"Bronis ROPĖ (LTU-GREEN_EFA)","Tilly METZ (LUX-GREEN_EFA)",1
"Bronis ROPĖ (LTU-GREEN_EFA)","Saskia BRICMONT (BEL-GREEN_EFA)",1
"Bronis ROPĖ (LTU-GREEN_EFA)","Mounir SATOURI (FRA-GREEN_EFA)",1
"Bronis ROPĖ (LTU-GREEN_EFA)","Caroline ROOSE (FRA-GREEN_EFA)",1
"Bronis ROPĖ (LTU-GREEN_EFA)","Gwendoline DELBOS-CORFIELD (FRA-GREEN_EFA)",1
"Bronis ROPĖ (LTU-GREEN_EFA)","Grace O'SULLIVAN (IRL-GREEN_EFA)",1
"Massimiliano SALINI (ITA-EPP)","Asim ADEMOV (BGR-EPP)",1
"Massimiliano SALINI (ITA-EPP)","François-Xavier BELLAMY (FRA-EPP)",1
"Massimiliano SALINI (ITA-EPP)","Javier ZARZALEJOS (ESP-EPP)",1
"Massimiliano SALINI (ITA-EPP)","Juan Ignacio ZOIDO ÁLVAREZ (ESP-EPP)",1
"Massimiliano SALINI (ITA-EPP)","Vasile BLAGA (ROU-EPP)",1
"Massimiliano SALINI (ITA-EPP)","Angelika WINZIG (AUT-EPP)",1
"Massimiliano SALINI (ITA-EPP)","Eugen TOMAC (ROU-EPP)",1
"Massimiliano SALINI (ITA-EPP)","Isabel BENJUMEA BENJUMEA (ESP-EPP)",1
"Massimiliano SALINI (ITA-EPP)","Nicola PROCACCINI (ITA-ECR)",1
"Massimiliano SALINI (ITA-EPP)","Alexander ALEXANDROV YORDANOV (BGR-EPP)",1
"Massimiliano SALINI (ITA-EPP)","Liudas MAŽYLIS (LTU-EPP)",1
"Massimiliano SALINI (ITA-EPP)","Salvatore DE MEO (ITA-EPP)",1
"Massimiliano SALINI (ITA-EPP)","Miriam LEXMANN (SVK-EPP)",1
"Markus BUCHHEIT (DEU-ID)","Jordan BARDELLA (FRA-ID)",1
"Markus BUCHHEIT (DEU-ID)","Gunnar BECK (DEU-ID)",1
"Markus BUCHHEIT (DEU-ID)","Annika BRUNA (FRA-ID)",1
"Markus BUCHHEIT (DEU-ID)","Tom VANDENDRIESSCHE (BEL-ID)",1
"Markus BUCHHEIT (DEU-ID)","Jörg MEUTHEN (DEU-ID)",1
"Markus BUCHHEIT (DEU-ID)","Filip DE MAN (BEL-ID)",1
"Markus BUCHHEIT (DEU-ID)","Christine ANDERSON (DEU-ID)",1
"Markus BUCHHEIT (DEU-ID)","Lars Patrick BERG (DEU-ECR)",1
"Markus BUCHHEIT (DEU-ID)","Nicolaus FEST (DEU-ID)",1
"Markus BUCHHEIT (DEU-ID)","Maximilian KRAH (DEU-ID)",1
"Markus BUCHHEIT (DEU-ID)","Joachim KUHS (DEU-ID)",1
"Markus BUCHHEIT (DEU-ID)","Sylvia LIMMER (DEU-ID)",1
"Markus BUCHHEIT (DEU-ID)","Guido REIL (DEU-ID)",1
"Markus BUCHHEIT (DEU-ID)","Bernhard ZIMNIOK (DEU-ID)",1
"Markus BUCHHEIT (DEU-ID)","Jaak MADISON (EST-ID)",1
"Markus BUCHHEIT (DEU-ID)","Ivan DAVID (CZE-ID)",1
"Markus BUCHHEIT (DEU-ID)","Hynek BLAŠKO (CZE-ID)",1
"Markus BUCHHEIT (DEU-ID)","Teuvo HAKKARAINEN (FIN-ID)",1
"Markus BUCHHEIT (DEU-ID)","Thierry MARIANI (FRA-ID)",1
"Markus BUCHHEIT (DEU-ID)","Hervé JUVIN (FRA-ID)",1
"Markus BUCHHEIT (DEU-ID)","Virginie JORON (FRA-ID)",1
"Markus BUCHHEIT (DEU-ID)","Jean-Paul GARRAUD (FRA-ID)",1
"Markus BUCHHEIT (DEU-ID)","Aurélia BEIGNEUX (FRA-ID)",1
"Markus BUCHHEIT (DEU-ID)","André ROUGÉ (FRA-ID)",1
"Markus BUCHHEIT (DEU-ID)","Mathilde ANDROUËT (FRA-ID)",1
"Markus BUCHHEIT (DEU-ID)","Robert ROOS (NLD-ECR)",1
"Markus BUCHHEIT (DEU-ID)","Bert-Jan RUISSEN (NLD-ECR)",1
"Markus BUCHHEIT (DEU-ID)","Rob ROOKEN (NLD-ECR)",1
"Markus BUCHHEIT (DEU-ID)","Mazaly AGUILAR (ESP-ECR)",1
"Markus BUCHHEIT (DEU-ID)","Roman HAIDER (AUT-ID)",1
"Markus BUCHHEIT (DEU-ID)","Jean-Lin LACAPELLE (FRA-ID)",1
"Markus BUCHHEIT (DEU-ID)","Michiel HOOGEVEEN (NLD-ECR)",1
"Markus BUCHHEIT (DEU-ID)","Ladislav ILČIĆ (HRV-ECR)",1
"Tom VANDENKENDELAERE (BEL-EPP)","Colm MARKEY (IRL-EPP)",1
"Tom VANDENKENDELAERE (BEL-EPP)","Alin MITUȚA (ROU-RENEW)",1
"Tom VANDENKENDELAERE (BEL-EPP)","Thijs REUTEN (NLD-SD)",1
"Tom VANDENKENDELAERE (BEL-EPP)","Karolin BRAUNSBERGER-REINHOLD (DEU-EPP)",1
"Tom VANDENKENDELAERE (BEL-EPP)","René REPASI (DEU-SD)",1
"Tom VANDENKENDELAERE (BEL-EPP)","Camilla LAURETI (ITA-SD)",1
"Stelios KOULOGLOU (GRC-GUE_NGL)","Pierfrancesco MAJORINO (ITA-SD)",1
"Stelios KOULOGLOU (GRC-GUE_NGL)","Sira REGO (ESP-GUE_NGL)",1
"Stelios KOULOGLOU (GRC-GUE_NGL)","Konstantinos ARVANITIS (GRC-GUE_NGL)",1
"Stelios KOULOGLOU (GRC-GUE_NGL)","Petros KOKKALIS (GRC-GUE_NGL)",1
"Miguel URBÁN CRESPO (ESP-GUE_NGL)","Marc BOTENGA (BEL-GUE_NGL)",1
"Miguel URBÁN CRESPO (ESP-GUE_NGL)","Martin SCHIRDEWAN (DEU-GUE_NGL)",1
"Miguel URBÁN CRESPO (ESP-GUE_NGL)","Clare DALY (IRL-GUE_NGL)",1
"Miguel URBÁN CRESPO (ESP-GUE_NGL)","Eugenia RODRÍGUEZ PALOP (ESP-GUE_NGL)",1
"Miguel URBÁN CRESPO (ESP-GUE_NGL)","Mick WALLACE (IRL-GUE_NGL)",1
"Miguel URBÁN CRESPO (ESP-GUE_NGL)","Idoia VILLANUEVA RUIZ (ESP-GUE_NGL)",1
"Jordan BARDELLA (FRA-ID)","Annika BRUNA (FRA-ID)",1
"Jordan BARDELLA (FRA-ID)","Angelo CIOCCA (ITA-ID)",1
"Jordan BARDELLA (FRA-ID)","Tom VANDENDRIESSCHE (BEL-ID)",1
"Jordan BARDELLA (FRA-ID)","France JAMET (FRA-ID)",1
"Jordan BARDELLA (FRA-ID)","Filip DE MAN (BEL-ID)",1
"Jordan BARDELLA (FRA-ID)","Christine ANDERSON (DEU-ID)",1
"Jordan BARDELLA (FRA-ID)","Lars Patrick BERG (DEU-ECR)",1
"Jordan BARDELLA (FRA-ID)","Nicolaus FEST (DEU-ID)",1
"Jordan BARDELLA (FRA-ID)","Joachim KUHS (DEU-ID)",1
"Jordan BARDELLA (FRA-ID)","Sylvia LIMMER (DEU-ID)",1
"Jordan BARDELLA (FRA-ID)","Guido REIL (DEU-ID)",1
"Jordan BARDELLA (FRA-ID)","Bernhard ZIMNIOK (DEU-ID)",1
"Jordan BARDELLA (FRA-ID)","Jaak MADISON (EST-ID)",1
"Jordan BARDELLA (FRA-ID)","Patryk JAKI (POL-ECR)",1
"Jordan BARDELLA (FRA-ID)","Beata KEMPA (POL-ECR)",1
"Jordan BARDELLA (FRA-ID)","Elżbieta KRUK (POL-ECR)",1
"Jordan BARDELLA (FRA-ID)","Beata MAZUREK (POL-ECR)",1
"Jordan BARDELLA (FRA-ID)","Silvia SARDONE (ITA-ID)",1
"Jordan BARDELLA (FRA-ID)","Isabella TOVAGLIERI (ITA-ID)",1
"Jordan BARDELLA (FRA-ID)","Gianna GANCIA (ITA-ID)",1
"Jordan BARDELLA (FRA-ID)","Gianantonio DA RE (ITA-ID)",1
"Jordan BARDELLA (FRA-ID)","Alessandra BASSO (ITA-ID)",1
"Jordan BARDELLA (FRA-ID)","Elena LIZZI (ITA-ID)",1
"Jordan BARDELLA (FRA-ID)","Jérôme RIVIÈRE (FRA-ID)",1
"Jordan BARDELLA (FRA-ID)","Rosanna CONTE (ITA-ID)",1
"Jordan BARDELLA (FRA-ID)","Thierry MARIANI (FRA-ID)",1
"Jordan BARDELLA (FRA-ID)","Hervé JUVIN (FRA-ID)",1
"Jordan BARDELLA (FRA-ID)","Virginie JORON (FRA-ID)",1
"Jordan BARDELLA (FRA-ID)","Jean-Paul GARRAUD (FRA-ID)",1
"Jordan BARDELLA (FRA-ID)","Maxette PIRBAKAS (FRA-ID)",1
"Jordan BARDELLA (FRA-ID)","Aurélia BEIGNEUX (FRA-ID)",1
"Jordan BARDELLA (FRA-ID)","Philippe OLIVIER (FRA-ID)",1
"Jordan BARDELLA (FRA-ID)","André ROUGÉ (FRA-ID)",1
"Jordan BARDELLA (FRA-ID)","Mathilde ANDROUËT (FRA-ID)",1
"Jordan BARDELLA (FRA-ID)","Robert ROOS (NLD-ECR)",1
"Jordan BARDELLA (FRA-ID)","Bert-Jan RUISSEN (NLD-ECR)",1
"Jordan BARDELLA (FRA-ID)","Susanna CECCARDI (ITA-ID)",1
"Jordan BARDELLA (FRA-ID)","Antonio Maria RINALDI (ITA-ID)",1
"Jordan BARDELLA (FRA-ID)","Anna BONFRISCO (ITA-ID)",1
"Jordan BARDELLA (FRA-ID)","Annalisa TARDINO (ITA-ID)",1
"Jordan BARDELLA (FRA-ID)","Nicola PROCACCINI (ITA-ECR)",1
"Jordan BARDELLA (FRA-ID)","Matteo ADINOLFI (ITA-ID)",1
"Jordan BARDELLA (FRA-ID)","Jorge BUXADÉ VILLALBA (ESP-ECR)",1
"Jordan BARDELLA (FRA-ID)","Hermann TERTSCH (ESP-ECR)",1
"Jordan BARDELLA (FRA-ID)","Andrey SLABAKOV (BGR-ECR)",1
"Jordan BARDELLA (FRA-ID)","Mazaly AGUILAR (ESP-ECR)",1
"Jordan BARDELLA (FRA-ID)","Roman HAIDER (AUT-ID)",1
"Jordan BARDELLA (FRA-ID)","Emmanouil FRAGKOS (GRC-ECR)",1
"Jordan BARDELLA (FRA-ID)","Vincenzo SOFO (ITA-ECR)",1
"Jordan BARDELLA (FRA-ID)","Margarita DE LA PISA CARRIÓN (ESP-ECR)",1
"Jordan BARDELLA (FRA-ID)","Jean-Lin LACAPELLE (FRA-ID)",1
"Gunnar BECK (DEU-ID)","Annika BRUNA (FRA-ID)",1
"Gunnar BECK (DEU-ID)","Tom VANDENDRIESSCHE (BEL-ID)",1
"Gunnar BECK (DEU-ID)","France JAMET (FRA-ID)",1
"Gunnar BECK (DEU-ID)","Jörg MEUTHEN (DEU-ID)",1
"Gunnar BECK (DEU-ID)","Filip DE MAN (BEL-ID)",1
"Gunnar BECK (DEU-ID)","Christine ANDERSON (DEU-ID)",1
"Gunnar BECK (DEU-ID)","Lars Patrick BERG (DEU-ECR)",1
"Gunnar BECK (DEU-ID)","Nicolaus FEST (DEU-ID)",1
"Gunnar BECK (DEU-ID)","Maximilian KRAH (DEU-ID)",1
"Gunnar BECK (DEU-ID)","Joachim KUHS (DEU-ID)",1
"Gunnar BECK (DEU-ID)","Sylvia LIMMER (DEU-ID)",1
"Gunnar BECK (DEU-ID)","Guido REIL (DEU-ID)",1
"Gunnar BECK (DEU-ID)","Bernhard ZIMNIOK (DEU-ID)",1
"Gunnar BECK (DEU-ID)","Jaak MADISON (EST-ID)",1
"Gunnar BECK (DEU-ID)","Hynek BLAŠKO (CZE-ID)",1
"Gunnar BECK (DEU-ID)","Laura HUHTASAARI (FIN-ID)",1
"Gunnar BECK (DEU-ID)","Teuvo HAKKARAINEN (FIN-ID)",1
"Gunnar BECK (DEU-ID)","Thierry MARIANI (FRA-ID)",1
"Gunnar BECK (DEU-ID)","Hervé JUVIN (FRA-ID)",1
"Gunnar BECK (DEU-ID)","Virginie JORON (FRA-ID)",1
"Gunnar BECK (DEU-ID)","Jean-Paul GARRAUD (FRA-ID)",1
"Gunnar BECK (DEU-ID)","Aurélia BEIGNEUX (FRA-ID)",1
"Gunnar BECK (DEU-ID)","André ROUGÉ (FRA-ID)",1
"Gunnar BECK (DEU-ID)","Mathilde ANDROUËT (FRA-ID)",1
"Gunnar BECK (DEU-ID)","Robert ROOS (NLD-ECR)",1
"Gunnar BECK (DEU-ID)","Rob ROOKEN (NLD-ECR)",1
"Gunnar BECK (DEU-ID)","Roman HAIDER (AUT-ID)",1
"Gunnar BECK (DEU-ID)","Jean-Lin LACAPELLE (FRA-ID)",1
"Gunnar BECK (DEU-ID)","Michiel HOOGEVEEN (NLD-ECR)",1
"Gunnar BECK (DEU-ID)","Ladislav ILČIĆ (HRV-ECR)",1
"Ramona STRUGARIU (ROU-RENEW)","Stéphane SÉJOURNÉ (FRA-RENEW)",1
"Ramona STRUGARIU (ROU-RENEW)","Samira RAFAELA (NLD-RENEW)",1
"João PIMENTA LOPES (PRT-GUE_NGL)","Sandra PEREIRA (PRT-GUE_NGL)",1
"João PIMENTA LOPES (PRT-GUE_NGL)","Karolin BRAUNSBERGER-REINHOLD (DEU-EPP)",1
"João PIMENTA LOPES (PRT-GUE_NGL)","Ilan DE BASSO (SWE-SD)",1
"João PIMENTA LOPES (PRT-GUE_NGL)","René REPASI (DEU-SD)",1
"João PIMENTA LOPES (PRT-GUE_NGL)","Camilla LAURETI (ITA-SD)",1
"Annika BRUNA (FRA-ID)","Angelo CIOCCA (ITA-ID)",1
"Annika BRUNA (FRA-ID)","Tom VANDENDRIESSCHE (BEL-ID)",1
"Annika BRUNA (FRA-ID)","France JAMET (FRA-ID)",1
"Annika BRUNA (FRA-ID)","Filip DE MAN (BEL-ID)",1
"Annika BRUNA (FRA-ID)","Christine ANDERSON (DEU-ID)",1
"Annika BRUNA (FRA-ID)","Lars Patrick BERG (DEU-ECR)",1
"Annika BRUNA (FRA-ID)","Nicolaus FEST (DEU-ID)",1
"Annika BRUNA (FRA-ID)","Maximilian KRAH (DEU-ID)",1
"Annika BRUNA (FRA-ID)","Joachim KUHS (DEU-ID)",1
"Annika BRUNA (FRA-ID)","Sylvia LIMMER (DEU-ID)",1
"Annika BRUNA (FRA-ID)","Guido REIL (DEU-ID)",1
"Annika BRUNA (FRA-ID)","Bernhard ZIMNIOK (DEU-ID)",1
"Annika BRUNA (FRA-ID)","Jaak MADISON (EST-ID)",1
"Annika BRUNA (FRA-ID)","Patryk JAKI (POL-ECR)",1
"Annika BRUNA (FRA-ID)","Beata KEMPA (POL-ECR)",1
"Annika BRUNA (FRA-ID)","Elżbieta KRUK (POL-ECR)",1
"Annika BRUNA (FRA-ID)","Hynek BLAŠKO (CZE-ID)",1
"Annika BRUNA (FRA-ID)","Silvia SARDONE (ITA-ID)",1
"Annika BRUNA (FRA-ID)","Isabella TOVAGLIERI (ITA-ID)",1
"Annika BRUNA (FRA-ID)","Gianna GANCIA (ITA-ID)",1
"Annika BRUNA (FRA-ID)","Stefania ZAMBELLI (ITA-ID)",1
"Annika BRUNA (FRA-ID)","Gianantonio DA RE (ITA-ID)",1
"Annika BRUNA (FRA-ID)","Alessandra BASSO (ITA-ID)",1
"Annika BRUNA (FRA-ID)","Elena LIZZI (ITA-ID)",1
"Annika BRUNA (FRA-ID)","Jérôme RIVIÈRE (FRA-ID)",1
"Annika BRUNA (FRA-ID)","Rosanna CONTE (ITA-ID)",1
"Annika BRUNA (FRA-ID)","Thierry MARIANI (FRA-ID)",1
"Annika BRUNA (FRA-ID)","Hervé JUVIN (FRA-ID)",1
"Annika BRUNA (FRA-ID)","Virginie JORON (FRA-ID)",1
"Annika BRUNA (FRA-ID)","Jean-Paul GARRAUD (FRA-ID)",1
"Annika BRUNA (FRA-ID)","Maxette PIRBAKAS (FRA-ID)",1
"Annika BRUNA (FRA-ID)","Aurélia BEIGNEUX (FRA-ID)",1
"Annika BRUNA (FRA-ID)","Philippe OLIVIER (FRA-ID)",1
"Annika BRUNA (FRA-ID)","André ROUGÉ (FRA-ID)",1
"Annika BRUNA (FRA-ID)","Mathilde ANDROUËT (FRA-ID)",1
"Annika BRUNA (FRA-ID)","Robert ROOS (NLD-ECR)",1
"Annika BRUNA (FRA-ID)","Bert-Jan RUISSEN (NLD-ECR)",1
"Annika BRUNA (FRA-ID)","Rob ROOKEN (NLD-ECR)",1
"Annika BRUNA (FRA-ID)","Susanna CECCARDI (ITA-ID)",1
"Annika BRUNA (FRA-ID)","Antonio Maria RINALDI (ITA-ID)",1
"Annika BRUNA (FRA-ID)","Annalisa TARDINO (ITA-ID)",1
"Annika BRUNA (FRA-ID)","Nicola PROCACCINI (ITA-ECR)",1
"Annika BRUNA (FRA-ID)","Matteo ADINOLFI (ITA-ID)",1
"Annika BRUNA (FRA-ID)","Jorge BUXADÉ VILLALBA (ESP-ECR)",1
"Annika BRUNA (FRA-ID)","Hermann TERTSCH (ESP-ECR)",1
"Annika BRUNA (FRA-ID)","Mazaly AGUILAR (ESP-ECR)",1
"Annika BRUNA (FRA-ID)","Roman HAIDER (AUT-ID)",1
"Annika BRUNA (FRA-ID)","Vincenzo SOFO (ITA-ECR)",1
"Annika BRUNA (FRA-ID)","Margarita DE LA PISA CARRIÓN (ESP-ECR)",1
"Annika BRUNA (FRA-ID)","Jean-Lin LACAPELLE (FRA-ID)",1
"Jakop G. DALUNDE (SWE-GREEN_EFA)","Thomas WAITZ (AUT-GREEN_EFA)",1
"Jakop G. DALUNDE (SWE-GREEN_EFA)","Henrike HAHN (DEU-GREEN_EFA)",1
"Jakop G. DALUNDE (SWE-GREEN_EFA)","Kira Marie PETER-HANSEN (DNK-GREEN_EFA)",1
"Jakop G. DALUNDE (SWE-GREEN_EFA)","Sarah WIENER (AUT-GREEN_EFA)",1
"Jakop G. DALUNDE (SWE-GREEN_EFA)","Elena KOUNTOURA (GRC-GUE_NGL)",1
"Jakop G. DALUNDE (SWE-GREEN_EFA)","Silvia MODIG (FIN-GUE_NGL)",1
"Jakop G. DALUNDE (SWE-GREEN_EFA)","Claude GRUFFAT (FRA-GREEN_EFA)",1
"Angelo CIOCCA (ITA-ID)","France JAMET (FRA-ID)",1
"Angelo CIOCCA (ITA-ID)","Danilo Oscar LANCINI (ITA-ID)",1
"Angelo CIOCCA (ITA-ID)","Jaak MADISON (EST-ID)",1
"Angelo CIOCCA (ITA-ID)","Patryk JAKI (POL-ECR)",1
"Angelo CIOCCA (ITA-ID)","Beata KEMPA (POL-ECR)",1
"Angelo CIOCCA (ITA-ID)","Elżbieta KRUK (POL-ECR)",1
"Angelo CIOCCA (ITA-ID)","Beata MAZUREK (POL-ECR)",1
"Angelo CIOCCA (ITA-ID)","Elżbieta RAFALSKA (POL-ECR)",1
"Angelo CIOCCA (ITA-ID)","Bogdan RZOŃCA (POL-ECR)",1
"Angelo CIOCCA (ITA-ID)","Beata SZYDŁO (POL-ECR)",1
"Angelo CIOCCA (ITA-ID)","Grzegorz TOBISZOWSKI (POL-ECR)",1
"Angelo CIOCCA (ITA-ID)","Anna ZALEWSKA (POL-ECR)",1
"Angelo CIOCCA (ITA-ID)","Silvia SARDONE (ITA-ID)",1
"Angelo CIOCCA (ITA-ID)","Isabella TOVAGLIERI (ITA-ID)",1
"Angelo CIOCCA (ITA-ID)","Gianna GANCIA (ITA-ID)",1
"Angelo CIOCCA (ITA-ID)","Stefania ZAMBELLI (ITA-ID)",1
"Angelo CIOCCA (ITA-ID)","Pietro FIOCCHI (ITA-ECR)",1
"Angelo CIOCCA (ITA-ID)","Gianantonio DA RE (ITA-ID)",1
"Angelo CIOCCA (ITA-ID)","Alessandra BASSO (ITA-ID)",1
"Angelo CIOCCA (ITA-ID)","Elena LIZZI (ITA-ID)",1
"Angelo CIOCCA (ITA-ID)","Rosanna CONTE (ITA-ID)",1
"Angelo CIOCCA (ITA-ID)","Thierry MARIANI (FRA-ID)",1
"Angelo CIOCCA (ITA-ID)","Hervé JUVIN (FRA-ID)",1
"Angelo CIOCCA (ITA-ID)","Virginie JORON (FRA-ID)",1
"Angelo CIOCCA (ITA-ID)","Jean-Paul GARRAUD (FRA-ID)",1
"Angelo CIOCCA (ITA-ID)","Aurélia BEIGNEUX (FRA-ID)",1
"Angelo CIOCCA (ITA-ID)","Philippe OLIVIER (FRA-ID)",1
"Angelo CIOCCA (ITA-ID)","André ROUGÉ (FRA-ID)",1
"Angelo CIOCCA (ITA-ID)","Mathilde ANDROUËT (FRA-ID)",1
"Angelo CIOCCA (ITA-ID)","Susanna CECCARDI (ITA-ID)",1
"Angelo CIOCCA (ITA-ID)","Antonio Maria RINALDI (ITA-ID)",1
"Angelo CIOCCA (ITA-ID)","Anna BONFRISCO (ITA-ID)",1
"Angelo CIOCCA (ITA-ID)","Simona BALDASSARRE (ITA-ID)",1
"Angelo CIOCCA (ITA-ID)","Massimo CASANOVA (ITA-ID)",1
"Angelo CIOCCA (ITA-ID)","Lucia VUOLO (ITA-EPP)",1
"Angelo CIOCCA (ITA-ID)","Valentino GRANT (ITA-ID)",1
"Angelo CIOCCA (ITA-ID)","Annalisa TARDINO (ITA-ID)",1
"Angelo CIOCCA (ITA-ID)","Nicola PROCACCINI (ITA-ECR)",1
"Angelo CIOCCA (ITA-ID)","Matteo ADINOLFI (ITA-ID)",1
"Angelo CIOCCA (ITA-ID)","Jorge BUXADÉ VILLALBA (ESP-ECR)",1
"Angelo CIOCCA (ITA-ID)","Hermann TERTSCH (ESP-ECR)",1
"Angelo CIOCCA (ITA-ID)","Mazaly AGUILAR (ESP-ECR)",1
"Angelo CIOCCA (ITA-ID)","Vincenzo SOFO (ITA-ECR)",1
"Angelo CIOCCA (ITA-ID)","Margarita DE LA PISA CARRIÓN (ESP-ECR)",1
"Angelo CIOCCA (ITA-ID)","Jean-Lin LACAPELLE (FRA-ID)",1
"Alexandra GEESE (DEU-GREEN_EFA)","Thomas WAITZ (AUT-GREEN_EFA)",1
"Alexandra GEESE (DEU-GREEN_EFA)","Rasmus ANDRESEN (DEU-GREEN_EFA)",1
"Alexandra GEESE (DEU-GREEN_EFA)","Erik MARQUARDT (DEU-GREEN_EFA)",1
"Alexandra GEESE (DEU-GREEN_EFA)","Mounir SATOURI (FRA-GREEN_EFA)",1
"Alexandra GEESE (DEU-GREEN_EFA)","Caroline ROOSE (FRA-GREEN_EFA)",1
"Alexandra GEESE (DEU-GREEN_EFA)","Francisco GUERREIRO (PRT-GREEN_EFA)",1
"Željana ZOVKO (HRV-EPP)","Karlo RESSLER (HRV-EPP)",1
"Željana ZOVKO (HRV-EPP)","Tomislav SOKOL (HRV-EPP)",1
"Željana ZOVKO (HRV-EPP)","Liudas MAŽYLIS (LTU-EPP)",1
"Željana ZOVKO (HRV-EPP)","Sunčana GLAVAK (HRV-EPP)",1
"Željana ZOVKO (HRV-EPP)","Riho TERRAS (EST-EPP)",1
"Tom VANDENDRIESSCHE (BEL-ID)","France JAMET (FRA-ID)",1
"Tom VANDENDRIESSCHE (BEL-ID)","Jörg MEUTHEN (DEU-ID)",1
"Tom VANDENDRIESSCHE (BEL-ID)","Danilo Oscar LANCINI (ITA-ID)",1
"Tom VANDENDRIESSCHE (BEL-ID)","Filip DE MAN (BEL-ID)",1
"Tom VANDENDRIESSCHE (BEL-ID)","Christine ANDERSON (DEU-ID)",1
"Tom VANDENDRIESSCHE (BEL-ID)","Lars Patrick BERG (DEU-ECR)",1
"Tom VANDENDRIESSCHE (BEL-ID)","Nicolaus FEST (DEU-ID)",1
"Tom VANDENDRIESSCHE (BEL-ID)","Maximilian KRAH (DEU-ID)",1
"Tom VANDENDRIESSCHE (BEL-ID)","Joachim KUHS (DEU-ID)",1
"Tom VANDENDRIESSCHE (BEL-ID)","Sylvia LIMMER (DEU-ID)",1
"Tom VANDENDRIESSCHE (BEL-ID)","Guido REIL (DEU-ID)",1
"Tom VANDENDRIESSCHE (BEL-ID)","Bernhard ZIMNIOK (DEU-ID)",1
"Tom VANDENDRIESSCHE (BEL-ID)","Jaak MADISON (EST-ID)",1
"Tom VANDENDRIESSCHE (BEL-ID)","Patryk JAKI (POL-ECR)",1
"Tom VANDENDRIESSCHE (BEL-ID)","Beata KEMPA (POL-ECR)",1
"Tom VANDENDRIESSCHE (BEL-ID)","Elżbieta KRUK (POL-ECR)",1
"Tom VANDENDRIESSCHE (BEL-ID)","Ivan DAVID (CZE-ID)",1
"Tom VANDENDRIESSCHE (BEL-ID)","Hynek BLAŠKO (CZE-ID)",1
"Tom VANDENDRIESSCHE (BEL-ID)","Silvia SARDONE (ITA-ID)",1
"Tom VANDENDRIESSCHE (BEL-ID)","Gianna GANCIA (ITA-ID)",1
"Tom VANDENDRIESSCHE (BEL-ID)","Laura HUHTASAARI (FIN-ID)",1
"Tom VANDENDRIESSCHE (BEL-ID)","Teuvo HAKKARAINEN (FIN-ID)",1
"Tom VANDENDRIESSCHE (BEL-ID)","Pietro FIOCCHI (ITA-ECR)",1
"Tom VANDENDRIESSCHE (BEL-ID)","Gianantonio DA RE (ITA-ID)",1
"Tom VANDENDRIESSCHE (BEL-ID)","Alessandra BASSO (ITA-ID)",1
"Tom VANDENDRIESSCHE (BEL-ID)","Elena LIZZI (ITA-ID)",1
"Tom VANDENDRIESSCHE (BEL-ID)","Jérôme RIVIÈRE (FRA-ID)",1
"Tom VANDENDRIESSCHE (BEL-ID)","Rosanna CONTE (ITA-ID)",1
"Tom VANDENDRIESSCHE (BEL-ID)","Thierry MARIANI (FRA-ID)",1
"Tom VANDENDRIESSCHE (BEL-ID)","Hervé JUVIN (FRA-ID)",1
"Tom VANDENDRIESSCHE (BEL-ID)","Virginie JORON (FRA-ID)",1
"Tom VANDENDRIESSCHE (BEL-ID)","Jean-Paul GARRAUD (FRA-ID)",1
"Tom VANDENDRIESSCHE (BEL-ID)","Aurélia BEIGNEUX (FRA-ID)",1
"Tom VANDENDRIESSCHE (BEL-ID)","Philippe OLIVIER (FRA-ID)",1
"Tom VANDENDRIESSCHE (BEL-ID)","André ROUGÉ (FRA-ID)",1
"Tom VANDENDRIESSCHE (BEL-ID)","Mathilde ANDROUËT (FRA-ID)",1
"Tom VANDENDRIESSCHE (BEL-ID)","Robert ROOS (NLD-ECR)",1
"Tom VANDENDRIESSCHE (BEL-ID)","Bert-Jan RUISSEN (NLD-ECR)",1
"Tom VANDENDRIESSCHE (BEL-ID)","Rob ROOKEN (NLD-ECR)",1
"Tom VANDENDRIESSCHE (BEL-ID)","Susanna CECCARDI (ITA-ID)",1
"Tom VANDENDRIESSCHE (BEL-ID)","Antonio Maria RINALDI (ITA-ID)",1
"Tom VANDENDRIESSCHE (BEL-ID)","Matteo ADINOLFI (ITA-ID)",1
"Tom VANDENDRIESSCHE (BEL-ID)","Jorge BUXADÉ VILLALBA (ESP-ECR)",1
"Tom VANDENDRIESSCHE (BEL-ID)","Hermann TERTSCH (ESP-ECR)",1
"Tom VANDENDRIESSCHE (BEL-ID)","Mazaly AGUILAR (ESP-ECR)",1
"Tom VANDENDRIESSCHE (BEL-ID)","Roman HAIDER (AUT-ID)",1
"Tom VANDENDRIESSCHE (BEL-ID)","Vincenzo SOFO (ITA-ECR)",1
"Tom VANDENDRIESSCHE (BEL-ID)","Margarita DE LA PISA CARRIÓN (ESP-ECR)",1
"Tom VANDENDRIESSCHE (BEL-ID)","Jean-Lin LACAPELLE (FRA-ID)",1
"Tom VANDENDRIESSCHE (BEL-ID)","Ladislav ILČIĆ (HRV-ECR)",1
"Jordi SOLÉ (ESP-GREEN_EFA)","Thomas WAITZ (AUT-GREEN_EFA)",1
"Jordi SOLÉ (ESP-GREEN_EFA)","Pierrette HERZBERGER-FOFANA (DEU-GREEN_EFA)",1
"Jordi SOLÉ (ESP-GREEN_EFA)","Mounir SATOURI (FRA-GREEN_EFA)",1
"Jordi SOLÉ (ESP-GREEN_EFA)","David CORMAND (FRA-GREEN_EFA)",1
"Jordi SOLÉ (ESP-GREEN_EFA)","Caroline ROOSE (FRA-GREEN_EFA)",1
"Jordi SOLÉ (ESP-GREEN_EFA)","Gwendoline DELBOS-CORFIELD (FRA-GREEN_EFA)",1
"Jordi SOLÉ (ESP-GREEN_EFA)","Grace O'SULLIVAN (IRL-GREEN_EFA)",1
"Jordi SOLÉ (ESP-GREEN_EFA)","Alviina ALAMETSÄ (FIN-GREEN_EFA)",1
"Jordi SOLÉ (ESP-GREEN_EFA)","Claude GRUFFAT (FRA-GREEN_EFA)",1
"Jordi SOLÉ (ESP-GREEN_EFA)","Manuela RIPA (DEU-GREEN_EFA)",1
"Jordi SOLÉ (ESP-GREEN_EFA)","Sara MATTHIEU (BEL-GREEN_EFA)",1
"Marc BOTENGA (BEL-GUE_NGL)","Giorgos GEORGIOU (CYP-GUE_NGL)",1
"Marc BOTENGA (BEL-GUE_NGL)","Özlem DEMIREL (DEU-GUE_NGL)",1
"Marc BOTENGA (BEL-GUE_NGL)","Anne-Sophie PELLETIER (FRA-GUE_NGL)",1
"Marc BOTENGA (BEL-GUE_NGL)","Leila CHAIBI (FRA-GUE_NGL)",1
"Marc BOTENGA (BEL-GUE_NGL)","Manon AUBRY (FRA-GUE_NGL)",1
"Marc BOTENGA (BEL-GUE_NGL)","Clare DALY (IRL-GUE_NGL)",1
"Marc BOTENGA (BEL-GUE_NGL)","Sandra PEREIRA (PRT-GUE_NGL)",1
"Marc BOTENGA (BEL-GUE_NGL)","Eugenia RODRÍGUEZ PALOP (ESP-GUE_NGL)",1
"Marc BOTENGA (BEL-GUE_NGL)","Mick WALLACE (IRL-GUE_NGL)",1
"Marc BOTENGA (BEL-GUE_NGL)","Idoia VILLANUEVA RUIZ (ESP-GUE_NGL)",1
"Marc BOTENGA (BEL-GUE_NGL)","Manu PINEDA (ESP-GUE_NGL)",1
"Dennis RADTKE (DEU-EPP)","Hildegard BENTELE (DEU-EPP)",1
"Dennis RADTKE (DEU-EPP)","Christine SCHNEIDER (DEU-EPP)",1
"Dennis RADTKE (DEU-EPP)","Ralf SEEKATZ (DEU-EPP)",1
"Dennis RADTKE (DEU-EPP)","Sven SIMON (DEU-EPP)",1
"Dennis RADTKE (DEU-EPP)","Marlene MORTLER (DEU-EPP)",1
"Dennis RADTKE (DEU-EPP)","Marion WALSMANN (DEU-EPP)",1
"Dennis RADTKE (DEU-EPP)","Christian DOLESCHAL (DEU-EPP)",1
"Dennis RADTKE (DEU-EPP)","Jarosław DUDA (POL-EPP)",1
"Dennis RADTKE (DEU-EPP)","Tomasz FRANKOWSKI (POL-EPP)",1
"Dennis RADTKE (DEU-EPP)","Aušra SEIBUTYTĖ (LTU-EPP)",1
"Dennis RADTKE (DEU-EPP)","Liudas MAŽYLIS (LTU-EPP)",1
"France JAMET (FRA-ID)","Filip DE MAN (BEL-ID)",1
"France JAMET (FRA-ID)","Christine ANDERSON (DEU-ID)",1
"France JAMET (FRA-ID)","Lars Patrick BERG (DEU-ECR)",1
"France JAMET (FRA-ID)","Nicolaus FEST (DEU-ID)",1
"France JAMET (FRA-ID)","Sylvia LIMMER (DEU-ID)",1
"France JAMET (FRA-ID)","Guido REIL (DEU-ID)",1
"France JAMET (FRA-ID)","Bernhard ZIMNIOK (DEU-ID)",1
"France JAMET (FRA-ID)","Jaak MADISON (EST-ID)",1
"France JAMET (FRA-ID)","Beata KEMPA (POL-ECR)",1
"France JAMET (FRA-ID)","Elżbieta KRUK (POL-ECR)",1
"France JAMET (FRA-ID)","Hynek BLAŠKO (CZE-ID)",1
"France JAMET (FRA-ID)","Silvia SARDONE (ITA-ID)",1
"France JAMET (FRA-ID)","Isabella TOVAGLIERI (ITA-ID)",1
"France JAMET (FRA-ID)","Gianna GANCIA (ITA-ID)",1
"France JAMET (FRA-ID)","Stefania ZAMBELLI (ITA-ID)",1
"France JAMET (FRA-ID)","Pietro FIOCCHI (ITA-ECR)",1
"France JAMET (FRA-ID)","Gianantonio DA RE (ITA-ID)",1
"France JAMET (FRA-ID)","Alessandra BASSO (ITA-ID)",1
"France JAMET (FRA-ID)","Elena LIZZI (ITA-ID)",1
"France JAMET (FRA-ID)","Jérôme RIVIÈRE (FRA-ID)",1
"France JAMET (FRA-ID)","Rosanna CONTE (ITA-ID)",1
"France JAMET (FRA-ID)","Thierry MARIANI (FRA-ID)",1
"France JAMET (FRA-ID)","Hervé JUVIN (FRA-ID)",1
"France JAMET (FRA-ID)","Virginie JORON (FRA-ID)",1
"France JAMET (FRA-ID)","Jean-Paul GARRAUD (FRA-ID)",1
"France JAMET (FRA-ID)","Maxette PIRBAKAS (FRA-ID)",1
"France JAMET (FRA-ID)","Aurélia BEIGNEUX (FRA-ID)",1
"France JAMET (FRA-ID)","Philippe OLIVIER (FRA-ID)",1
"France JAMET (FRA-ID)","André ROUGÉ (FRA-ID)",1
"France JAMET (FRA-ID)","Mathilde ANDROUËT (FRA-ID)",1
"France JAMET (FRA-ID)","Robert ROOS (NLD-ECR)",1
"France JAMET (FRA-ID)","Bert-Jan RUISSEN (NLD-ECR)",1
"France JAMET (FRA-ID)","Rob ROOKEN (NLD-ECR)",1
"France JAMET (FRA-ID)","Susanna CECCARDI (ITA-ID)",1
"France JAMET (FRA-ID)","Antonio Maria RINALDI (ITA-ID)",1
"France JAMET (FRA-ID)","Annalisa TARDINO (ITA-ID)",1
"France JAMET (FRA-ID)","Nicola PROCACCINI (ITA-ECR)",1
"France JAMET (FRA-ID)","Matteo ADINOLFI (ITA-ID)",1
"France JAMET (FRA-ID)","Jorge BUXADÉ VILLALBA (ESP-ECR)",1
"France JAMET (FRA-ID)","Hermann TERTSCH (ESP-ECR)",1
"France JAMET (FRA-ID)","Mazaly AGUILAR (ESP-ECR)",1
"France JAMET (FRA-ID)","Roman HAIDER (AUT-ID)",1
"France JAMET (FRA-ID)","Vincenzo SOFO (ITA-ECR)",1
"France JAMET (FRA-ID)","Margarita DE LA PISA CARRIÓN (ESP-ECR)",1
"France JAMET (FRA-ID)","Jean-Lin LACAPELLE (FRA-ID)",1
"Asim ADEMOV (BGR-EPP)","Lukas MANDL (AUT-EPP)",1
"Asim ADEMOV (BGR-EPP)","Hildegard BENTELE (DEU-EPP)",1
"Asim ADEMOV (BGR-EPP)","Karlo RESSLER (HRV-EPP)",1
"Asim ADEMOV (BGR-EPP)","Tomislav SOKOL (HRV-EPP)",1
"Asim ADEMOV (BGR-EPP)","Ralf SEEKATZ (DEU-EPP)",1
"Asim ADEMOV (BGR-EPP)","Sven SIMON (DEU-EPP)",1
"Asim ADEMOV (BGR-EPP)","Marion WALSMANN (DEU-EPP)",1
"Asim ADEMOV (BGR-EPP)","François-Xavier BELLAMY (FRA-EPP)",1
"Asim ADEMOV (BGR-EPP)","Javier ZARZALEJOS (ESP-EPP)",1
"Asim ADEMOV (BGR-EPP)","Juan Ignacio ZOIDO ÁLVAREZ (ESP-EPP)",1
"Asim ADEMOV (BGR-EPP)","Mircea-Gheorghe HAVA (ROU-EPP)",1
"Asim ADEMOV (BGR-EPP)","Traian BĂSESCU (ROU-EPP)",1
"Asim ADEMOV (BGR-EPP)","Isabel BENJUMEA BENJUMEA (ESP-EPP)",1
"Asim ADEMOV (BGR-EPP)","Tom BERENDSEN (NLD-EPP)",1
"Asim ADEMOV (BGR-EPP)","Aušra SEIBUTYTĖ (LTU-EPP)",1
"Asim ADEMOV (BGR-EPP)","Alexander ALEXANDROV YORDANOV (BGR-EPP)",1
"Asim ADEMOV (BGR-EPP)","Liudas MAŽYLIS (LTU-EPP)",1
"Asim ADEMOV (BGR-EPP)","Salvatore DE MEO (ITA-EPP)",1
"Thomas WAITZ (AUT-GREEN_EFA)","Nico SEMSROTT (DEU-GREEN_EFA)",1
"Thomas WAITZ (AUT-GREEN_EFA)","Rasmus ANDRESEN (DEU-GREEN_EFA)",1
"Thomas WAITZ (AUT-GREEN_EFA)","Pierrette HERZBERGER-FOFANA (DEU-GREEN_EFA)",1
"Thomas WAITZ (AUT-GREEN_EFA)","Erik MARQUARDT (DEU-GREEN_EFA)",1
"Thomas WAITZ (AUT-GREEN_EFA)","Saskia BRICMONT (BEL-GREEN_EFA)",1
"Thomas WAITZ (AUT-GREEN_EFA)","Mounir SATOURI (FRA-GREEN_EFA)",1
"Thomas WAITZ (AUT-GREEN_EFA)","David CORMAND (FRA-GREEN_EFA)",1
"Thomas WAITZ (AUT-GREEN_EFA)","Caroline ROOSE (FRA-GREEN_EFA)",1
"Thomas WAITZ (AUT-GREEN_EFA)","Gwendoline DELBOS-CORFIELD (FRA-GREEN_EFA)",1
"Thomas WAITZ (AUT-GREEN_EFA)","Damien CARÊME (FRA-GREEN_EFA)",1
"Thomas WAITZ (AUT-GREEN_EFA)","Francisco GUERREIRO (PRT-GREEN_EFA)",1
"Thomas WAITZ (AUT-GREEN_EFA)","Grace O'SULLIVAN (IRL-GREEN_EFA)",1
"Thomas WAITZ (AUT-GREEN_EFA)","Alviina ALAMETSÄ (FIN-GREEN_EFA)",1
"Thomas WAITZ (AUT-GREEN_EFA)","Claude GRUFFAT (FRA-GREEN_EFA)",1
"Martin SCHIRDEWAN (DEU-GUE_NGL)","Clare DALY (IRL-GUE_NGL)",1
"Martin SCHIRDEWAN (DEU-GUE_NGL)","Mick WALLACE (IRL-GUE_NGL)",1
"Jörg MEUTHEN (DEU-ID)","Filip DE MAN (BEL-ID)",1
"Jörg MEUTHEN (DEU-ID)","Christine ANDERSON (DEU-ID)",1
"Jörg MEUTHEN (DEU-ID)","Lars Patrick BERG (DEU-ECR)",1
"Jörg MEUTHEN (DEU-ID)","Nicolaus FEST (DEU-ID)",1
"Jörg MEUTHEN (DEU-ID)","Maximilian KRAH (DEU-ID)",1
"Jörg MEUTHEN (DEU-ID)","Joachim KUHS (DEU-ID)",1
"Jörg MEUTHEN (DEU-ID)","Sylvia LIMMER (DEU-ID)",1
"Jörg MEUTHEN (DEU-ID)","Guido REIL (DEU-ID)",1
"Jörg MEUTHEN (DEU-ID)","Bernhard ZIMNIOK (DEU-ID)",1
"Jörg MEUTHEN (DEU-ID)","Joachim Stanisław BRUDZIŃSKI (POL-ECR)",1
"Jörg MEUTHEN (DEU-ID)","Patryk JAKI (POL-ECR)",1
"Jörg MEUTHEN (DEU-ID)","Krzysztof JURGIEL (POL-ECR)",1
"Jörg MEUTHEN (DEU-ID)","Beata KEMPA (POL-ECR)",1
"Jörg MEUTHEN (DEU-ID)","Izabela-Helena KLOC (POL-ECR)",1
"Jörg MEUTHEN (DEU-ID)","Joanna KOPCIŃSKA (POL-ECR)",1
"Jörg MEUTHEN (DEU-ID)","Elżbieta KRUK (POL-ECR)",1
"Jörg MEUTHEN (DEU-ID)","Alexandr VONDRA (CZE-ECR)",1
"Jörg MEUTHEN (DEU-ID)","Beata MAZUREK (POL-ECR)",1
"Jörg MEUTHEN (DEU-ID)","Andżelika Anna MOŻDŻANOWSKA (POL-ECR)",1
"Jörg MEUTHEN (DEU-ID)","Elżbieta RAFALSKA (POL-ECR)",1
"Jörg MEUTHEN (DEU-ID)","Bogdan RZOŃCA (POL-ECR)",1
"Jörg MEUTHEN (DEU-ID)","Veronika VRECIONOVÁ (CZE-ECR)",1
"Jörg MEUTHEN (DEU-ID)","Beata SZYDŁO (POL-ECR)",1
"Jörg MEUTHEN (DEU-ID)","Grzegorz TOBISZOWSKI (POL-ECR)",1
"Jörg MEUTHEN (DEU-ID)","Hynek BLAŠKO (CZE-ID)",1
"Jörg MEUTHEN (DEU-ID)","Witold Jan WASZCZYKOWSKI (POL-ECR)",1
"Jörg MEUTHEN (DEU-ID)","Anna ZALEWSKA (POL-ECR)",1
"Jörg MEUTHEN (DEU-ID)","Silvia SARDONE (ITA-ID)",1
"Jörg MEUTHEN (DEU-ID)","Stefania ZAMBELLI (ITA-ID)",1
"Jörg MEUTHEN (DEU-ID)","Teuvo HAKKARAINEN (FIN-ID)",1
"Jörg MEUTHEN (DEU-ID)","Pietro FIOCCHI (ITA-ECR)",1
"Jörg MEUTHEN (DEU-ID)","Gianantonio DA RE (ITA-ID)",1
"Jörg MEUTHEN (DEU-ID)","Alessandra BASSO (ITA-ID)",1
"Jörg MEUTHEN (DEU-ID)","Elena LIZZI (ITA-ID)",1
"Jörg MEUTHEN (DEU-ID)","Rosanna CONTE (ITA-ID)",1
"Jörg MEUTHEN (DEU-ID)","Hervé JUVIN (FRA-ID)",1
"Jörg MEUTHEN (DEU-ID)","Bert-Jan RUISSEN (NLD-ECR)",1
"Jörg MEUTHEN (DEU-ID)","Susanna CECCARDI (ITA-ID)",1
"Jörg MEUTHEN (DEU-ID)","Antonio Maria RINALDI (ITA-ID)",1
"Jörg MEUTHEN (DEU-ID)","Nicola PROCACCINI (ITA-ECR)",1
"Jörg MEUTHEN (DEU-ID)","Matteo ADINOLFI (ITA-ID)",1
"Jörg MEUTHEN (DEU-ID)","Jorge BUXADÉ VILLALBA (ESP-ECR)",1
"Jörg MEUTHEN (DEU-ID)","Andrey SLABAKOV (BGR-ECR)",1
"Jörg MEUTHEN (DEU-ID)","Mazaly AGUILAR (ESP-ECR)",1
"Jörg MEUTHEN (DEU-ID)","Vincenzo SOFO (ITA-ECR)",1
"Jörg MEUTHEN (DEU-ID)","Dominik TARCZYŃSKI (POL-ECR)",1
"Jörg MEUTHEN (DEU-ID)","Margarita DE LA PISA CARRIÓN (ESP-ECR)",1
"Jörg MEUTHEN (DEU-ID)","Dorien ROOKMAKER (NLD-ECR)",1
"Jörg MEUTHEN (DEU-ID)","Michiel HOOGEVEEN (NLD-ECR)",1
"Jörg MEUTHEN (DEU-ID)","Ladislav ILČIĆ (HRV-ECR)",1
"Jörg MEUTHEN (DEU-ID)","Karolin BRAUNSBERGER-REINHOLD (DEU-EPP)",1
"Jörg MEUTHEN (DEU-ID)","Catharina RINZEMA (NLD-RENEW)",1
"Caroline NAGTEGAAL (NLD-RENEW)","Sara SKYTTEDAL (SWE-EPP)",1
"Caroline NAGTEGAAL (NLD-RENEW)","Abir AL-SAHLANI (SWE-RENEW)",1
"Caroline NAGTEGAAL (NLD-RENEW)","Tomas TOBÉ (SWE-EPP)",1
"Caroline NAGTEGAAL (NLD-RENEW)","Jessica POLFJÄRD (SWE-EPP)",1
"Caroline NAGTEGAAL (NLD-RENEW)","Jan-Christoph OETJEN (DEU-RENEW)",1
"Caroline NAGTEGAAL (NLD-RENEW)","Andreas GLÜCK (DEU-RENEW)",1
"Caroline NAGTEGAAL (NLD-RENEW)","Svenja HAHN (DEU-RENEW)",1
"Caroline NAGTEGAAL (NLD-RENEW)","Moritz KÖRNER (DEU-RENEW)",1
"Caroline NAGTEGAAL (NLD-RENEW)","Pernille WEISS (DNK-EPP)",1
"Caroline NAGTEGAAL (NLD-RENEW)","Asger CHRISTENSEN (DNK-RENEW)",1
"Caroline NAGTEGAAL (NLD-RENEW)","Bart GROOTHUIS (NLD-RENEW)",1
"Caroline NAGTEGAAL (NLD-RENEW)","Malik AZMANI (NLD-RENEW)",1
"Lukas MANDL (AUT-EPP)","Hildegard BENTELE (DEU-EPP)",1
"Lukas MANDL (AUT-EPP)","Stefan BERGER (DEU-EPP)",1
"Lukas MANDL (AUT-EPP)","Niclas HERBST (DEU-EPP)",1
"Lukas MANDL (AUT-EPP)","Christine SCHNEIDER (DEU-EPP)",1
"Lukas MANDL (AUT-EPP)","Ralf SEEKATZ (DEU-EPP)",1
"Lukas MANDL (AUT-EPP)","Sven SIMON (DEU-EPP)",1
"Lukas MANDL (AUT-EPP)","Marlene MORTLER (DEU-EPP)",1
"Lukas MANDL (AUT-EPP)","Marion WALSMANN (DEU-EPP)",1
"Lukas MANDL (AUT-EPP)","Christian DOLESCHAL (DEU-EPP)",1
"Lukas MANDL (AUT-EPP)","Tomasz FRANKOWSKI (POL-EPP)",1
"Lukas MANDL (AUT-EPP)","Pernille WEISS (DNK-EPP)",1
"Lukas MANDL (AUT-EPP)","Javier ZARZALEJOS (ESP-EPP)",1
"Lukas MANDL (AUT-EPP)","Juan Ignacio ZOIDO ÁLVAREZ (ESP-EPP)",1
"Lukas MANDL (AUT-EPP)","Mircea-Gheorghe HAVA (ROU-EPP)",1
"Lukas MANDL (AUT-EPP)","Alexander BERNHUBER (AUT-EPP)",1
"Lukas MANDL (AUT-EPP)","Angelika WINZIG (AUT-EPP)",1
"Lukas MANDL (AUT-EPP)","Simone SCHMIEDTBAUER (AUT-EPP)",1
"Lukas MANDL (AUT-EPP)","Barbara THALER (AUT-EPP)",1
"Lukas MANDL (AUT-EPP)","Isabel BENJUMEA BENJUMEA (ESP-EPP)",1
"Lukas MANDL (AUT-EPP)","Dolors MONTSERRAT (ESP-EPP)",1
"Lukas MANDL (AUT-EPP)","Tom BERENDSEN (NLD-EPP)",1
"Lukas MANDL (AUT-EPP)","Aušra SEIBUTYTĖ (LTU-EPP)",1
"Lukas MANDL (AUT-EPP)","Alexander ALEXANDROV YORDANOV (BGR-EPP)",1
"Lukas MANDL (AUT-EPP)","Rasa JUKNEVIČIENĖ (LTU-EPP)",1
"Lukas MANDL (AUT-EPP)","Liudas MAŽYLIS (LTU-EPP)",1
"Lukas MANDL (AUT-EPP)","Andrius KUBILIUS (LTU-EPP)",1
"Lukas MANDL (AUT-EPP)","Christian SAGARTZ (AUT-EPP)",1
"Geoffroy DIDIER (FRA-EPP)","Nathalie COLIN-OESTERLÉ (FRA-EPP)",1
"Elsi KATAINEN (FIN-RENEW)","Asger CHRISTENSEN (DNK-RENEW)",1
"Giuseppe FERRANDINO (ITA-SD)","Christophe HANSEN (LUX-EPP)",1
"Giuseppe FERRANDINO (ITA-SD)","Pierfrancesco MAJORINO (ITA-SD)",1
"Giuseppe FERRANDINO (ITA-SD)","Sira REGO (ESP-GUE_NGL)",1
"Giuseppe FERRANDINO (ITA-SD)","Álvaro AMARO (PRT-EPP)",1
"Giuseppe FERRANDINO (ITA-SD)","Massimiliano SMERIGLIO (ITA-SD)",1
"Danilo Oscar LANCINI (ITA-ID)","Patryk JAKI (POL-ECR)",1
"Danilo Oscar LANCINI (ITA-ID)","Krzysztof JURGIEL (POL-ECR)",1
"Danilo Oscar LANCINI (ITA-ID)","Beata KEMPA (POL-ECR)",1
"Danilo Oscar LANCINI (ITA-ID)","Joanna KOPCIŃSKA (POL-ECR)",1
"Danilo Oscar LANCINI (ITA-ID)","Elżbieta KRUK (POL-ECR)",1
"Danilo Oscar LANCINI (ITA-ID)","Beata MAZUREK (POL-ECR)",1
"Danilo Oscar LANCINI (ITA-ID)","Andżelika Anna MOŻDŻANOWSKA (POL-ECR)",1
"Danilo Oscar LANCINI (ITA-ID)","Elżbieta RAFALSKA (POL-ECR)",1
"Danilo Oscar LANCINI (ITA-ID)","Bogdan RZOŃCA (POL-ECR)",1
"Danilo Oscar LANCINI (ITA-ID)","Grzegorz TOBISZOWSKI (POL-ECR)",1
"Danilo Oscar LANCINI (ITA-ID)","Witold Jan WASZCZYKOWSKI (POL-ECR)",1
"Danilo Oscar LANCINI (ITA-ID)","Anna ZALEWSKA (POL-ECR)",1
"Danilo Oscar LANCINI (ITA-ID)","Silvia SARDONE (ITA-ID)",1
"Danilo Oscar LANCINI (ITA-ID)","Isabella TOVAGLIERI (ITA-ID)",1
"Danilo Oscar LANCINI (ITA-ID)","Gianna GANCIA (ITA-ID)",1
"Danilo Oscar LANCINI (ITA-ID)","Stefania ZAMBELLI (ITA-ID)",1
"Danilo Oscar LANCINI (ITA-ID)","Teuvo HAKKARAINEN (FIN-ID)",1
"Danilo Oscar LANCINI (ITA-ID)","Pietro FIOCCHI (ITA-ECR)",1
"Danilo Oscar LANCINI (ITA-ID)","Gianantonio DA RE (ITA-ID)",1
"Danilo Oscar LANCINI (ITA-ID)","Alessandra BASSO (ITA-ID)",1
"Danilo Oscar LANCINI (ITA-ID)","Elena LIZZI (ITA-ID)",1
"Danilo Oscar LANCINI (ITA-ID)","Rosanna CONTE (ITA-ID)",1
"Danilo Oscar LANCINI (ITA-ID)","Thierry MARIANI (FRA-ID)",1
"Danilo Oscar LANCINI (ITA-ID)","Hervé JUVIN (FRA-ID)",1
"Danilo Oscar LANCINI (ITA-ID)","Virginie JORON (FRA-ID)",1
"Danilo Oscar LANCINI (ITA-ID)","Jean-Paul GARRAUD (FRA-ID)",1
"Danilo Oscar LANCINI (ITA-ID)","Aurélia BEIGNEUX (FRA-ID)",1
"Danilo Oscar LANCINI (ITA-ID)","Philippe OLIVIER (FRA-ID)",1
"Danilo Oscar LANCINI (ITA-ID)","Mathilde ANDROUËT (FRA-ID)",1
"Danilo Oscar LANCINI (ITA-ID)","Bert-Jan RUISSEN (NLD-ECR)",1
"Danilo Oscar LANCINI (ITA-ID)","Susanna CECCARDI (ITA-ID)",1
"Danilo Oscar LANCINI (ITA-ID)","Antonio Maria RINALDI (ITA-ID)",1
"Danilo Oscar LANCINI (ITA-ID)","Anna BONFRISCO (ITA-ID)",1
"Danilo Oscar LANCINI (ITA-ID)","Simona BALDASSARRE (ITA-ID)",1
"Danilo Oscar LANCINI (ITA-ID)","Massimo CASANOVA (ITA-ID)",1
"Danilo Oscar LANCINI (ITA-ID)","Lucia VUOLO (ITA-EPP)",1
"Danilo Oscar LANCINI (ITA-ID)","Valentino GRANT (ITA-ID)",1
"Danilo Oscar LANCINI (ITA-ID)","Annalisa TARDINO (ITA-ID)",1
"Danilo Oscar LANCINI (ITA-ID)","Nicola PROCACCINI (ITA-ECR)",1
"Danilo Oscar LANCINI (ITA-ID)","Raffaele STANCANELLI (ITA-ECR)",1
"Danilo Oscar LANCINI (ITA-ID)","Matteo ADINOLFI (ITA-ID)",1
"Danilo Oscar LANCINI (ITA-ID)","Jorge BUXADÉ VILLALBA (ESP-ECR)",1
"Danilo Oscar LANCINI (ITA-ID)","Mazaly AGUILAR (ESP-ECR)",1
"Danilo Oscar LANCINI (ITA-ID)","Vincenzo SOFO (ITA-ECR)",1
"Danilo Oscar LANCINI (ITA-ID)","Margarita DE LA PISA CARRIÓN (ESP-ECR)",1
"Danilo Oscar LANCINI (ITA-ID)","Jean-Lin LACAPELLE (FRA-ID)",1
"Romeo FRANZ (DEU-GREEN_EFA)","Véronique TRILLET-LENOIR (FRA-RENEW)",1
"Romeo FRANZ (DEU-GREEN_EFA)","Adriana MALDONADO LÓPEZ (ESP-SD)",1
"Tilly METZ (LUX-GREEN_EFA)","Rasmus ANDRESEN (DEU-GREEN_EFA)",1
"Tilly METZ (LUX-GREEN_EFA)","Erik MARQUARDT (DEU-GREEN_EFA)",1
"Tilly METZ (LUX-GREEN_EFA)","Saskia BRICMONT (BEL-GREEN_EFA)",1
"Tilly METZ (LUX-GREEN_EFA)","Mounir SATOURI (FRA-GREEN_EFA)",1
"Tilly METZ (LUX-GREEN_EFA)","David CORMAND (FRA-GREEN_EFA)",1
"Tilly METZ (LUX-GREEN_EFA)","Caroline ROOSE (FRA-GREEN_EFA)",1
"Tilly METZ (LUX-GREEN_EFA)","Benoît BITEAU (FRA-GREEN_EFA)",1
"Tilly METZ (LUX-GREEN_EFA)","Gwendoline DELBOS-CORFIELD (FRA-GREEN_EFA)",1
"Tilly METZ (LUX-GREEN_EFA)","Francisco GUERREIRO (PRT-GREEN_EFA)",1
"Tilly METZ (LUX-GREEN_EFA)","Grace O'SULLIVAN (IRL-GREEN_EFA)",1
"Christophe HANSEN (LUX-EPP)","Erik BERGKVIST (SWE-SD)",1
"Christophe HANSEN (LUX-EPP)","Loucas FOURLAS (CYP-EPP)",1
"Christophe HANSEN (LUX-EPP)","Isabel WISELER-LIMA (LUX-EPP)",1
"Christophe HANSEN (LUX-EPP)","Nicola BEER (DEU-RENEW)",1
"Christophe HANSEN (LUX-EPP)","Bartosz ARŁUKOWICZ (POL-EPP)",1
"Christophe HANSEN (LUX-EPP)","Stéphane SÉJOURNÉ (FRA-RENEW)",1
"Christophe HANSEN (LUX-EPP)","Agnès EVREN (FRA-EPP)",1
"Christophe HANSEN (LUX-EPP)","Radosław SIKORSKI (POL-EPP)",1
"Christophe HANSEN (LUX-EPP)","Søren GADE (DNK-RENEW)",1
"Christophe HANSEN (LUX-EPP)","Pierfrancesco MAJORINO (ITA-SD)",1
"Christophe HANSEN (LUX-EPP)","Véronique TRILLET-LENOIR (FRA-RENEW)",1
"Christophe HANSEN (LUX-EPP)","Gheorghe FALCĂ (ROU-EPP)",1
"Christophe HANSEN (LUX-EPP)","Carmen AVRAM (ROU-SD)",1
"Christophe HANSEN (LUX-EPP)","Simone SCHMIEDTBAUER (AUT-EPP)",1
"Christophe HANSEN (LUX-EPP)","Sira REGO (ESP-GUE_NGL)",1
"Christophe HANSEN (LUX-EPP)","Stelios KYMPOUROPOULOS (GRC-EPP)",1
"Christophe HANSEN (LUX-EPP)","Adriana MALDONADO LÓPEZ (ESP-SD)",1
"Christophe HANSEN (LUX-EPP)","Álvaro AMARO (PRT-EPP)",1
"Christophe HANSEN (LUX-EPP)","Luisa REGIMENTI (ITA-ID)",1
"Christophe HANSEN (LUX-EPP)","Andrea CAROPPO (ITA-EPP)",1
"Sara SKYTTEDAL (SWE-EPP)","David LEGA (SWE-EPP)",1
"Sara SKYTTEDAL (SWE-EPP)","Tomas TOBÉ (SWE-EPP)",1
"Sara SKYTTEDAL (SWE-EPP)","Jessica POLFJÄRD (SWE-EPP)",1
"Sara SKYTTEDAL (SWE-EPP)","Jörgen WARBORN (SWE-EPP)",1
"Sara SKYTTEDAL (SWE-EPP)","Arba KOKALARI (SWE-EPP)",1
"Sara SKYTTEDAL (SWE-EPP)","Pernille WEISS (DNK-EPP)",1
"Sara SKYTTEDAL (SWE-EPP)","Alexandr VONDRA (CZE-ECR)",1
"Sara SKYTTEDAL (SWE-EPP)","Veronika VRECIONOVÁ (CZE-ECR)",1
"Sara SKYTTEDAL (SWE-EPP)","Eugen JURZYCA (SVK-ECR)",1
"Sara SKYTTEDAL (SWE-EPP)","Bart GROOTHUIS (NLD-RENEW)",1
"Heléne FRITZON (SWE-SD)","Evin INCIR (SWE-SD)",1
"David LEGA (SWE-EPP)","Tomas TOBÉ (SWE-EPP)",1
"David LEGA (SWE-EPP)","Jessica POLFJÄRD (SWE-EPP)",1
"David LEGA (SWE-EPP)","Jörgen WARBORN (SWE-EPP)",1
"David LEGA (SWE-EPP)","Arba KOKALARI (SWE-EPP)",1
"David LEGA (SWE-EPP)","Pernille WEISS (DNK-EPP)",1
"David LEGA (SWE-EPP)","Asger CHRISTENSEN (DNK-RENEW)",1
"Josianne CUTAJAR (MLT-SD)","Isabel WISELER-LIMA (LUX-EPP)",1
"Josianne CUTAJAR (MLT-SD)","Samira RAFAELA (NLD-RENEW)",1
"Alice KUHNKE (SWE-GREEN_EFA)","Caroline ROOSE (FRA-GREEN_EFA)",1
"Alice KUHNKE (SWE-GREEN_EFA)","Francisco GUERREIRO (PRT-GREEN_EFA)",1
"Alice KUHNKE (SWE-GREEN_EFA)","Claude GRUFFAT (FRA-GREEN_EFA)",1
"Erik BERGKVIST (SWE-SD)","Loucas FOURLAS (CYP-EPP)",1
"Erik BERGKVIST (SWE-SD)","Nicola BEER (DEU-RENEW)",1
"Erik BERGKVIST (SWE-SD)","Bartosz ARŁUKOWICZ (POL-EPP)",1
"Erik BERGKVIST (SWE-SD)","Stéphane SÉJOURNÉ (FRA-RENEW)",1
"Erik BERGKVIST (SWE-SD)","Agnès EVREN (FRA-EPP)",1
"Erik BERGKVIST (SWE-SD)","Radosław SIKORSKI (POL-EPP)",1
"Erik BERGKVIST (SWE-SD)","Søren GADE (DNK-RENEW)",1
"Erik BERGKVIST (SWE-SD)","Pierfrancesco MAJORINO (ITA-SD)",1
"Erik BERGKVIST (SWE-SD)","Véronique TRILLET-LENOIR (FRA-RENEW)",1
"Erik BERGKVIST (SWE-SD)","Carmen AVRAM (ROU-SD)",1
"Erik BERGKVIST (SWE-SD)","Simone SCHMIEDTBAUER (AUT-EPP)",1
"Erik BERGKVIST (SWE-SD)","Sira REGO (ESP-GUE_NGL)",1
"Erik BERGKVIST (SWE-SD)","Adriana MALDONADO LÓPEZ (ESP-SD)",1
"Erik BERGKVIST (SWE-SD)","Álvaro AMARO (PRT-EPP)",1
"Erik BERGKVIST (SWE-SD)","Luisa REGIMENTI (ITA-ID)",1
"Erik BERGKVIST (SWE-SD)","Andrea CAROPPO (ITA-EPP)",1
"Pär HOLMGREN (SWE-GREEN_EFA)","Sylwia SPUREK (POL-GREEN_EFA)",1
"Abir AL-SAHLANI (SWE-RENEW)","Karin KARLSBRO (SWE-RENEW)",1
"Abir AL-SAHLANI (SWE-RENEW)","Tomas TOBÉ (SWE-EPP)",1
"Abir AL-SAHLANI (SWE-RENEW)","Jessica POLFJÄRD (SWE-EPP)",1
"Abir AL-SAHLANI (SWE-RENEW)","Engin EROGLU (DEU-RENEW)",1
"Abir AL-SAHLANI (SWE-RENEW)","Alexandr VONDRA (CZE-ECR)",1
"Abir AL-SAHLANI (SWE-RENEW)","Veronika VRECIONOVÁ (CZE-ECR)",1
"Abir AL-SAHLANI (SWE-RENEW)","Malik AZMANI (NLD-RENEW)",1
"Abir AL-SAHLANI (SWE-RENEW)","Emma WIESNER (SWE-RENEW)",1
"Karin KARLSBRO (SWE-RENEW)","Engin EROGLU (DEU-RENEW)",1
"Karin KARLSBRO (SWE-RENEW)","Emma WIESNER (SWE-RENEW)",1
"Tomas TOBÉ (SWE-EPP)","Jessica POLFJÄRD (SWE-EPP)",1
"Tomas TOBÉ (SWE-EPP)","Jörgen WARBORN (SWE-EPP)",1
"Tomas TOBÉ (SWE-EPP)","Arba KOKALARI (SWE-EPP)",1
"Tomas TOBÉ (SWE-EPP)","Jan-Christoph OETJEN (DEU-RENEW)",1
"Tomas TOBÉ (SWE-EPP)","Andreas GLÜCK (DEU-RENEW)",1
"Tomas TOBÉ (SWE-EPP)","Svenja HAHN (DEU-RENEW)",1
"Tomas TOBÉ (SWE-EPP)","Pernille WEISS (DNK-EPP)",1
"Tomas TOBÉ (SWE-EPP)","Eugen JURZYCA (SVK-ECR)",1
"Tomas TOBÉ (SWE-EPP)","Bart GROOTHUIS (NLD-RENEW)",1
"Alex AGIUS SALIBA (MLT-SD)","Loucas FOURLAS (CYP-EPP)",1
"Alex AGIUS SALIBA (MLT-SD)","Massimiliano SMERIGLIO (ITA-SD)",1
"Jessica POLFJÄRD (SWE-EPP)","Jörgen WARBORN (SWE-EPP)",1
"Jessica POLFJÄRD (SWE-EPP)","Arba KOKALARI (SWE-EPP)",1
"Jessica POLFJÄRD (SWE-EPP)","Jan-Christoph OETJEN (DEU-RENEW)",1
"Jessica POLFJÄRD (SWE-EPP)","Andreas GLÜCK (DEU-RENEW)",1
"Jessica POLFJÄRD (SWE-EPP)","Svenja HAHN (DEU-RENEW)",1
"Jessica POLFJÄRD (SWE-EPP)","Pernille WEISS (DNK-EPP)",1
"Jessica POLFJÄRD (SWE-EPP)","Bart GROOTHUIS (NLD-RENEW)",1
"Jörgen WARBORN (SWE-EPP)","Arba KOKALARI (SWE-EPP)",1
"Jörgen WARBORN (SWE-EPP)","Jan-Christoph OETJEN (DEU-RENEW)",1
"Jörgen WARBORN (SWE-EPP)","Andreas GLÜCK (DEU-RENEW)",1
"Jörgen WARBORN (SWE-EPP)","Svenja HAHN (DEU-RENEW)",1
"Jörgen WARBORN (SWE-EPP)","Assita KANKO (BEL-ECR)",1
"Jörgen WARBORN (SWE-EPP)","Pernille WEISS (DNK-EPP)",1
"Arba KOKALARI (SWE-EPP)","Jan-Christoph OETJEN (DEU-RENEW)",1
"Arba KOKALARI (SWE-EPP)","Andreas GLÜCK (DEU-RENEW)",1
"Arba KOKALARI (SWE-EPP)","Svenja HAHN (DEU-RENEW)",1
"Arba KOKALARI (SWE-EPP)","Pernille WEISS (DNK-EPP)",1
"Arba KOKALARI (SWE-EPP)","Alexandr VONDRA (CZE-ECR)",1
"Arba KOKALARI (SWE-EPP)","Veronika VRECIONOVÁ (CZE-ECR)",1
"Arba KOKALARI (SWE-EPP)","Eugen JURZYCA (SVK-ECR)",1
"Arba KOKALARI (SWE-EPP)","Malik AZMANI (NLD-RENEW)",1
"Hildegard BENTELE (DEU-EPP)","Stefan BERGER (DEU-EPP)",1
"Hildegard BENTELE (DEU-EPP)","Niclas HERBST (DEU-EPP)",1
"Hildegard BENTELE (DEU-EPP)","Christine SCHNEIDER (DEU-EPP)",1
"Hildegard BENTELE (DEU-EPP)","Ralf SEEKATZ (DEU-EPP)",1
"Hildegard BENTELE (DEU-EPP)","Sven SIMON (DEU-EPP)",1
"Hildegard BENTELE (DEU-EPP)","Marlene MORTLER (DEU-EPP)",1
"Hildegard BENTELE (DEU-EPP)","Marion WALSMANN (DEU-EPP)",1
"Hildegard BENTELE (DEU-EPP)","Svenja HAHN (DEU-RENEW)",1
"Hildegard BENTELE (DEU-EPP)","Christian DOLESCHAL (DEU-EPP)",1
"Hildegard BENTELE (DEU-EPP)","Adam JARUBAS (POL-EPP)",1
"Hildegard BENTELE (DEU-EPP)","Javier ZARZALEJOS (ESP-EPP)",1
"Hildegard BENTELE (DEU-EPP)","Juan Ignacio ZOIDO ÁLVAREZ (ESP-EPP)",1
"Hildegard BENTELE (DEU-EPP)","Dan-Ştefan MOTREANU (ROU-EPP)",1
"Hildegard BENTELE (DEU-EPP)","Alexander BERNHUBER (AUT-EPP)",1
"Hildegard BENTELE (DEU-EPP)","Gheorghe FALCĂ (ROU-EPP)",1
"Hildegard BENTELE (DEU-EPP)","Angelika WINZIG (AUT-EPP)",1
"Hildegard BENTELE (DEU-EPP)","Barbara THALER (AUT-EPP)",1
"Hildegard BENTELE (DEU-EPP)","Traian BĂSESCU (ROU-EPP)",1
"Hildegard BENTELE (DEU-EPP)","Eugen TOMAC (ROU-EPP)",1
"Hildegard BENTELE (DEU-EPP)","Tom BERENDSEN (NLD-EPP)",1
"Hildegard BENTELE (DEU-EPP)","Aušra SEIBUTYTĖ (LTU-EPP)",1
"Hildegard BENTELE (DEU-EPP)","Rasa JUKNEVIČIENĖ (LTU-EPP)",1
"Hildegard BENTELE (DEU-EPP)","Liudas MAŽYLIS (LTU-EPP)",1
"Hildegard BENTELE (DEU-EPP)","Gheorghe-Vlad NISTOR (ROU-EPP)",1
"Hildegard BENTELE (DEU-EPP)","Christian SAGARTZ (AUT-EPP)",1
"Stefan BERGER (DEU-EPP)","Niclas HERBST (DEU-EPP)",1
"Stefan BERGER (DEU-EPP)","Isabel WISELER-LIMA (LUX-EPP)",1
"Stefan BERGER (DEU-EPP)","Christine SCHNEIDER (DEU-EPP)",1
"Stefan BERGER (DEU-EPP)","Ralf SEEKATZ (DEU-EPP)",1
"Stefan BERGER (DEU-EPP)","Marlene MORTLER (DEU-EPP)",1
"Stefan BERGER (DEU-EPP)","Marion WALSMANN (DEU-EPP)",1
"Stefan BERGER (DEU-EPP)","Christian DOLESCHAL (DEU-EPP)",1
"Stefan BERGER (DEU-EPP)","Bartosz ARŁUKOWICZ (POL-EPP)",1
"Stefan BERGER (DEU-EPP)","Agnès EVREN (FRA-EPP)",1
"Stefan BERGER (DEU-EPP)","Angelika WINZIG (AUT-EPP)",1
"Stefan BERGER (DEU-EPP)","Simone SCHMIEDTBAUER (AUT-EPP)",1
"Stefan BERGER (DEU-EPP)","Barbara THALER (AUT-EPP)",1
"Niclas HERBST (DEU-EPP)","Christine SCHNEIDER (DEU-EPP)",1
"Niclas HERBST (DEU-EPP)","Ralf SEEKATZ (DEU-EPP)",1
"Niclas HERBST (DEU-EPP)","Sven SIMON (DEU-EPP)",1
"Niclas HERBST (DEU-EPP)","Marlene MORTLER (DEU-EPP)",1
"Niclas HERBST (DEU-EPP)","Marion WALSMANN (DEU-EPP)",1
"Niclas HERBST (DEU-EPP)","Christian DOLESCHAL (DEU-EPP)",1
"Niclas HERBST (DEU-EPP)","Pernille WEISS (DNK-EPP)",1
"Niclas HERBST (DEU-EPP)","Adam JARUBAS (POL-EPP)",1
"Niclas HERBST (DEU-EPP)","Angelika WINZIG (AUT-EPP)",1
"Niclas HERBST (DEU-EPP)","Leopoldo LÓPEZ GIL (ESP-EPP)",1
"Niclas HERBST (DEU-EPP)","Tom BERENDSEN (NLD-EPP)",1
"Niclas HERBST (DEU-EPP)","Aušra SEIBUTYTĖ (LTU-EPP)",1
"Niclas HERBST (DEU-EPP)","Liudas MAŽYLIS (LTU-EPP)",1
"Niclas HERBST (DEU-EPP)","Christian SAGARTZ (AUT-EPP)",1
"Karlo RESSLER (HRV-EPP)","Tomislav SOKOL (HRV-EPP)",1
"Karlo RESSLER (HRV-EPP)","Tomasz FRANKOWSKI (POL-EPP)",1
"Karlo RESSLER (HRV-EPP)","Javier ZARZALEJOS (ESP-EPP)",1
"Karlo RESSLER (HRV-EPP)","Sunčana GLAVAK (HRV-EPP)",1
"Karlo RESSLER (HRV-EPP)","Riho TERRAS (EST-EPP)",1
"Loucas FOURLAS (CYP-EPP)","Niyazi KIZILYÜREK (CYP-GUE_NGL)",1
"Loucas FOURLAS (CYP-EPP)","Giorgos GEORGIOU (CYP-GUE_NGL)",1
"Loucas FOURLAS (CYP-EPP)","Nicola BEER (DEU-RENEW)",1
"Loucas FOURLAS (CYP-EPP)","Bartosz ARŁUKOWICZ (POL-EPP)",1
"Loucas FOURLAS (CYP-EPP)","Stéphane SÉJOURNÉ (FRA-RENEW)",1
"Loucas FOURLAS (CYP-EPP)","Agnès EVREN (FRA-EPP)",1
"Loucas FOURLAS (CYP-EPP)","Radosław SIKORSKI (POL-EPP)",1
"Loucas FOURLAS (CYP-EPP)","Pierfrancesco MAJORINO (ITA-SD)",1
"Loucas FOURLAS (CYP-EPP)","Véronique TRILLET-LENOIR (FRA-RENEW)",1
"Loucas FOURLAS (CYP-EPP)","Gheorghe FALCĂ (ROU-EPP)",1
"Loucas FOURLAS (CYP-EPP)","Carmen AVRAM (ROU-SD)",1
"Loucas FOURLAS (CYP-EPP)","Claudiu MANDA (ROU-SD)",1
"Loucas FOURLAS (CYP-EPP)","Simone SCHMIEDTBAUER (AUT-EPP)",1
"Loucas FOURLAS (CYP-EPP)","Sira REGO (ESP-GUE_NGL)",1
"Loucas FOURLAS (CYP-EPP)","Stelios KYMPOUROPOULOS (GRC-EPP)",1
"Loucas FOURLAS (CYP-EPP)","Adriana MALDONADO LÓPEZ (ESP-SD)",1
"Loucas FOURLAS (CYP-EPP)","Álvaro AMARO (PRT-EPP)",1
"Niyazi KIZILYÜREK (CYP-GUE_NGL)","Giorgos GEORGIOU (CYP-GUE_NGL)",1
"Niyazi KIZILYÜREK (CYP-GUE_NGL)","Stéphane SÉJOURNÉ (FRA-RENEW)",1
"Niyazi KIZILYÜREK (CYP-GUE_NGL)","Sira REGO (ESP-GUE_NGL)",1
"Niyazi KIZILYÜREK (CYP-GUE_NGL)","Elena KOUNTOURA (GRC-GUE_NGL)",1
"Niyazi KIZILYÜREK (CYP-GUE_NGL)","Konstantinos ARVANITIS (GRC-GUE_NGL)",1
"Niyazi KIZILYÜREK (CYP-GUE_NGL)","Alexis GEORGOULIS (GRC-GUE_NGL)",1
"Niyazi KIZILYÜREK (CYP-GUE_NGL)","Manu PINEDA (ESP-GUE_NGL)",1
"Giorgos GEORGIOU (CYP-GUE_NGL)","Sira REGO (ESP-GUE_NGL)",1
"Giorgos GEORGIOU (CYP-GUE_NGL)","Konstantinos ARVANITIS (GRC-GUE_NGL)",1
"Giorgos GEORGIOU (CYP-GUE_NGL)","Sandra PEREIRA (PRT-GUE_NGL)",1
"Giorgos GEORGIOU (CYP-GUE_NGL)","Silvia MODIG (FIN-GUE_NGL)",1
"Giorgos GEORGIOU (CYP-GUE_NGL)","Alexis GEORGOULIS (GRC-GUE_NGL)",1
"Giorgos GEORGIOU (CYP-GUE_NGL)","Manu PINEDA (ESP-GUE_NGL)",1
"Tomislav SOKOL (HRV-EPP)","Isabel BENJUMEA BENJUMEA (ESP-EPP)",1
"Tomislav SOKOL (HRV-EPP)","Sunčana GLAVAK (HRV-EPP)",1
"Tomislav SOKOL (HRV-EPP)","Miriam LEXMANN (SVK-EPP)",1
"Christine SCHNEIDER (DEU-EPP)","Ralf SEEKATZ (DEU-EPP)",1
"Christine SCHNEIDER (DEU-EPP)","Sven SIMON (DEU-EPP)",1
"Christine SCHNEIDER (DEU-EPP)","Marlene MORTLER (DEU-EPP)",1
"Christine SCHNEIDER (DEU-EPP)","Marion WALSMANN (DEU-EPP)",1
"Christine SCHNEIDER (DEU-EPP)","Christian DOLESCHAL (DEU-EPP)",1
"Christine SCHNEIDER (DEU-EPP)","Pernille WEISS (DNK-EPP)",1
"Christine SCHNEIDER (DEU-EPP)","Adam JARUBAS (POL-EPP)",1
"Christine SCHNEIDER (DEU-EPP)","Javier ZARZALEJOS (ESP-EPP)",1
"Christine SCHNEIDER (DEU-EPP)","Vasile BLAGA (ROU-EPP)",1
"Christine SCHNEIDER (DEU-EPP)","Angelika WINZIG (AUT-EPP)",1
"Christine SCHNEIDER (DEU-EPP)","Barbara THALER (AUT-EPP)",1
"Christine SCHNEIDER (DEU-EPP)","Tom BERENDSEN (NLD-EPP)",1
"Christine SCHNEIDER (DEU-EPP)","Aušra SEIBUTYTĖ (LTU-EPP)",1
"Christine SCHNEIDER (DEU-EPP)","Liudas MAŽYLIS (LTU-EPP)",1
"Christine SCHNEIDER (DEU-EPP)","Andrius KUBILIUS (LTU-EPP)",1
"Christine SCHNEIDER (DEU-EPP)","Christian SAGARTZ (AUT-EPP)",1
"Nico SEMSROTT (DEU-GREEN_EFA)","Rasmus ANDRESEN (DEU-GREEN_EFA)",1
"Nico SEMSROTT (DEU-GREEN_EFA)","Mounir SATOURI (FRA-GREEN_EFA)",1
"Nico SEMSROTT (DEU-GREEN_EFA)","Caroline ROOSE (FRA-GREEN_EFA)",1
"Nico SEMSROTT (DEU-GREEN_EFA)","Konstantinos ARVANITIS (GRC-GUE_NGL)",1
"Ralf SEEKATZ (DEU-EPP)","Sven SIMON (DEU-EPP)",1
"Ralf SEEKATZ (DEU-EPP)","Marlene MORTLER (DEU-EPP)",1
"Ralf SEEKATZ (DEU-EPP)","Marion WALSMANN (DEU-EPP)",1
"Ralf SEEKATZ (DEU-EPP)","Christian DOLESCHAL (DEU-EPP)",1
"Ralf SEEKATZ (DEU-EPP)","Jarosław DUDA (POL-EPP)",1
"Ralf SEEKATZ (DEU-EPP)","Pernille WEISS (DNK-EPP)",1
"Ralf SEEKATZ (DEU-EPP)","Adam JARUBAS (POL-EPP)",1
"Ralf SEEKATZ (DEU-EPP)","Javier ZARZALEJOS (ESP-EPP)",1
"Ralf SEEKATZ (DEU-EPP)","Juan Ignacio ZOIDO ÁLVAREZ (ESP-EPP)",1
"Ralf SEEKATZ (DEU-EPP)","Mircea-Gheorghe HAVA (ROU-EPP)",1
"Ralf SEEKATZ (DEU-EPP)","Alexander BERNHUBER (AUT-EPP)",1
"Ralf SEEKATZ (DEU-EPP)","Angelika WINZIG (AUT-EPP)",1
"Ralf SEEKATZ (DEU-EPP)","Barbara THALER (AUT-EPP)",1
"Ralf SEEKATZ (DEU-EPP)","Traian BĂSESCU (ROU-EPP)",1
"Ralf SEEKATZ (DEU-EPP)","Tom BERENDSEN (NLD-EPP)",1
"Ralf SEEKATZ (DEU-EPP)","Aušra SEIBUTYTĖ (LTU-EPP)",1
"Ralf SEEKATZ (DEU-EPP)","Alexander ALEXANDROV YORDANOV (BGR-EPP)",1
"Ralf SEEKATZ (DEU-EPP)","Rasa JUKNEVIČIENĖ (LTU-EPP)",1
"Ralf SEEKATZ (DEU-EPP)","Liudas MAŽYLIS (LTU-EPP)",1
"Ralf SEEKATZ (DEU-EPP)","Andrius KUBILIUS (LTU-EPP)",1
"Ralf SEEKATZ (DEU-EPP)","Christian SAGARTZ (AUT-EPP)",1
"Ralf SEEKATZ (DEU-EPP)","Riho TERRAS (EST-EPP)",1
"Sven SIMON (DEU-EPP)","Marlene MORTLER (DEU-EPP)",1
"Sven SIMON (DEU-EPP)","Marion WALSMANN (DEU-EPP)",1
"Sven SIMON (DEU-EPP)","Christian DOLESCHAL (DEU-EPP)",1
"Sven SIMON (DEU-EPP)","Tomasz FRANKOWSKI (POL-EPP)",1
"Sven SIMON (DEU-EPP)","Adam JARUBAS (POL-EPP)",1
"Sven SIMON (DEU-EPP)","Javier ZARZALEJOS (ESP-EPP)",1
"Sven SIMON (DEU-EPP)","Vasile BLAGA (ROU-EPP)",1
"Sven SIMON (DEU-EPP)","Mircea-Gheorghe HAVA (ROU-EPP)",1
"Sven SIMON (DEU-EPP)","Barbara THALER (AUT-EPP)",1
"Sven SIMON (DEU-EPP)","Tom BERENDSEN (NLD-EPP)",1
"Sven SIMON (DEU-EPP)","Aušra SEIBUTYTĖ (LTU-EPP)",1
"Sven SIMON (DEU-EPP)","Alexander ALEXANDROV YORDANOV (BGR-EPP)",1
"Sven SIMON (DEU-EPP)","Liudas MAŽYLIS (LTU-EPP)",1
"Sven SIMON (DEU-EPP)","Andrius KUBILIUS (LTU-EPP)",1
"Sven SIMON (DEU-EPP)","Salvatore DE MEO (ITA-EPP)",1
"Sven SIMON (DEU-EPP)","Christian SAGARTZ (AUT-EPP)",1
"Sven SIMON (DEU-EPP)","Riho TERRAS (EST-EPP)",1
"Marlene MORTLER (DEU-EPP)","Marion WALSMANN (DEU-EPP)",1
"Marlene MORTLER (DEU-EPP)","Christian DOLESCHAL (DEU-EPP)",1
"Marlene MORTLER (DEU-EPP)","Jarosław DUDA (POL-EPP)",1
"Marlene MORTLER (DEU-EPP)","Tomasz FRANKOWSKI (POL-EPP)",1
"Marlene MORTLER (DEU-EPP)","Pernille WEISS (DNK-EPP)",1
"Marlene MORTLER (DEU-EPP)","Javier ZARZALEJOS (ESP-EPP)",1
"Marlene MORTLER (DEU-EPP)","Juan Ignacio ZOIDO ÁLVAREZ (ESP-EPP)",1
"Marlene MORTLER (DEU-EPP)","Mircea-Gheorghe HAVA (ROU-EPP)",1
"Marlene MORTLER (DEU-EPP)","Angelika WINZIG (AUT-EPP)",1
"Marlene MORTLER (DEU-EPP)","Leopoldo LÓPEZ GIL (ESP-EPP)",1
"Marlene MORTLER (DEU-EPP)","Tom BERENDSEN (NLD-EPP)",1
"Marlene MORTLER (DEU-EPP)","Aušra SEIBUTYTĖ (LTU-EPP)",1
"Marlene MORTLER (DEU-EPP)","Alexander ALEXANDROV YORDANOV (BGR-EPP)",1
"Marlene MORTLER (DEU-EPP)","Rasa JUKNEVIČIENĖ (LTU-EPP)",1
"Marlene MORTLER (DEU-EPP)","Liudas MAŽYLIS (LTU-EPP)",1
"Marlene MORTLER (DEU-EPP)","Andrius KUBILIUS (LTU-EPP)",1
"Marlene MORTLER (DEU-EPP)","Christian SAGARTZ (AUT-EPP)",1
"Marlene MORTLER (DEU-EPP)","Riho TERRAS (EST-EPP)",1
"Marion WALSMANN (DEU-EPP)","Christian DOLESCHAL (DEU-EPP)",1
"Marion WALSMANN (DEU-EPP)","Jarosław DUDA (POL-EPP)",1
"Marion WALSMANN (DEU-EPP)","Tomasz FRANKOWSKI (POL-EPP)",1
"Marion WALSMANN (DEU-EPP)","Pernille WEISS (DNK-EPP)",1
"Marion WALSMANN (DEU-EPP)","Adam JARUBAS (POL-EPP)",1
"Marion WALSMANN (DEU-EPP)","Javier ZARZALEJOS (ESP-EPP)",1
"Marion WALSMANN (DEU-EPP)","Juan Ignacio ZOIDO ÁLVAREZ (ESP-EPP)",1
"Marion WALSMANN (DEU-EPP)","Vasile BLAGA (ROU-EPP)",1
"Marion WALSMANN (DEU-EPP)","Mircea-Gheorghe HAVA (ROU-EPP)",1
"Marion WALSMANN (DEU-EPP)","Alexander BERNHUBER (AUT-EPP)",1
"Marion WALSMANN (DEU-EPP)","Angelika WINZIG (AUT-EPP)",1
"Marion WALSMANN (DEU-EPP)","Traian BĂSESCU (ROU-EPP)",1
"Marion WALSMANN (DEU-EPP)","Isabel BENJUMEA BENJUMEA (ESP-EPP)",1
"Marion WALSMANN (DEU-EPP)","Leopoldo LÓPEZ GIL (ESP-EPP)",1
"Marion WALSMANN (DEU-EPP)","Tom BERENDSEN (NLD-EPP)",1
"Marion WALSMANN (DEU-EPP)","Aušra SEIBUTYTĖ (LTU-EPP)",1
"Marion WALSMANN (DEU-EPP)","Alexander ALEXANDROV YORDANOV (BGR-EPP)",1
"Marion WALSMANN (DEU-EPP)","Rasa JUKNEVIČIENĖ (LTU-EPP)",1
"Marion WALSMANN (DEU-EPP)","Liudas MAŽYLIS (LTU-EPP)",1
"Marion WALSMANN (DEU-EPP)","Andrius KUBILIUS (LTU-EPP)",1
"Marion WALSMANN (DEU-EPP)","Salvatore DE MEO (ITA-EPP)",1
"Marion WALSMANN (DEU-EPP)","Riho TERRAS (EST-EPP)",1
"Engin EROGLU (DEU-RENEW)","Jan-Christoph OETJEN (DEU-RENEW)",1
"Engin EROGLU (DEU-RENEW)","Andreas GLÜCK (DEU-RENEW)",1
"Engin EROGLU (DEU-RENEW)","Svenja HAHN (DEU-RENEW)",1
"Engin EROGLU (DEU-RENEW)","Moritz KÖRNER (DEU-RENEW)",1
"Engin EROGLU (DEU-RENEW)","Emma WIESNER (SWE-RENEW)",1
"Patrick BREYER (DEU-GREEN_EFA)","Mikuláš PEKSA (CZE-GREEN_EFA)",1
"Patrick BREYER (DEU-GREEN_EFA)","Marcel KOLAJA (CZE-GREEN_EFA)",1
"Patrick BREYER (DEU-GREEN_EFA)","Markéta GREGOROVÁ (CZE-GREEN_EFA)",1
"Jan-Christoph OETJEN (DEU-RENEW)","Nicola BEER (DEU-RENEW)",1
"Jan-Christoph OETJEN (DEU-RENEW)","Andreas GLÜCK (DEU-RENEW)",1
"Jan-Christoph OETJEN (DEU-RENEW)","Svenja HAHN (DEU-RENEW)",1
"Jan-Christoph OETJEN (DEU-RENEW)","Moritz KÖRNER (DEU-RENEW)",1
"Jan-Christoph OETJEN (DEU-RENEW)","Martin HLAVÁČEK (CZE-RENEW)",1
"Jan-Christoph OETJEN (DEU-RENEW)","Bart GROOTHUIS (NLD-RENEW)",1
"Jan-Christoph OETJEN (DEU-RENEW)","Malik AZMANI (NLD-RENEW)",1
"Helmut GEUKING (DEU-EPP)","Bartosz ARŁUKOWICZ (POL-EPP)",1
"Helmut GEUKING (DEU-EPP)","Stéphane SÉJOURNÉ (FRA-RENEW)",1
"Nicola BEER (DEU-RENEW)","Andreas GLÜCK (DEU-RENEW)",1
"Nicola BEER (DEU-RENEW)","Svenja HAHN (DEU-RENEW)",1
"Nicola BEER (DEU-RENEW)","Moritz KÖRNER (DEU-RENEW)",1
"Nicola BEER (DEU-RENEW)","Bartosz ARŁUKOWICZ (POL-EPP)",1
"Nicola BEER (DEU-RENEW)","Stéphane SÉJOURNÉ (FRA-RENEW)",1
"Nicola BEER (DEU-RENEW)","Agnès EVREN (FRA-EPP)",1
"Nicola BEER (DEU-RENEW)","Radosław SIKORSKI (POL-EPP)",1
"Nicola BEER (DEU-RENEW)","Søren GADE (DNK-RENEW)",1
"Nicola BEER (DEU-RENEW)","Pierfrancesco MAJORINO (ITA-SD)",1
"Nicola BEER (DEU-RENEW)","Véronique TRILLET-LENOIR (FRA-RENEW)",1
"Nicola BEER (DEU-RENEW)","Alexander BERNHUBER (AUT-EPP)",1
"Nicola BEER (DEU-RENEW)","Gheorghe FALCĂ (ROU-EPP)",1
"Nicola BEER (DEU-RENEW)","Simone SCHMIEDTBAUER (AUT-EPP)",1
"Nicola BEER (DEU-RENEW)","Adriana MALDONADO LÓPEZ (ESP-SD)",1
"Nicola BEER (DEU-RENEW)","Álvaro AMARO (PRT-EPP)",1
"Nicola BEER (DEU-RENEW)","Luisa REGIMENTI (ITA-ID)",1
"Damian BOESELAGER (DEU-GREEN_EFA)","Erik MARQUARDT (DEU-GREEN_EFA)",1
"Damian BOESELAGER (DEU-GREEN_EFA)","Hannah NEUMANN (DEU-GREEN_EFA)",1
"Andreas GLÜCK (DEU-RENEW)","Svenja HAHN (DEU-RENEW)",1
"Andreas GLÜCK (DEU-RENEW)","Moritz KÖRNER (DEU-RENEW)",1
"Andreas GLÜCK (DEU-RENEW)","Assita KANKO (BEL-ECR)",1
"Andreas GLÜCK (DEU-RENEW)","Pernille WEISS (DNK-EPP)",1
"Andreas GLÜCK (DEU-RENEW)","Bart GROOTHUIS (NLD-RENEW)",1
"Andreas GLÜCK (DEU-RENEW)","Malik AZMANI (NLD-RENEW)",1
"Svenja HAHN (DEU-RENEW)","Moritz KÖRNER (DEU-RENEW)",1
"Svenja HAHN (DEU-RENEW)","Martin HLAVÁČEK (CZE-RENEW)",1
"Svenja HAHN (DEU-RENEW)","Bart GROOTHUIS (NLD-RENEW)",1
"Svenja HAHN (DEU-RENEW)","Malik AZMANI (NLD-RENEW)",1
"Moritz KÖRNER (DEU-RENEW)","Bart GROOTHUIS (NLD-RENEW)",1
"Moritz KÖRNER (DEU-RENEW)","Malik AZMANI (NLD-RENEW)",1
"Rasmus ANDRESEN (DEU-GREEN_EFA)","Pierrette HERZBERGER-FOFANA (DEU-GREEN_EFA)",1
"Rasmus ANDRESEN (DEU-GREEN_EFA)","Katrin LANGENSIEPEN (DEU-GREEN_EFA)",1
"Rasmus ANDRESEN (DEU-GREEN_EFA)","Erik MARQUARDT (DEU-GREEN_EFA)",1
"Rasmus ANDRESEN (DEU-GREEN_EFA)","Saskia BRICMONT (BEL-GREEN_EFA)",1
"Rasmus ANDRESEN (DEU-GREEN_EFA)","Mounir SATOURI (FRA-GREEN_EFA)",1
"Rasmus ANDRESEN (DEU-GREEN_EFA)","David CORMAND (FRA-GREEN_EFA)",1
"Rasmus ANDRESEN (DEU-GREEN_EFA)","Caroline ROOSE (FRA-GREEN_EFA)",1
"Rasmus ANDRESEN (DEU-GREEN_EFA)","Benoît BITEAU (FRA-GREEN_EFA)",1
"Rasmus ANDRESEN (DEU-GREEN_EFA)","Gwendoline DELBOS-CORFIELD (FRA-GREEN_EFA)",1
"Rasmus ANDRESEN (DEU-GREEN_EFA)","Damien CARÊME (FRA-GREEN_EFA)",1
"Rasmus ANDRESEN (DEU-GREEN_EFA)","Francisco GUERREIRO (PRT-GREEN_EFA)",1
"Rasmus ANDRESEN (DEU-GREEN_EFA)","Ciarán CUFFE (IRL-GREEN_EFA)",1
"Rasmus ANDRESEN (DEU-GREEN_EFA)","Kim VAN SPARRENTAK (NLD-GREEN_EFA)",1
"Rasmus ANDRESEN (DEU-GREEN_EFA)","Grace O'SULLIVAN (IRL-GREEN_EFA)",1
"Rasmus ANDRESEN (DEU-GREEN_EFA)","Alviina ALAMETSÄ (FIN-GREEN_EFA)",1
"Michael BLOSS (DEU-GREEN_EFA)","Erik MARQUARDT (DEU-GREEN_EFA)",1
"Michael BLOSS (DEU-GREEN_EFA)","Jutta PAULUS (DEU-GREEN_EFA)",1
"Michael BLOSS (DEU-GREEN_EFA)","Ville NIINISTÖ (FIN-GREEN_EFA)",1
"Anna DEPARNAY-GRUNENBERG (DEU-GREEN_EFA)","Diana RIBA I GINER (ESP-GREEN_EFA)",1
"Henrike HAHN (DEU-GREEN_EFA)","Jutta PAULUS (DEU-GREEN_EFA)",1
"Henrike HAHN (DEU-GREEN_EFA)","Stéphane SÉJOURNÉ (FRA-RENEW)",1
"Henrike HAHN (DEU-GREEN_EFA)","Kira Marie PETER-HANSEN (DNK-GREEN_EFA)",1
"Henrike HAHN (DEU-GREEN_EFA)","Sarah WIENER (AUT-GREEN_EFA)",1
"Henrike HAHN (DEU-GREEN_EFA)","Eugenia RODRÍGUEZ PALOP (ESP-GUE_NGL)",1
"Henrike HAHN (DEU-GREEN_EFA)","Manu PINEDA (ESP-GUE_NGL)",1
"Pierrette HERZBERGER-FOFANA (DEU-GREEN_EFA)","Sergey LAGODINSKY (DEU-GREEN_EFA)",1
"Pierrette HERZBERGER-FOFANA (DEU-GREEN_EFA)","Erik MARQUARDT (DEU-GREEN_EFA)",1
"Pierrette HERZBERGER-FOFANA (DEU-GREEN_EFA)","Saskia BRICMONT (BEL-GREEN_EFA)",1
"Pierrette HERZBERGER-FOFANA (DEU-GREEN_EFA)","Mounir SATOURI (FRA-GREEN_EFA)",1
"Pierrette HERZBERGER-FOFANA (DEU-GREEN_EFA)","David CORMAND (FRA-GREEN_EFA)",1
"Pierrette HERZBERGER-FOFANA (DEU-GREEN_EFA)","Caroline ROOSE (FRA-GREEN_EFA)",1
"Pierrette HERZBERGER-FOFANA (DEU-GREEN_EFA)","Benoît BITEAU (FRA-GREEN_EFA)",1
"Pierrette HERZBERGER-FOFANA (DEU-GREEN_EFA)","Gwendoline DELBOS-CORFIELD (FRA-GREEN_EFA)",1
"Pierrette HERZBERGER-FOFANA (DEU-GREEN_EFA)","Francisco GUERREIRO (PRT-GREEN_EFA)",1
"Pierrette HERZBERGER-FOFANA (DEU-GREEN_EFA)","Grace O'SULLIVAN (IRL-GREEN_EFA)",1
"Pierrette HERZBERGER-FOFANA (DEU-GREEN_EFA)","Claude GRUFFAT (FRA-GREEN_EFA)",1
"Katrin LANGENSIEPEN (DEU-GREEN_EFA)","Erik MARQUARDT (DEU-GREEN_EFA)",1
"Katrin LANGENSIEPEN (DEU-GREEN_EFA)","Mounir SATOURI (FRA-GREEN_EFA)",1
"Katrin LANGENSIEPEN (DEU-GREEN_EFA)","Caroline ROOSE (FRA-GREEN_EFA)",1
"Katrin LANGENSIEPEN (DEU-GREEN_EFA)","Francisco GUERREIRO (PRT-GREEN_EFA)",1
"Erik MARQUARDT (DEU-GREEN_EFA)","Hannah NEUMANN (DEU-GREEN_EFA)",1
"Erik MARQUARDT (DEU-GREEN_EFA)","Saskia BRICMONT (BEL-GREEN_EFA)",1
"Erik MARQUARDT (DEU-GREEN_EFA)","Mounir SATOURI (FRA-GREEN_EFA)",1
"Erik MARQUARDT (DEU-GREEN_EFA)","David CORMAND (FRA-GREEN_EFA)",1
"Erik MARQUARDT (DEU-GREEN_EFA)","Caroline ROOSE (FRA-GREEN_EFA)",1
"Erik MARQUARDT (DEU-GREEN_EFA)","Benoît BITEAU (FRA-GREEN_EFA)",1
"Erik MARQUARDT (DEU-GREEN_EFA)","Gwendoline DELBOS-CORFIELD (FRA-GREEN_EFA)",1
"Erik MARQUARDT (DEU-GREEN_EFA)","Damien CARÊME (FRA-GREEN_EFA)",1
"Erik MARQUARDT (DEU-GREEN_EFA)","Francisco GUERREIRO (PRT-GREEN_EFA)",1
"Erik MARQUARDT (DEU-GREEN_EFA)","Tineke STRIK (NLD-GREEN_EFA)",1
"Erik MARQUARDT (DEU-GREEN_EFA)","Ville NIINISTÖ (FIN-GREEN_EFA)",1
"Erik MARQUARDT (DEU-GREEN_EFA)","Kim VAN SPARRENTAK (NLD-GREEN_EFA)",1
"Erik MARQUARDT (DEU-GREEN_EFA)","Grace O'SULLIVAN (IRL-GREEN_EFA)",1
"Hannah NEUMANN (DEU-GREEN_EFA)","Caroline ROOSE (FRA-GREEN_EFA)",1
"Hannah NEUMANN (DEU-GREEN_EFA)","Tineke STRIK (NLD-GREEN_EFA)",1
"Hannah NEUMANN (DEU-GREEN_EFA)","Ville NIINISTÖ (FIN-GREEN_EFA)",1
"Hannah NEUMANN (DEU-GREEN_EFA)","Kim VAN SPARRENTAK (NLD-GREEN_EFA)",1
"Geert BOURGEOIS (BEL-ECR)","Assita KANKO (BEL-ECR)",1
"Geert BOURGEOIS (BEL-ECR)","Lars Patrick BERG (DEU-ECR)",1
"Geert BOURGEOIS (BEL-ECR)","Patryk JAKI (POL-ECR)",1
"Geert BOURGEOIS (BEL-ECR)","Izabela-Helena KLOC (POL-ECR)",1
"Geert BOURGEOIS (BEL-ECR)","Joanna KOPCIŃSKA (POL-ECR)",1
"Geert BOURGEOIS (BEL-ECR)","Elżbieta KRUK (POL-ECR)",1
"Geert BOURGEOIS (BEL-ECR)","Alexandr VONDRA (CZE-ECR)",1
"Geert BOURGEOIS (BEL-ECR)","Beata MAZUREK (POL-ECR)",1
"Geert BOURGEOIS (BEL-ECR)","Andżelika Anna MOŻDŻANOWSKA (POL-ECR)",1
"Geert BOURGEOIS (BEL-ECR)","Elżbieta RAFALSKA (POL-ECR)",1
"Geert BOURGEOIS (BEL-ECR)","Bogdan RZOŃCA (POL-ECR)",1
"Geert BOURGEOIS (BEL-ECR)","Veronika VRECIONOVÁ (CZE-ECR)",1
"Geert BOURGEOIS (BEL-ECR)","Beata SZYDŁO (POL-ECR)",1
"Geert BOURGEOIS (BEL-ECR)","Grzegorz TOBISZOWSKI (POL-ECR)",1
"Geert BOURGEOIS (BEL-ECR)","Witold Jan WASZCZYKOWSKI (POL-ECR)",1
"Geert BOURGEOIS (BEL-ECR)","Anna ZALEWSKA (POL-ECR)",1
"Geert BOURGEOIS (BEL-ECR)","Pietro FIOCCHI (ITA-ECR)",1
"Geert BOURGEOIS (BEL-ECR)","Bert-Jan RUISSEN (NLD-ECR)",1
"Geert BOURGEOIS (BEL-ECR)","Nicola PROCACCINI (ITA-ECR)",1
"Geert BOURGEOIS (BEL-ECR)","Jorge BUXADÉ VILLALBA (ESP-ECR)",1
"Geert BOURGEOIS (BEL-ECR)","Hermann TERTSCH (ESP-ECR)",1
"Geert BOURGEOIS (BEL-ECR)","Mazaly AGUILAR (ESP-ECR)",1
"Geert BOURGEOIS (BEL-ECR)","Dominik TARCZYŃSKI (POL-ECR)",1
"Geert BOURGEOIS (BEL-ECR)","Margarita DE LA PISA CARRIÓN (ESP-ECR)",1
"Geert BOURGEOIS (BEL-ECR)","Ladislav ILČIĆ (HRV-ECR)",1
"Özlem DEMIREL (DEU-GUE_NGL)","Nikolaj VILLUMSEN (DNK-GUE_NGL)",1
"Assita KANKO (BEL-ECR)","Lars Patrick BERG (DEU-ECR)",1
"Assita KANKO (BEL-ECR)","Joachim Stanisław BRUDZIŃSKI (POL-ECR)",1
"Assita KANKO (BEL-ECR)","Pernille WEISS (DNK-EPP)",1
"Assita KANKO (BEL-ECR)","Patryk JAKI (POL-ECR)",1
"Assita KANKO (BEL-ECR)","Krzysztof JURGIEL (POL-ECR)",1
"Assita KANKO (BEL-ECR)","Beata KEMPA (POL-ECR)",1
"Assita KANKO (BEL-ECR)","Izabela-Helena KLOC (POL-ECR)",1
"Assita KANKO (BEL-ECR)","Joanna KOPCIŃSKA (POL-ECR)",1
"Assita KANKO (BEL-ECR)","Elżbieta KRUK (POL-ECR)",1
"Assita KANKO (BEL-ECR)","Alexandr VONDRA (CZE-ECR)",1
"Assita KANKO (BEL-ECR)","Beata MAZUREK (POL-ECR)",1
"Assita KANKO (BEL-ECR)","Andżelika Anna MOŻDŻANOWSKA (POL-ECR)",1
"Assita KANKO (BEL-ECR)","Elżbieta RAFALSKA (POL-ECR)",1
"Assita KANKO (BEL-ECR)","Bogdan RZOŃCA (POL-ECR)",1
"Assita KANKO (BEL-ECR)","Veronika VRECIONOVÁ (CZE-ECR)",1
"Assita KANKO (BEL-ECR)","Beata SZYDŁO (POL-ECR)",1
"Assita KANKO (BEL-ECR)","Grzegorz TOBISZOWSKI (POL-ECR)",1
"Assita KANKO (BEL-ECR)","Witold Jan WASZCZYKOWSKI (POL-ECR)",1
"Assita KANKO (BEL-ECR)","Anna ZALEWSKA (POL-ECR)",1
"Assita KANKO (BEL-ECR)","Pietro FIOCCHI (ITA-ECR)",1
"Assita KANKO (BEL-ECR)","Bert-Jan RUISSEN (NLD-ECR)",1
"Assita KANKO (BEL-ECR)","Nicola PROCACCINI (ITA-ECR)",1
"Assita KANKO (BEL-ECR)","Jorge BUXADÉ VILLALBA (ESP-ECR)",1
"Assita KANKO (BEL-ECR)","Hermann TERTSCH (ESP-ECR)",1
"Assita KANKO (BEL-ECR)","Mazaly AGUILAR (ESP-ECR)",1
"Assita KANKO (BEL-ECR)","Dominik TARCZYŃSKI (POL-ECR)",1
"Assita KANKO (BEL-ECR)","Margarita DE LA PISA CARRIÓN (ESP-ECR)",1
"Assita KANKO (BEL-ECR)","Ladislav ILČIĆ (HRV-ECR)",1
"Saskia BRICMONT (BEL-GREEN_EFA)","Mounir SATOURI (FRA-GREEN_EFA)",1
"Saskia BRICMONT (BEL-GREEN_EFA)","David CORMAND (FRA-GREEN_EFA)",1
"Saskia BRICMONT (BEL-GREEN_EFA)","Caroline ROOSE (FRA-GREEN_EFA)",1
"Saskia BRICMONT (BEL-GREEN_EFA)","Benoît BITEAU (FRA-GREEN_EFA)",1
"Saskia BRICMONT (BEL-GREEN_EFA)","Gwendoline DELBOS-CORFIELD (FRA-GREEN_EFA)",1
"Saskia BRICMONT (BEL-GREEN_EFA)","Damien CARÊME (FRA-GREEN_EFA)",1
"Saskia BRICMONT (BEL-GREEN_EFA)","Francisco GUERREIRO (PRT-GREEN_EFA)",1
"Saskia BRICMONT (BEL-GREEN_EFA)","Ciarán CUFFE (IRL-GREEN_EFA)",1
"Saskia BRICMONT (BEL-GREEN_EFA)","Grace O'SULLIVAN (IRL-GREEN_EFA)",1
"Saskia BRICMONT (BEL-GREEN_EFA)","Claude GRUFFAT (FRA-GREEN_EFA)",1
"Filip DE MAN (BEL-ID)","Christine ANDERSON (DEU-ID)",1
"Filip DE MAN (BEL-ID)","Lars Patrick BERG (DEU-ECR)",1
"Filip DE MAN (BEL-ID)","Nicolaus FEST (DEU-ID)",1
"Filip DE MAN (BEL-ID)","Maximilian KRAH (DEU-ID)",1
"Filip DE MAN (BEL-ID)","Joachim KUHS (DEU-ID)",1
"Filip DE MAN (BEL-ID)","Sylvia LIMMER (DEU-ID)",1
"Filip DE MAN (BEL-ID)","Guido REIL (DEU-ID)",1
"Filip DE MAN (BEL-ID)","Bernhard ZIMNIOK (DEU-ID)",1
"Filip DE MAN (BEL-ID)","Jaak MADISON (EST-ID)",1
"Filip DE MAN (BEL-ID)","Beata KEMPA (POL-ECR)",1
"Filip DE MAN (BEL-ID)","Ivan DAVID (CZE-ID)",1
"Filip DE MAN (BEL-ID)","Hynek BLAŠKO (CZE-ID)",1
"Filip DE MAN (BEL-ID)","Peter KOFOD (DNK-ID)",1
"Filip DE MAN (BEL-ID)","Silvia SARDONE (ITA-ID)",1
"Filip DE MAN (BEL-ID)","Gianna GANCIA (ITA-ID)",1
"Filip DE MAN (BEL-ID)","Laura HUHTASAARI (FIN-ID)",1
"Filip DE MAN (BEL-ID)","Teuvo HAKKARAINEN (FIN-ID)",1
"Filip DE MAN (BEL-ID)","Gianantonio DA RE (ITA-ID)",1
"Filip DE MAN (BEL-ID)","Alessandra BASSO (ITA-ID)",1
"Filip DE MAN (BEL-ID)","Elena LIZZI (ITA-ID)",1
"Filip DE MAN (BEL-ID)","Jérôme RIVIÈRE (FRA-ID)",1
"Filip DE MAN (BEL-ID)","Rosanna CONTE (ITA-ID)",1
"Filip DE MAN (BEL-ID)","Thierry MARIANI (FRA-ID)",1
"Filip DE MAN (BEL-ID)","Hervé JUVIN (FRA-ID)",1
"Filip DE MAN (BEL-ID)","Virginie JORON (FRA-ID)",1
"Filip DE MAN (BEL-ID)","Jean-Paul GARRAUD (FRA-ID)",1
"Filip DE MAN (BEL-ID)","Aurélia BEIGNEUX (FRA-ID)",1
"Filip DE MAN (BEL-ID)","Philippe OLIVIER (FRA-ID)",1
"Filip DE MAN (BEL-ID)","André ROUGÉ (FRA-ID)",1
"Filip DE MAN (BEL-ID)","Mathilde ANDROUËT (FRA-ID)",1
"Filip DE MAN (BEL-ID)","Robert ROOS (NLD-ECR)",1
"Filip DE MAN (BEL-ID)","Bert-Jan RUISSEN (NLD-ECR)",1
"Filip DE MAN (BEL-ID)","Rob ROOKEN (NLD-ECR)",1
"Filip DE MAN (BEL-ID)","Susanna CECCARDI (ITA-ID)",1
"Filip DE MAN (BEL-ID)","Antonio Maria RINALDI (ITA-ID)",1
"Filip DE MAN (BEL-ID)","Matteo ADINOLFI (ITA-ID)",1
"Filip DE MAN (BEL-ID)","Jorge BUXADÉ VILLALBA (ESP-ECR)",1
"Filip DE MAN (BEL-ID)","Hermann TERTSCH (ESP-ECR)",1
"Filip DE MAN (BEL-ID)","Mazaly AGUILAR (ESP-ECR)",1
"Filip DE MAN (BEL-ID)","Roman HAIDER (AUT-ID)",1
"Filip DE MAN (BEL-ID)","Vincenzo SOFO (ITA-ECR)",1
"Filip DE MAN (BEL-ID)","Margarita DE LA PISA CARRIÓN (ESP-ECR)",1
"Filip DE MAN (BEL-ID)","Jean-Lin LACAPELLE (FRA-ID)",1
"Filip DE MAN (BEL-ID)","Ladislav ILČIĆ (HRV-ECR)",1
"Christian DOLESCHAL (DEU-EPP)","Javier ZARZALEJOS (ESP-EPP)",1
"Christian DOLESCHAL (DEU-EPP)","Juan Ignacio ZOIDO ÁLVAREZ (ESP-EPP)",1
"Christian DOLESCHAL (DEU-EPP)","Mircea-Gheorghe HAVA (ROU-EPP)",1
"Christian DOLESCHAL (DEU-EPP)","Alexander BERNHUBER (AUT-EPP)",1
"Christian DOLESCHAL (DEU-EPP)","Angelika WINZIG (AUT-EPP)",1
"Christian DOLESCHAL (DEU-EPP)","Tom BERENDSEN (NLD-EPP)",1
"Christian DOLESCHAL (DEU-EPP)","Aušra SEIBUTYTĖ (LTU-EPP)",1
"Christian DOLESCHAL (DEU-EPP)","Liudas MAŽYLIS (LTU-EPP)",1
"Christian DOLESCHAL (DEU-EPP)","Salvatore DE MEO (ITA-EPP)",1
"Christian DOLESCHAL (DEU-EPP)","Riho TERRAS (EST-EPP)",1
"Christine ANDERSON (DEU-ID)","Lars Patrick BERG (DEU-ECR)",1
"Christine ANDERSON (DEU-ID)","Nicolaus FEST (DEU-ID)",1
"Christine ANDERSON (DEU-ID)","Maximilian KRAH (DEU-ID)",1
"Christine ANDERSON (DEU-ID)","Joachim KUHS (DEU-ID)",1
"Christine ANDERSON (DEU-ID)","Sylvia LIMMER (DEU-ID)",1
"Christine ANDERSON (DEU-ID)","Guido REIL (DEU-ID)",1
"Christine ANDERSON (DEU-ID)","Bernhard ZIMNIOK (DEU-ID)",1
"Christine ANDERSON (DEU-ID)","Jaak MADISON (EST-ID)",1
"Christine ANDERSON (DEU-ID)","Hynek BLAŠKO (CZE-ID)",1
"Christine ANDERSON (DEU-ID)","Laura HUHTASAARI (FIN-ID)",1
"Christine ANDERSON (DEU-ID)","Hervé JUVIN (FRA-ID)",1
"Christine ANDERSON (DEU-ID)","Virginie JORON (FRA-ID)",1
"Christine ANDERSON (DEU-ID)","Jean-Paul GARRAUD (FRA-ID)",1
"Christine ANDERSON (DEU-ID)","Aurélia BEIGNEUX (FRA-ID)",1
"Christine ANDERSON (DEU-ID)","André ROUGÉ (FRA-ID)",1
"Christine ANDERSON (DEU-ID)","Mathilde ANDROUËT (FRA-ID)",1
"Christine ANDERSON (DEU-ID)","Robert ROOS (NLD-ECR)",1
"Christine ANDERSON (DEU-ID)","Rob ROOKEN (NLD-ECR)",1
"Christine ANDERSON (DEU-ID)","Jean-Lin LACAPELLE (FRA-ID)",1
"Christine ANDERSON (DEU-ID)","Michiel HOOGEVEEN (NLD-ECR)",1
"Lars Patrick BERG (DEU-ECR)","Nicolaus FEST (DEU-ID)",1
"Lars Patrick BERG (DEU-ECR)","Maximilian KRAH (DEU-ID)",1
"Lars Patrick BERG (DEU-ECR)","Joachim KUHS (DEU-ID)",1
"Lars Patrick BERG (DEU-ECR)","Sylvia LIMMER (DEU-ID)",1
"Lars Patrick BERG (DEU-ECR)","Guido REIL (DEU-ID)",1
"Lars Patrick BERG (DEU-ECR)","Bernhard ZIMNIOK (DEU-ID)",1
"Lars Patrick BERG (DEU-ECR)","Jaak MADISON (EST-ID)",1
"Lars Patrick BERG (DEU-ECR)","Joachim Stanisław BRUDZIŃSKI (POL-ECR)",1
"Lars Patrick BERG (DEU-ECR)","Patryk JAKI (POL-ECR)",1
"Lars Patrick BERG (DEU-ECR)","Krzysztof JURGIEL (POL-ECR)",1
"Lars Patrick BERG (DEU-ECR)","Beata KEMPA (POL-ECR)",1
"Lars Patrick BERG (DEU-ECR)","Izabela-Helena KLOC (POL-ECR)",1
"Lars Patrick BERG (DEU-ECR)","Ondřej KNOTEK (CZE-RENEW)",1
"Lars Patrick BERG (DEU-ECR)","Joanna KOPCIŃSKA (POL-ECR)",1
"Lars Patrick BERG (DEU-ECR)","Elżbieta KRUK (POL-ECR)",1
"Lars Patrick BERG (DEU-ECR)","Beata MAZUREK (POL-ECR)",1
"Lars Patrick BERG (DEU-ECR)","Andżelika Anna MOŻDŻANOWSKA (POL-ECR)",1
"Lars Patrick BERG (DEU-ECR)","Elżbieta RAFALSKA (POL-ECR)",1
"Lars Patrick BERG (DEU-ECR)","Bogdan RZOŃCA (POL-ECR)",1
"Lars Patrick BERG (DEU-ECR)","Beata SZYDŁO (POL-ECR)",1
"Lars Patrick BERG (DEU-ECR)","Grzegorz TOBISZOWSKI (POL-ECR)",1
"Lars Patrick BERG (DEU-ECR)","Witold Jan WASZCZYKOWSKI (POL-ECR)",1
"Lars Patrick BERG (DEU-ECR)","Anna ZALEWSKA (POL-ECR)",1
"Lars Patrick BERG (DEU-ECR)","Silvia SARDONE (ITA-ID)",1
"Lars Patrick BERG (DEU-ECR)","Stefania ZAMBELLI (ITA-ID)",1
"Lars Patrick BERG (DEU-ECR)","Pietro FIOCCHI (ITA-ECR)",1
"Lars Patrick BERG (DEU-ECR)","Gianantonio DA RE (ITA-ID)",1
"Lars Patrick BERG (DEU-ECR)","Alessandra BASSO (ITA-ID)",1
"Lars Patrick BERG (DEU-ECR)","Elena LIZZI (ITA-ID)",1
"Lars Patrick BERG (DEU-ECR)","Rosanna CONTE (ITA-ID)",1
"Lars Patrick BERG (DEU-ECR)","Thierry MARIANI (FRA-ID)",1
"Lars Patrick BERG (DEU-ECR)","Hervé JUVIN (FRA-ID)",1
"Lars Patrick BERG (DEU-ECR)","Virginie JORON (FRA-ID)",1
"Lars Patrick BERG (DEU-ECR)","Jean-Paul GARRAUD (FRA-ID)",1
"Lars Patrick BERG (DEU-ECR)","Cristian TERHEŞ (ROU-ECR)",1
"Lars Patrick BERG (DEU-ECR)","Aurélia BEIGNEUX (FRA-ID)",1
"Lars Patrick BERG (DEU-ECR)","Philippe OLIVIER (FRA-ID)",1
"Lars Patrick BERG (DEU-ECR)","André ROUGÉ (FRA-ID)",1
"Lars Patrick BERG (DEU-ECR)","Mathilde ANDROUËT (FRA-ID)",1
"Lars Patrick BERG (DEU-ECR)","Bert-Jan RUISSEN (NLD-ECR)",1
"Lars Patrick BERG (DEU-ECR)","Susanna CECCARDI (ITA-ID)",1
"Lars Patrick BERG (DEU-ECR)","Antonio Maria RINALDI (ITA-ID)",1
"Lars Patrick BERG (DEU-ECR)","Nicola PROCACCINI (ITA-ECR)",1
"Lars Patrick BERG (DEU-ECR)","Raffaele STANCANELLI (ITA-ECR)",1
"Lars Patrick BERG (DEU-ECR)","Matteo ADINOLFI (ITA-ID)",1
"Lars Patrick BERG (DEU-ECR)","Jorge BUXADÉ VILLALBA (ESP-ECR)",1
"Lars Patrick BERG (DEU-ECR)","Hermann TERTSCH (ESP-ECR)",1
"Lars Patrick BERG (DEU-ECR)","Andrey SLABAKOV (BGR-ECR)",1
"Lars Patrick BERG (DEU-ECR)","Mazaly AGUILAR (ESP-ECR)",1
"Lars Patrick BERG (DEU-ECR)","Roman HAIDER (AUT-ID)",1
"Lars Patrick BERG (DEU-ECR)","Vincenzo SOFO (ITA-ECR)",1
"Lars Patrick BERG (DEU-ECR)","Dominik TARCZYŃSKI (POL-ECR)",1
"Lars Patrick BERG (DEU-ECR)","Margarita DE LA PISA CARRIÓN (ESP-ECR)",1
"Lars Patrick BERG (DEU-ECR)","Jean-Lin LACAPELLE (FRA-ID)",1
"Lars Patrick BERG (DEU-ECR)","Michiel HOOGEVEEN (NLD-ECR)",1
"Lars Patrick BERG (DEU-ECR)","Ladislav ILČIĆ (HRV-ECR)",1
"Lars Patrick BERG (DEU-ECR)","Karolin BRAUNSBERGER-REINHOLD (DEU-EPP)",1
"Nicolaus FEST (DEU-ID)","Maximilian KRAH (DEU-ID)",1
"Nicolaus FEST (DEU-ID)","Joachim KUHS (DEU-ID)",1
"Nicolaus FEST (DEU-ID)","Sylvia LIMMER (DEU-ID)",1
"Nicolaus FEST (DEU-ID)","Guido REIL (DEU-ID)",1
"Nicolaus FEST (DEU-ID)","Bernhard ZIMNIOK (DEU-ID)",1
"Nicolaus FEST (DEU-ID)","Jaak MADISON (EST-ID)",1
"Nicolaus FEST (DEU-ID)","Ivan DAVID (CZE-ID)",1
"Nicolaus FEST (DEU-ID)","Hynek BLAŠKO (CZE-ID)",1
"Nicolaus FEST (DEU-ID)","Teuvo HAKKARAINEN (FIN-ID)",1
"Nicolaus FEST (DEU-ID)","Thierry MARIANI (FRA-ID)",1
"Nicolaus FEST (DEU-ID)","Hervé JUVIN (FRA-ID)",1
"Nicolaus FEST (DEU-ID)","Virginie JORON (FRA-ID)",1
"Nicolaus FEST (DEU-ID)","Jean-Paul GARRAUD (FRA-ID)",1
"Nicolaus FEST (DEU-ID)","Aurélia BEIGNEUX (FRA-ID)",1
"Nicolaus FEST (DEU-ID)","Philippe OLIVIER (FRA-ID)",1
"Nicolaus FEST (DEU-ID)","André ROUGÉ (FRA-ID)",1
"Nicolaus FEST (DEU-ID)","Mathilde ANDROUËT (FRA-ID)",1
"Nicolaus FEST (DEU-ID)","Robert ROOS (NLD-ECR)",1
"Nicolaus FEST (DEU-ID)","Bert-Jan RUISSEN (NLD-ECR)",1
"Nicolaus FEST (DEU-ID)","Rob ROOKEN (NLD-ECR)",1
"Nicolaus FEST (DEU-ID)","Susanna CECCARDI (ITA-ID)",1
"Nicolaus FEST (DEU-ID)","Jorge BUXADÉ VILLALBA (ESP-ECR)",1
"Nicolaus FEST (DEU-ID)","Mazaly AGUILAR (ESP-ECR)",1
"Nicolaus FEST (DEU-ID)","Roman HAIDER (AUT-ID)",1
"Nicolaus FEST (DEU-ID)","Margarita DE LA PISA CARRIÓN (ESP-ECR)",1
"Nicolaus FEST (DEU-ID)","Jean-Lin LACAPELLE (FRA-ID)",1
"Nicolaus FEST (DEU-ID)","Michiel HOOGEVEEN (NLD-ECR)",1
"Nicolaus FEST (DEU-ID)","Ladislav ILČIĆ (HRV-ECR)",1
"Maximilian KRAH (DEU-ID)","Joachim KUHS (DEU-ID)",1
"Maximilian KRAH (DEU-ID)","Sylvia LIMMER (DEU-ID)",1
"Maximilian KRAH (DEU-ID)","Guido REIL (DEU-ID)",1
"Maximilian KRAH (DEU-ID)","Bernhard ZIMNIOK (DEU-ID)",1
"Maximilian KRAH (DEU-ID)","Jaak MADISON (EST-ID)",1
"Maximilian KRAH (DEU-ID)","Hynek BLAŠKO (CZE-ID)",1
"Maximilian KRAH (DEU-ID)","Teuvo HAKKARAINEN (FIN-ID)",1
"Maximilian KRAH (DEU-ID)","Hervé JUVIN (FRA-ID)",1
"Maximilian KRAH (DEU-ID)","Virginie JORON (FRA-ID)",1
"Maximilian KRAH (DEU-ID)","Jean-Paul GARRAUD (FRA-ID)",1
"Maximilian KRAH (DEU-ID)","Aurélia BEIGNEUX (FRA-ID)",1
"Maximilian KRAH (DEU-ID)","Robert ROOS (NLD-ECR)",1
"Maximilian KRAH (DEU-ID)","Rob ROOKEN (NLD-ECR)",1
"Maximilian KRAH (DEU-ID)","Roman HAIDER (AUT-ID)",1
"Maximilian KRAH (DEU-ID)","Jean-Lin LACAPELLE (FRA-ID)",1
"Maximilian KRAH (DEU-ID)","Michiel HOOGEVEEN (NLD-ECR)",1
"Maximilian KRAH (DEU-ID)","Ladislav ILČIĆ (HRV-ECR)",1
"Joachim KUHS (DEU-ID)","Sylvia LIMMER (DEU-ID)",1
"Joachim KUHS (DEU-ID)","Guido REIL (DEU-ID)",1
"Joachim KUHS (DEU-ID)","Bernhard ZIMNIOK (DEU-ID)",1
"Joachim KUHS (DEU-ID)","Jaak MADISON (EST-ID)",1
"Joachim KUHS (DEU-ID)","Ivan DAVID (CZE-ID)",1
"Joachim KUHS (DEU-ID)","Hynek BLAŠKO (CZE-ID)",1
"Joachim KUHS (DEU-ID)","Teuvo HAKKARAINEN (FIN-ID)",1
"Joachim KUHS (DEU-ID)","Thierry MARIANI (FRA-ID)",1
"Joachim KUHS (DEU-ID)","Hervé JUVIN (FRA-ID)",1
"Joachim KUHS (DEU-ID)","Virginie JORON (FRA-ID)",1
"Joachim KUHS (DEU-ID)","Jean-Paul GARRAUD (FRA-ID)",1
"Joachim KUHS (DEU-ID)","Aurélia BEIGNEUX (FRA-ID)",1
"Joachim KUHS (DEU-ID)","André ROUGÉ (FRA-ID)",1
"Joachim KUHS (DEU-ID)","Mathilde ANDROUËT (FRA-ID)",1
"Joachim KUHS (DEU-ID)","Robert ROOS (NLD-ECR)",1
"Joachim KUHS (DEU-ID)","Bert-Jan RUISSEN (NLD-ECR)",1
"Joachim KUHS (DEU-ID)","Rob ROOKEN (NLD-ECR)",1
"Joachim KUHS (DEU-ID)","Jorge BUXADÉ VILLALBA (ESP-ECR)",1
"Joachim KUHS (DEU-ID)","Mazaly AGUILAR (ESP-ECR)",1
"Joachim KUHS (DEU-ID)","Roman HAIDER (AUT-ID)",1
"Joachim KUHS (DEU-ID)","Jean-Lin LACAPELLE (FRA-ID)",1
"Joachim KUHS (DEU-ID)","Michiel HOOGEVEEN (NLD-ECR)",1
"Joachim KUHS (DEU-ID)","Ladislav ILČIĆ (HRV-ECR)",1
"Sylvia LIMMER (DEU-ID)","Guido REIL (DEU-ID)",1
"Sylvia LIMMER (DEU-ID)","Bernhard ZIMNIOK (DEU-ID)",1
"Sylvia LIMMER (DEU-ID)","Jaak MADISON (EST-ID)",1
"Sylvia LIMMER (DEU-ID)","Ivan DAVID (CZE-ID)",1
"Sylvia LIMMER (DEU-ID)","Hynek BLAŠKO (CZE-ID)",1
"Sylvia LIMMER (DEU-ID)","Teuvo HAKKARAINEN (FIN-ID)",1
"Sylvia LIMMER (DEU-ID)","Hervé JUVIN (FRA-ID)",1
"Sylvia LIMMER (DEU-ID)","Virginie JORON (FRA-ID)",1
"Sylvia LIMMER (DEU-ID)","Jean-Paul GARRAUD (FRA-ID)",1
"Sylvia LIMMER (DEU-ID)","Aurélia BEIGNEUX (FRA-ID)",1
"Sylvia LIMMER (DEU-ID)","André ROUGÉ (FRA-ID)",1
"Sylvia LIMMER (DEU-ID)","Mathilde ANDROUËT (FRA-ID)",1
"Sylvia LIMMER (DEU-ID)","Robert ROOS (NLD-ECR)",1
"Sylvia LIMMER (DEU-ID)","Bert-Jan RUISSEN (NLD-ECR)",1
"Sylvia LIMMER (DEU-ID)","Rob ROOKEN (NLD-ECR)",1
"Sylvia LIMMER (DEU-ID)","Jorge BUXADÉ VILLALBA (ESP-ECR)",1
"Sylvia LIMMER (DEU-ID)","Jean-Lin LACAPELLE (FRA-ID)",1
"Sylvia LIMMER (DEU-ID)","Michiel HOOGEVEEN (NLD-ECR)",1
"Sylvia LIMMER (DEU-ID)","Ladislav ILČIĆ (HRV-ECR)",1
"Guido REIL (DEU-ID)","Bernhard ZIMNIOK (DEU-ID)",1
"Guido REIL (DEU-ID)","Jaak MADISON (EST-ID)",1
"Guido REIL (DEU-ID)","Ivan DAVID (CZE-ID)",1
"Guido REIL (DEU-ID)","Hynek BLAŠKO (CZE-ID)",1
"Guido REIL (DEU-ID)","Teuvo HAKKARAINEN (FIN-ID)",1
"Guido REIL (DEU-ID)","Thierry MARIANI (FRA-ID)",1
"Guido REIL (DEU-ID)","Hervé JUVIN (FRA-ID)",1
"Guido REIL (DEU-ID)","Virginie JORON (FRA-ID)",1
"Guido REIL (DEU-ID)","Jean-Paul GARRAUD (FRA-ID)",1
"Guido REIL (DEU-ID)","Aurélia BEIGNEUX (FRA-ID)",1
"Guido REIL (DEU-ID)","Philippe OLIVIER (FRA-ID)",1
"Guido REIL (DEU-ID)","André ROUGÉ (FRA-ID)",1
"Guido REIL (DEU-ID)","Mathilde ANDROUËT (FRA-ID)",1
"Guido REIL (DEU-ID)","Robert ROOS (NLD-ECR)",1
"Guido REIL (DEU-ID)","Bert-Jan RUISSEN (NLD-ECR)",1
"Guido REIL (DEU-ID)","Rob ROOKEN (NLD-ECR)",1
"Guido REIL (DEU-ID)","Susanna CECCARDI (ITA-ID)",1
"Guido REIL (DEU-ID)","Matteo ADINOLFI (ITA-ID)",1
"Guido REIL (DEU-ID)","Jorge BUXADÉ VILLALBA (ESP-ECR)",1
"Guido REIL (DEU-ID)","Mazaly AGUILAR (ESP-ECR)",1
"Guido REIL (DEU-ID)","Roman HAIDER (AUT-ID)",1
"Guido REIL (DEU-ID)","Margarita DE LA PISA CARRIÓN (ESP-ECR)",1
"Guido REIL (DEU-ID)","Jean-Lin LACAPELLE (FRA-ID)",1
"Guido REIL (DEU-ID)","Michiel HOOGEVEEN (NLD-ECR)",1
"Guido REIL (DEU-ID)","Ladislav ILČIĆ (HRV-ECR)",1
"Bernhard ZIMNIOK (DEU-ID)","Jaak MADISON (EST-ID)",1
"Bernhard ZIMNIOK (DEU-ID)","Hynek BLAŠKO (CZE-ID)",1
"Bernhard ZIMNIOK (DEU-ID)","Teuvo HAKKARAINEN (FIN-ID)",1
"Bernhard ZIMNIOK (DEU-ID)","Thierry MARIANI (FRA-ID)",1
"Bernhard ZIMNIOK (DEU-ID)","Hervé JUVIN (FRA-ID)",1
"Bernhard ZIMNIOK (DEU-ID)","Virginie JORON (FRA-ID)",1
"Bernhard ZIMNIOK (DEU-ID)","Jean-Paul GARRAUD (FRA-ID)",1
"Bernhard ZIMNIOK (DEU-ID)","Aurélia BEIGNEUX (FRA-ID)",1
"Bernhard ZIMNIOK (DEU-ID)","André ROUGÉ (FRA-ID)",1
"Bernhard ZIMNIOK (DEU-ID)","Mathilde ANDROUËT (FRA-ID)",1
"Bernhard ZIMNIOK (DEU-ID)","Robert ROOS (NLD-ECR)",1
"Bernhard ZIMNIOK (DEU-ID)","Bert-Jan RUISSEN (NLD-ECR)",1
"Bernhard ZIMNIOK (DEU-ID)","Rob ROOKEN (NLD-ECR)",1
"Bernhard ZIMNIOK (DEU-ID)","Jorge BUXADÉ VILLALBA (ESP-ECR)",1
"Bernhard ZIMNIOK (DEU-ID)","Mazaly AGUILAR (ESP-ECR)",1
"Bernhard ZIMNIOK (DEU-ID)","Roman HAIDER (AUT-ID)",1
"Bernhard ZIMNIOK (DEU-ID)","Jean-Lin LACAPELLE (FRA-ID)",1
"Bernhard ZIMNIOK (DEU-ID)","Michiel HOOGEVEEN (NLD-ECR)",1
"Bernhard ZIMNIOK (DEU-ID)","Ladislav ILČIĆ (HRV-ECR)",1
"Bartosz ARŁUKOWICZ (POL-EPP)","Stéphane SÉJOURNÉ (FRA-RENEW)",1
"Bartosz ARŁUKOWICZ (POL-EPP)","Agnès EVREN (FRA-EPP)",1
"Bartosz ARŁUKOWICZ (POL-EPP)","Radosław SIKORSKI (POL-EPP)",1
"Bartosz ARŁUKOWICZ (POL-EPP)","Søren GADE (DNK-RENEW)",1
"Bartosz ARŁUKOWICZ (POL-EPP)","Pierfrancesco MAJORINO (ITA-SD)",1
"Bartosz ARŁUKOWICZ (POL-EPP)","Véronique TRILLET-LENOIR (FRA-RENEW)",1
"Bartosz ARŁUKOWICZ (POL-EPP)","Alexander BERNHUBER (AUT-EPP)",1
"Bartosz ARŁUKOWICZ (POL-EPP)","Gheorghe FALCĂ (ROU-EPP)",1
"Bartosz ARŁUKOWICZ (POL-EPP)","Carmen AVRAM (ROU-SD)",1
"Bartosz ARŁUKOWICZ (POL-EPP)","Simone SCHMIEDTBAUER (AUT-EPP)",1
"Bartosz ARŁUKOWICZ (POL-EPP)","Sira REGO (ESP-GUE_NGL)",1
"Bartosz ARŁUKOWICZ (POL-EPP)","Adriana MALDONADO LÓPEZ (ESP-SD)",1
"Bartosz ARŁUKOWICZ (POL-EPP)","Álvaro AMARO (PRT-EPP)",1
"Bartosz ARŁUKOWICZ (POL-EPP)","Luisa REGIMENTI (ITA-ID)",1
"Bartosz ARŁUKOWICZ (POL-EPP)","Andrea CAROPPO (ITA-EPP)",1
"Bartosz ARŁUKOWICZ (POL-EPP)","Gheorghe-Vlad NISTOR (ROU-EPP)",1
"Jaak MADISON (EST-ID)","Ivan DAVID (CZE-ID)",1
"Jaak MADISON (EST-ID)","Hynek BLAŠKO (CZE-ID)",1
"Jaak MADISON (EST-ID)","Silvia SARDONE (ITA-ID)",1
"Jaak MADISON (EST-ID)","Laura HUHTASAARI (FIN-ID)",1
"Jaak MADISON (EST-ID)","Teuvo HAKKARAINEN (FIN-ID)",1
"Jaak MADISON (EST-ID)","Gianantonio DA RE (ITA-ID)",1
"Jaak MADISON (EST-ID)","Alessandra BASSO (ITA-ID)",1
"Jaak MADISON (EST-ID)","Elena LIZZI (ITA-ID)",1
"Jaak MADISON (EST-ID)","Jérôme RIVIÈRE (FRA-ID)",1
"Jaak MADISON (EST-ID)","Rosanna CONTE (ITA-ID)",1
"Jaak MADISON (EST-ID)","Thierry MARIANI (FRA-ID)",1
"Jaak MADISON (EST-ID)","Hervé JUVIN (FRA-ID)",1
"Jaak MADISON (EST-ID)","Virginie JORON (FRA-ID)",1
"Jaak MADISON (EST-ID)","Jean-Paul GARRAUD (FRA-ID)",1
"Jaak MADISON (EST-ID)","Aurélia BEIGNEUX (FRA-ID)",1
"Jaak MADISON (EST-ID)","Philippe OLIVIER (FRA-ID)",1
"Jaak MADISON (EST-ID)","André ROUGÉ (FRA-ID)",1
"Jaak MADISON (EST-ID)","Mathilde ANDROUËT (FRA-ID)",1
"Jaak MADISON (EST-ID)","Robert ROOS (NLD-ECR)",1
"Jaak MADISON (EST-ID)","Bert-Jan RUISSEN (NLD-ECR)",1
"Jaak MADISON (EST-ID)","Susanna CECCARDI (ITA-ID)",1
"Jaak MADISON (EST-ID)","Antonio Maria RINALDI (ITA-ID)",1
"Jaak MADISON (EST-ID)","Jorge BUXADÉ VILLALBA (ESP-ECR)",1
"Jaak MADISON (EST-ID)","Hermann TERTSCH (ESP-ECR)",1
"Jaak MADISON (EST-ID)","Mazaly AGUILAR (ESP-ECR)",1
"Jaak MADISON (EST-ID)","Roman HAIDER (AUT-ID)",1
"Jaak MADISON (EST-ID)","Margarita DE LA PISA CARRIÓN (ESP-ECR)",1
"Jaak MADISON (EST-ID)","Jean-Lin LACAPELLE (FRA-ID)",1
"Jaak MADISON (EST-ID)","Ladislav ILČIĆ (HRV-ECR)",1
"Marek BELKA (POL-SD)","Stelios KYMPOUROPOULOS (GRC-EPP)",1
"Marek BELKA (POL-SD)","Adriana MALDONADO LÓPEZ (ESP-SD)",1
"Mounir SATOURI (FRA-GREEN_EFA)","David CORMAND (FRA-GREEN_EFA)",1
"Mounir SATOURI (FRA-GREEN_EFA)","Caroline ROOSE (FRA-GREEN_EFA)",1
"Mounir SATOURI (FRA-GREEN_EFA)","Benoît BITEAU (FRA-GREEN_EFA)",1
"Mounir SATOURI (FRA-GREEN_EFA)","Gwendoline DELBOS-CORFIELD (FRA-GREEN_EFA)",1
"Mounir SATOURI (FRA-GREEN_EFA)","Damien CARÊME (FRA-GREEN_EFA)",1
"Mounir SATOURI (FRA-GREEN_EFA)","Francisco GUERREIRO (PRT-GREEN_EFA)",1
"Mounir SATOURI (FRA-GREEN_EFA)","Ciarán CUFFE (IRL-GREEN_EFA)",1
"Mounir SATOURI (FRA-GREEN_EFA)","Tineke STRIK (NLD-GREEN_EFA)",1
"Mounir SATOURI (FRA-GREEN_EFA)","Diana RIBA I GINER (ESP-GREEN_EFA)",1
"Mounir SATOURI (FRA-GREEN_EFA)","Kim VAN SPARRENTAK (NLD-GREEN_EFA)",1
"Mounir SATOURI (FRA-GREEN_EFA)","Grace O'SULLIVAN (IRL-GREEN_EFA)",1
"Mounir SATOURI (FRA-GREEN_EFA)","Claude GRUFFAT (FRA-GREEN_EFA)",1
"Joachim Stanisław BRUDZIŃSKI (POL-ECR)","Patryk JAKI (POL-ECR)",1
"Joachim Stanisław BRUDZIŃSKI (POL-ECR)","Krzysztof JURGIEL (POL-ECR)",1
"Joachim Stanisław BRUDZIŃSKI (POL-ECR)","Beata KEMPA (POL-ECR)",1
"Joachim Stanisław BRUDZIŃSKI (POL-ECR)","Izabela-Helena KLOC (POL-ECR)",1
"Joachim Stanisław BRUDZIŃSKI (POL-ECR)","Joanna KOPCIŃSKA (POL-ECR)",1
"Joachim Stanisław BRUDZIŃSKI (POL-ECR)","Elżbieta KRUK (POL-ECR)",1
"Joachim Stanisław BRUDZIŃSKI (POL-ECR)","Alexandr VONDRA (CZE-ECR)",1
"Joachim Stanisław BRUDZIŃSKI (POL-ECR)","Beata MAZUREK (POL-ECR)",1
"Joachim Stanisław BRUDZIŃSKI (POL-ECR)","Andżelika Anna MOŻDŻANOWSKA (POL-ECR)",1
"Joachim Stanisław BRUDZIŃSKI (POL-ECR)","Elżbieta RAFALSKA (POL-ECR)",1
"Joachim Stanisław BRUDZIŃSKI (POL-ECR)","Bogdan RZOŃCA (POL-ECR)",1
"Joachim Stanisław BRUDZIŃSKI (POL-ECR)","Veronika VRECIONOVÁ (CZE-ECR)",1
"Joachim Stanisław BRUDZIŃSKI (POL-ECR)","Beata SZYDŁO (POL-ECR)",1
"Joachim Stanisław BRUDZIŃSKI (POL-ECR)","Grzegorz TOBISZOWSKI (POL-ECR)",1
"Joachim Stanisław BRUDZIŃSKI (POL-ECR)","Witold Jan WASZCZYKOWSKI (POL-ECR)",1
"Joachim Stanisław BRUDZIŃSKI (POL-ECR)","Anna ZALEWSKA (POL-ECR)",1
"Joachim Stanisław BRUDZIŃSKI (POL-ECR)","Pietro FIOCCHI (ITA-ECR)",1
"Joachim Stanisław BRUDZIŃSKI (POL-ECR)","Gianantonio DA RE (ITA-ID)",1
"Joachim Stanisław BRUDZIŃSKI (POL-ECR)","Alessandra BASSO (ITA-ID)",1
"Joachim Stanisław BRUDZIŃSKI (POL-ECR)","Cristian TERHEŞ (ROU-ECR)",1
"Joachim Stanisław BRUDZIŃSKI (POL-ECR)","Bert-Jan RUISSEN (NLD-ECR)",1
"Joachim Stanisław BRUDZIŃSKI (POL-ECR)","Susanna CECCARDI (ITA-ID)",1
"Joachim Stanisław BRUDZIŃSKI (POL-ECR)","Nicola PROCACCINI (ITA-ECR)",1
"Joachim Stanisław BRUDZIŃSKI (POL-ECR)","Raffaele STANCANELLI (ITA-ECR)",1
"Joachim Stanisław BRUDZIŃSKI (POL-ECR)","Jorge BUXADÉ VILLALBA (ESP-ECR)",1
"Joachim Stanisław BRUDZIŃSKI (POL-ECR)","Hermann TERTSCH (ESP-ECR)",1
"Joachim Stanisław BRUDZIŃSKI (POL-ECR)","Andrey SLABAKOV (BGR-ECR)",1
"Joachim Stanisław BRUDZIŃSKI (POL-ECR)","Mazaly AGUILAR (ESP-ECR)",1
"Joachim Stanisław BRUDZIŃSKI (POL-ECR)","Emmanouil FRAGKOS (GRC-ECR)",1
"Joachim Stanisław BRUDZIŃSKI (POL-ECR)","Vincenzo SOFO (ITA-ECR)",1
"Joachim Stanisław BRUDZIŃSKI (POL-ECR)","Dominik TARCZYŃSKI (POL-ECR)",1
"Joachim Stanisław BRUDZIŃSKI (POL-ECR)","Margarita DE LA PISA CARRIÓN (ESP-ECR)",1
"Joachim Stanisław BRUDZIŃSKI (POL-ECR)","Ladislav ILČIĆ (HRV-ECR)",1
"David CORMAND (FRA-GREEN_EFA)","Caroline ROOSE (FRA-GREEN_EFA)",1
"David CORMAND (FRA-GREEN_EFA)","Benoît BITEAU (FRA-GREEN_EFA)",1
"David CORMAND (FRA-GREEN_EFA)","Gwendoline DELBOS-CORFIELD (FRA-GREEN_EFA)",1
"David CORMAND (FRA-GREEN_EFA)","Francisco GUERREIRO (PRT-GREEN_EFA)",1
"David CORMAND (FRA-GREEN_EFA)","Ciarán CUFFE (IRL-GREEN_EFA)",1
"David CORMAND (FRA-GREEN_EFA)","Diana RIBA I GINER (ESP-GREEN_EFA)",1
"David CORMAND (FRA-GREEN_EFA)","Kim VAN SPARRENTAK (NLD-GREEN_EFA)",1
"David CORMAND (FRA-GREEN_EFA)","Grace O'SULLIVAN (IRL-GREEN_EFA)",1
"David CORMAND (FRA-GREEN_EFA)","Claude GRUFFAT (FRA-GREEN_EFA)",1
"Caroline ROOSE (FRA-GREEN_EFA)","Benoît BITEAU (FRA-GREEN_EFA)",1
"Caroline ROOSE (FRA-GREEN_EFA)","Gwendoline DELBOS-CORFIELD (FRA-GREEN_EFA)",1
"Caroline ROOSE (FRA-GREEN_EFA)","Damien CARÊME (FRA-GREEN_EFA)",1
"Caroline ROOSE (FRA-GREEN_EFA)","Francisco GUERREIRO (PRT-GREEN_EFA)",1
"Caroline ROOSE (FRA-GREEN_EFA)","Ciarán CUFFE (IRL-GREEN_EFA)",1
"Caroline ROOSE (FRA-GREEN_EFA)","Tineke STRIK (NLD-GREEN_EFA)",1
"Caroline ROOSE (FRA-GREEN_EFA)","Ville NIINISTÖ (FIN-GREEN_EFA)",1
"Caroline ROOSE (FRA-GREEN_EFA)","Diana RIBA I GINER (ESP-GREEN_EFA)",1
"Caroline ROOSE (FRA-GREEN_EFA)","Kim VAN SPARRENTAK (NLD-GREEN_EFA)",1
"Caroline ROOSE (FRA-GREEN_EFA)","Grace O'SULLIVAN (IRL-GREEN_EFA)",1
"Caroline ROOSE (FRA-GREEN_EFA)","Claude GRUFFAT (FRA-GREEN_EFA)",1
"Stéphane SÉJOURNÉ (FRA-RENEW)","Agnès EVREN (FRA-EPP)",1
"Stéphane SÉJOURNÉ (FRA-RENEW)","Radosław SIKORSKI (POL-EPP)",1
"Stéphane SÉJOURNÉ (FRA-RENEW)","Pierfrancesco MAJORINO (ITA-SD)",1
"Stéphane SÉJOURNÉ (FRA-RENEW)","Véronique TRILLET-LENOIR (FRA-RENEW)",1
"Stéphane SÉJOURNÉ (FRA-RENEW)","Simone SCHMIEDTBAUER (AUT-EPP)",1
"Stéphane SÉJOURNÉ (FRA-RENEW)","Sira REGO (ESP-GUE_NGL)",1
"Stéphane SÉJOURNÉ (FRA-RENEW)","Adriana MALDONADO LÓPEZ (ESP-SD)",1
"Stéphane SÉJOURNÉ (FRA-RENEW)","Álvaro AMARO (PRT-EPP)",1
"Stéphane SÉJOURNÉ (FRA-RENEW)","Luisa REGIMENTI (ITA-ID)",1
"Jarosław DUDA (POL-EPP)","Tomasz FRANKOWSKI (POL-EPP)",1
"Jarosław DUDA (POL-EPP)","Adam JARUBAS (POL-EPP)",1
"Jarosław DUDA (POL-EPP)","Juan Ignacio ZOIDO ÁLVAREZ (ESP-EPP)",1
"Jarosław DUDA (POL-EPP)","Mircea-Gheorghe HAVA (ROU-EPP)",1
"Jarosław DUDA (POL-EPP)","Traian BĂSESCU (ROU-EPP)",1
"Jarosław DUDA (POL-EPP)","Tom BERENDSEN (NLD-EPP)",1
"Jarosław DUDA (POL-EPP)","Aušra SEIBUTYTĖ (LTU-EPP)",1
"Jarosław DUDA (POL-EPP)","Liudas MAŽYLIS (LTU-EPP)",1
"Jarosław DUDA (POL-EPP)","Andrius KUBILIUS (LTU-EPP)",1
"Jarosław DUDA (POL-EPP)","Riho TERRAS (EST-EPP)",1
"Benoît BITEAU (FRA-GREEN_EFA)","Gwendoline DELBOS-CORFIELD (FRA-GREEN_EFA)",1
"Benoît BITEAU (FRA-GREEN_EFA)","Damien CARÊME (FRA-GREEN_EFA)",1
"Benoît BITEAU (FRA-GREEN_EFA)","Francisco GUERREIRO (PRT-GREEN_EFA)",1
"Benoît BITEAU (FRA-GREEN_EFA)","Ciarán CUFFE (IRL-GREEN_EFA)",1
"Benoît BITEAU (FRA-GREEN_EFA)","Grace O'SULLIVAN (IRL-GREEN_EFA)",1
"Benoît BITEAU (FRA-GREEN_EFA)","Claude GRUFFAT (FRA-GREEN_EFA)",1
"Tomasz FRANKOWSKI (POL-EPP)","Adam JARUBAS (POL-EPP)",1
"Tomasz FRANKOWSKI (POL-EPP)","Juan Ignacio ZOIDO ÁLVAREZ (ESP-EPP)",1
"Tomasz FRANKOWSKI (POL-EPP)","Vasile BLAGA (ROU-EPP)",1
"Tomasz FRANKOWSKI (POL-EPP)","Eugen TOMAC (ROU-EPP)",1
"Tomasz FRANKOWSKI (POL-EPP)","Tom BERENDSEN (NLD-EPP)",1
"Tomasz FRANKOWSKI (POL-EPP)","Aušra SEIBUTYTĖ (LTU-EPP)",1
"Tomasz FRANKOWSKI (POL-EPP)","Liudas MAŽYLIS (LTU-EPP)",1
"Tomasz FRANKOWSKI (POL-EPP)","Andrius KUBILIUS (LTU-EPP)",1
"Tomasz FRANKOWSKI (POL-EPP)","Salvatore DE MEO (ITA-EPP)",1
"Tomasz FRANKOWSKI (POL-EPP)","Riho TERRAS (EST-EPP)",1
"Andrzej HALICKI (POL-EPP)","Ewa KOPACZ (POL-EPP)",1
"Andrzej HALICKI (POL-EPP)","Alexander BERNHUBER (AUT-EPP)",1
"Andrzej HALICKI (POL-EPP)","Gheorghe FALCĂ (ROU-EPP)",1
"Andrzej HALICKI (POL-EPP)","Dolors MONTSERRAT (ESP-EPP)",1
"Andrzej HALICKI (POL-EPP)","Salvatore DE MEO (ITA-EPP)",1
"Pernille WEISS (DNK-EPP)","Tom BERENDSEN (NLD-EPP)",1
"Pernille WEISS (DNK-EPP)","Bart GROOTHUIS (NLD-RENEW)",1
"Patryk JAKI (POL-ECR)","Krzysztof JURGIEL (POL-ECR)",1
"Patryk JAKI (POL-ECR)","Beata KEMPA (POL-ECR)",1
"Patryk JAKI (POL-ECR)","Izabela-Helena KLOC (POL-ECR)",1
"Patryk JAKI (POL-ECR)","Joanna KOPCIŃSKA (POL-ECR)",1
"Patryk JAKI (POL-ECR)","Elżbieta KRUK (POL-ECR)",1
"Patryk JAKI (POL-ECR)","Alexandr VONDRA (CZE-ECR)",1
"Patryk JAKI (POL-ECR)","Beata MAZUREK (POL-ECR)",1
"Patryk JAKI (POL-ECR)","Andżelika Anna MOŻDŻANOWSKA (POL-ECR)",1
"Patryk JAKI (POL-ECR)","Elżbieta RAFALSKA (POL-ECR)",1
"Patryk JAKI (POL-ECR)","Bogdan RZOŃCA (POL-ECR)",1
"Patryk JAKI (POL-ECR)","Veronika VRECIONOVÁ (CZE-ECR)",1
"Patryk JAKI (POL-ECR)","Beata SZYDŁO (POL-ECR)",1
"Patryk JAKI (POL-ECR)","Grzegorz TOBISZOWSKI (POL-ECR)",1
"Patryk JAKI (POL-ECR)","Witold Jan WASZCZYKOWSKI (POL-ECR)",1
"Patryk JAKI (POL-ECR)","Anna ZALEWSKA (POL-ECR)",1
"Patryk JAKI (POL-ECR)","Silvia SARDONE (ITA-ID)",1
"Patryk JAKI (POL-ECR)","Gianna GANCIA (ITA-ID)",1
"Patryk JAKI (POL-ECR)","Stefania ZAMBELLI (ITA-ID)",1
"Patryk JAKI (POL-ECR)","Pietro FIOCCHI (ITA-ECR)",1
"Patryk JAKI (POL-ECR)","Gianantonio DA RE (ITA-ID)",1
"Patryk JAKI (POL-ECR)","Alessandra BASSO (ITA-ID)",1
"Patryk JAKI (POL-ECR)","Elena LIZZI (ITA-ID)",1
"Patryk JAKI (POL-ECR)","Rosanna CONTE (ITA-ID)",1
"Patryk JAKI (POL-ECR)","Thierry MARIANI (FRA-ID)",1
"Patryk JAKI (POL-ECR)","Hervé JUVIN (FRA-ID)",1
"Patryk JAKI (POL-ECR)","Virginie JORON (FRA-ID)",1
"Patryk JAKI (POL-ECR)","Jean-Paul GARRAUD (FRA-ID)",1
"Patryk JAKI (POL-ECR)","Cristian TERHEŞ (ROU-ECR)",1
"Patryk JAKI (POL-ECR)","Aurélia BEIGNEUX (FRA-ID)",1
"Patryk JAKI (POL-ECR)","Philippe OLIVIER (FRA-ID)",1
"Patryk JAKI (POL-ECR)","André ROUGÉ (FRA-ID)",1
"Patryk JAKI (POL-ECR)","Mathilde ANDROUËT (FRA-ID)",1
"Patryk JAKI (POL-ECR)","Bert-Jan RUISSEN (NLD-ECR)",1
"Patryk JAKI (POL-ECR)","Susanna CECCARDI (ITA-ID)",1
"Patryk JAKI (POL-ECR)","Antonio Maria RINALDI (ITA-ID)",1
"Patryk JAKI (POL-ECR)","Valentino GRANT (ITA-ID)",1
"Patryk JAKI (POL-ECR)","Nicola PROCACCINI (ITA-ECR)",1
"Patryk JAKI (POL-ECR)","Raffaele STANCANELLI (ITA-ECR)",1
"Patryk JAKI (POL-ECR)","Matteo ADINOLFI (ITA-ID)",1
"Patryk JAKI (POL-ECR)","Jorge BUXADÉ VILLALBA (ESP-ECR)",1
"Patryk JAKI (POL-ECR)","Hermann TERTSCH (ESP-ECR)",1
"Patryk JAKI (POL-ECR)","Andrey SLABAKOV (BGR-ECR)",1
"Patryk JAKI (POL-ECR)","Mazaly AGUILAR (ESP-ECR)",1
"Patryk JAKI (POL-ECR)","Emmanouil FRAGKOS (GRC-ECR)",1
"Patryk JAKI (POL-ECR)","Vincenzo SOFO (ITA-ECR)",1
"Patryk JAKI (POL-ECR)","Dominik TARCZYŃSKI (POL-ECR)",1
"Patryk JAKI (POL-ECR)","Margarita DE LA PISA CARRIÓN (ESP-ECR)",1
"Patryk JAKI (POL-ECR)","Jean-Lin LACAPELLE (FRA-ID)",1
"Patryk JAKI (POL-ECR)","Ladislav ILČIĆ (HRV-ECR)",1
"Adam JARUBAS (POL-EPP)","Vasile BLAGA (ROU-EPP)",1
"Adam JARUBAS (POL-EPP)","Angelika WINZIG (AUT-EPP)",1
"Adam JARUBAS (POL-EPP)","Barbara THALER (AUT-EPP)",1
"Adam JARUBAS (POL-EPP)","Traian BĂSESCU (ROU-EPP)",1
"Adam JARUBAS (POL-EPP)","Tom BERENDSEN (NLD-EPP)",1
"Adam JARUBAS (POL-EPP)","Aušra SEIBUTYTĖ (LTU-EPP)",1
"Adam JARUBAS (POL-EPP)","Alexander ALEXANDROV YORDANOV (BGR-EPP)",1
"Adam JARUBAS (POL-EPP)","Liudas MAŽYLIS (LTU-EPP)",1
"Adam JARUBAS (POL-EPP)","Christian SAGARTZ (AUT-EPP)",1
"Krzysztof JURGIEL (POL-ECR)","Beata KEMPA (POL-ECR)",1
"Krzysztof JURGIEL (POL-ECR)","Izabela-Helena KLOC (POL-ECR)",1
"Krzysztof JURGIEL (POL-ECR)","Joanna KOPCIŃSKA (POL-ECR)",1
"Krzysztof JURGIEL (POL-ECR)","Elżbieta KRUK (POL-ECR)",1
"Krzysztof JURGIEL (POL-ECR)","Alexandr VONDRA (CZE-ECR)",1
"Krzysztof JURGIEL (POL-ECR)","Beata MAZUREK (POL-ECR)",1
"Krzysztof JURGIEL (POL-ECR)","Andżelika Anna MOŻDŻANOWSKA (POL-ECR)",1
"Krzysztof JURGIEL (POL-ECR)","Elżbieta RAFALSKA (POL-ECR)",1
"Krzysztof JURGIEL (POL-ECR)","Bogdan RZOŃCA (POL-ECR)",1
"Krzysztof JURGIEL (POL-ECR)","Veronika VRECIONOVÁ (CZE-ECR)",1
"Krzysztof JURGIEL (POL-ECR)","Beata SZYDŁO (POL-ECR)",1
"Krzysztof JURGIEL (POL-ECR)","Grzegorz TOBISZOWSKI (POL-ECR)",1
"Krzysztof JURGIEL (POL-ECR)","Witold Jan WASZCZYKOWSKI (POL-ECR)",1
"Krzysztof JURGIEL (POL-ECR)","Anna ZALEWSKA (POL-ECR)",1
"Krzysztof JURGIEL (POL-ECR)","Silvia SARDONE (ITA-ID)",1
"Krzysztof JURGIEL (POL-ECR)","Stefania ZAMBELLI (ITA-ID)",1
"Krzysztof JURGIEL (POL-ECR)","Pietro FIOCCHI (ITA-ECR)",1
"Krzysztof JURGIEL (POL-ECR)","Gianantonio DA RE (ITA-ID)",1
"Krzysztof JURGIEL (POL-ECR)","Alessandra BASSO (ITA-ID)",1
"Krzysztof JURGIEL (POL-ECR)","Elena LIZZI (ITA-ID)",1
"Krzysztof JURGIEL (POL-ECR)","Rosanna CONTE (ITA-ID)",1
"Krzysztof JURGIEL (POL-ECR)","Cristian TERHEŞ (ROU-ECR)",1
"Krzysztof JURGIEL (POL-ECR)","Bert-Jan RUISSEN (NLD-ECR)",1
"Krzysztof JURGIEL (POL-ECR)","Susanna CECCARDI (ITA-ID)",1
"Krzysztof JURGIEL (POL-ECR)","Antonio Maria RINALDI (ITA-ID)",1
"Krzysztof JURGIEL (POL-ECR)","Nicola PROCACCINI (ITA-ECR)",1
"Krzysztof JURGIEL (POL-ECR)","Giuseppe MILAZZO (ITA-ECR)",1
"Krzysztof JURGIEL (POL-ECR)","Raffaele STANCANELLI (ITA-ECR)",1
"Krzysztof JURGIEL (POL-ECR)","Matteo ADINOLFI (ITA-ID)",1
"Krzysztof JURGIEL (POL-ECR)","Jorge BUXADÉ VILLALBA (ESP-ECR)",1
"Krzysztof JURGIEL (POL-ECR)","Hermann TERTSCH (ESP-ECR)",1
"Krzysztof JURGIEL (POL-ECR)","Andrey SLABAKOV (BGR-ECR)",1
"Krzysztof JURGIEL (POL-ECR)","Mazaly AGUILAR (ESP-ECR)",1
"Krzysztof JURGIEL (POL-ECR)","Vincenzo SOFO (ITA-ECR)",1
"Krzysztof JURGIEL (POL-ECR)","Dominik TARCZYŃSKI (POL-ECR)",1
"Krzysztof JURGIEL (POL-ECR)","Margarita DE LA PISA CARRIÓN (ESP-ECR)",1
"Krzysztof JURGIEL (POL-ECR)","Ladislav ILČIĆ (HRV-ECR)",1
"Beata KEMPA (POL-ECR)","Izabela-Helena KLOC (POL-ECR)",1
"Beata KEMPA (POL-ECR)","Joanna KOPCIŃSKA (POL-ECR)",1
"Beata KEMPA (POL-ECR)","Elżbieta KRUK (POL-ECR)",1
"Beata KEMPA (POL-ECR)","Alexandr VONDRA (CZE-ECR)",1
"Beata KEMPA (POL-ECR)","Beata MAZUREK (POL-ECR)",1
"Beata KEMPA (POL-ECR)","Andżelika Anna MOŻDŻANOWSKA (POL-ECR)",1
"Beata KEMPA (POL-ECR)","Elżbieta RAFALSKA (POL-ECR)",1
"Beata KEMPA (POL-ECR)","Bogdan RZOŃCA (POL-ECR)",1
"Beata KEMPA (POL-ECR)","Veronika VRECIONOVÁ (CZE-ECR)",1
"Beata KEMPA (POL-ECR)","Beata SZYDŁO (POL-ECR)",1
"Beata KEMPA (POL-ECR)","Grzegorz TOBISZOWSKI (POL-ECR)",1
"Beata KEMPA (POL-ECR)","Witold Jan WASZCZYKOWSKI (POL-ECR)",1
"Beata KEMPA (POL-ECR)","Anna ZALEWSKA (POL-ECR)",1
"Beata KEMPA (POL-ECR)","Silvia SARDONE (ITA-ID)",1
"Beata KEMPA (POL-ECR)","Stefania ZAMBELLI (ITA-ID)",1
"Beata KEMPA (POL-ECR)","Pietro FIOCCHI (ITA-ECR)",1
"Beata KEMPA (POL-ECR)","Gianantonio DA RE (ITA-ID)",1
"Beata KEMPA (POL-ECR)","Alessandra BASSO (ITA-ID)",1
"Beata KEMPA (POL-ECR)","Elena LIZZI (ITA-ID)",1
"Beata KEMPA (POL-ECR)","Jérôme RIVIÈRE (FRA-ID)",1
"Beata KEMPA (POL-ECR)","Rosanna CONTE (ITA-ID)",1
"Beata KEMPA (POL-ECR)","Thierry MARIANI (FRA-ID)",1
"Beata KEMPA (POL-ECR)","Hervé JUVIN (FRA-ID)",1
"Beata KEMPA (POL-ECR)","Virginie JORON (FRA-ID)",1
"Beata KEMPA (POL-ECR)","Jean-Paul GARRAUD (FRA-ID)",1
"Beata KEMPA (POL-ECR)","Cristian TERHEŞ (ROU-ECR)",1
"Beata KEMPA (POL-ECR)","Aurélia BEIGNEUX (FRA-ID)",1
"Beata KEMPA (POL-ECR)","Philippe OLIVIER (FRA-ID)",1
"Beata KEMPA (POL-ECR)","André ROUGÉ (FRA-ID)",1
"Beata KEMPA (POL-ECR)","Mathilde ANDROUËT (FRA-ID)",1
"Beata KEMPA (POL-ECR)","Bert-Jan RUISSEN (NLD-ECR)",1
"Beata KEMPA (POL-ECR)","Susanna CECCARDI (ITA-ID)",1
"Beata KEMPA (POL-ECR)","Antonio Maria RINALDI (ITA-ID)",1
"Beata KEMPA (POL-ECR)","Valentino GRANT (ITA-ID)",1
"Beata KEMPA (POL-ECR)","Annalisa TARDINO (ITA-ID)",1
"Beata KEMPA (POL-ECR)","Nicola PROCACCINI (ITA-ECR)",1
"Beata KEMPA (POL-ECR)","Raffaele STANCANELLI (ITA-ECR)",1
"Beata KEMPA (POL-ECR)","Matteo ADINOLFI (ITA-ID)",1
"Beata KEMPA (POL-ECR)","Jorge BUXADÉ VILLALBA (ESP-ECR)",1
"Beata KEMPA (POL-ECR)","Hermann TERTSCH (ESP-ECR)",1
"Beata KEMPA (POL-ECR)","Andrey SLABAKOV (BGR-ECR)",1
"Beata KEMPA (POL-ECR)","Mazaly AGUILAR (ESP-ECR)",1
"Beata KEMPA (POL-ECR)","Emmanouil FRAGKOS (GRC-ECR)",1
"Beata KEMPA (POL-ECR)","Vincenzo SOFO (ITA-ECR)",1
"Beata KEMPA (POL-ECR)","Miriam LEXMANN (SVK-EPP)",1
"Beata KEMPA (POL-ECR)","Dominik TARCZYŃSKI (POL-ECR)",1
"Beata KEMPA (POL-ECR)","Margarita DE LA PISA CARRIÓN (ESP-ECR)",1
"Beata KEMPA (POL-ECR)","Jean-Lin LACAPELLE (FRA-ID)",1
"Beata KEMPA (POL-ECR)","Ladislav ILČIĆ (HRV-ECR)",1
"Izabela-Helena KLOC (POL-ECR)","Ondřej KNOTEK (CZE-RENEW)",1
"Izabela-Helena KLOC (POL-ECR)","Joanna KOPCIŃSKA (POL-ECR)",1
"Izabela-Helena KLOC (POL-ECR)","Elżbieta KRUK (POL-ECR)",1
"Izabela-Helena KLOC (POL-ECR)","Alexandr VONDRA (CZE-ECR)",1
"Izabela-Helena KLOC (POL-ECR)","Beata MAZUREK (POL-ECR)",1
"Izabela-Helena KLOC (POL-ECR)","Andżelika Anna MOŻDŻANOWSKA (POL-ECR)",1
"Izabela-Helena KLOC (POL-ECR)","Elżbieta RAFALSKA (POL-ECR)",1
"Izabela-Helena KLOC (POL-ECR)","Bogdan RZOŃCA (POL-ECR)",1
"Izabela-Helena KLOC (POL-ECR)","Veronika VRECIONOVÁ (CZE-ECR)",1
"Izabela-Helena KLOC (POL-ECR)","Beata SZYDŁO (POL-ECR)",1
"Izabela-Helena KLOC (POL-ECR)","Grzegorz TOBISZOWSKI (POL-ECR)",1
"Izabela-Helena KLOC (POL-ECR)","Witold Jan WASZCZYKOWSKI (POL-ECR)",1
"Izabela-Helena KLOC (POL-ECR)","Anna ZALEWSKA (POL-ECR)",1
"Izabela-Helena KLOC (POL-ECR)","Silvia SARDONE (ITA-ID)",1
"Izabela-Helena KLOC (POL-ECR)","Stefania ZAMBELLI (ITA-ID)",1
"Izabela-Helena KLOC (POL-ECR)","Pietro FIOCCHI (ITA-ECR)",1
"Izabela-Helena KLOC (POL-ECR)","Alessandra BASSO (ITA-ID)",1
"Izabela-Helena KLOC (POL-ECR)","Elena LIZZI (ITA-ID)",1
"Izabela-Helena KLOC (POL-ECR)","Rosanna CONTE (ITA-ID)",1
"Izabela-Helena KLOC (POL-ECR)","Cristian TERHEŞ (ROU-ECR)",1
"Izabela-Helena KLOC (POL-ECR)","Bert-Jan RUISSEN (NLD-ECR)",1
"Izabela-Helena KLOC (POL-ECR)","Susanna CECCARDI (ITA-ID)",1
"Izabela-Helena KLOC (POL-ECR)","Antonio Maria RINALDI (ITA-ID)",1
"Izabela-Helena KLOC (POL-ECR)","Valentino GRANT (ITA-ID)",1
"Izabela-Helena KLOC (POL-ECR)","Nicola PROCACCINI (ITA-ECR)",1
"Izabela-Helena KLOC (POL-ECR)","Raffaele STANCANELLI (ITA-ECR)",1
"Izabela-Helena KLOC (POL-ECR)","Matteo ADINOLFI (ITA-ID)",1
"Izabela-Helena KLOC (POL-ECR)","Jorge BUXADÉ VILLALBA (ESP-ECR)",1
"Izabela-Helena KLOC (POL-ECR)","Hermann TERTSCH (ESP-ECR)",1
"Izabela-Helena KLOC (POL-ECR)","Andrey SLABAKOV (BGR-ECR)",1
"Izabela-Helena KLOC (POL-ECR)","Mazaly AGUILAR (ESP-ECR)",1
"Izabela-Helena KLOC (POL-ECR)","Emmanouil FRAGKOS (GRC-ECR)",1
"Izabela-Helena KLOC (POL-ECR)","Vincenzo SOFO (ITA-ECR)",1
"Izabela-Helena KLOC (POL-ECR)","Dominik TARCZYŃSKI (POL-ECR)",1
"Izabela-Helena KLOC (POL-ECR)","Margarita DE LA PISA CARRIÓN (ESP-ECR)",1
"Izabela-Helena KLOC (POL-ECR)","Ladislav ILČIĆ (HRV-ECR)",1
"Łukasz KOHUT (POL-SD)","Pietro BARTOLO (ITA-SD)",1
"Ewa KOPACZ (POL-EPP)","Alexander BERNHUBER (AUT-EPP)",1
"Ewa KOPACZ (POL-EPP)","Gheorghe FALCĂ (ROU-EPP)",1
"Ewa KOPACZ (POL-EPP)","Dolors MONTSERRAT (ESP-EPP)",1
"Ewa KOPACZ (POL-EPP)","Maria WALSH (IRL-EPP)",1
"Martin HLAVÁČEK (CZE-RENEW)","Ondřej KNOTEK (CZE-RENEW)",1
"Anne-Sophie PELLETIER (FRA-GUE_NGL)","Leila CHAIBI (FRA-GUE_NGL)",1
"Anne-Sophie PELLETIER (FRA-GUE_NGL)","Manon AUBRY (FRA-GUE_NGL)",1
"Anne-Sophie PELLETIER (FRA-GUE_NGL)","Clare DALY (IRL-GUE_NGL)",1
"Anne-Sophie PELLETIER (FRA-GUE_NGL)","Mick WALLACE (IRL-GUE_NGL)",1
"Ondřej KNOTEK (CZE-RENEW)","Joanna KOPCIŃSKA (POL-ECR)",1
"Ondřej KNOTEK (CZE-RENEW)","Alexandr VONDRA (CZE-ECR)",1
"Ondřej KNOTEK (CZE-RENEW)","Beata MAZUREK (POL-ECR)",1
"Ondřej KNOTEK (CZE-RENEW)","Elżbieta RAFALSKA (POL-ECR)",1
"Ondřej KNOTEK (CZE-RENEW)","Bogdan RZOŃCA (POL-ECR)",1
"Ondřej KNOTEK (CZE-RENEW)","Grzegorz TOBISZOWSKI (POL-ECR)",1
"Ondřej KNOTEK (CZE-RENEW)","Witold Jan WASZCZYKOWSKI (POL-ECR)",1
"Ondřej KNOTEK (CZE-RENEW)","Anna ZALEWSKA (POL-ECR)",1
"Ondřej KNOTEK (CZE-RENEW)","Cristian TERHEŞ (ROU-ECR)",1
"Ondřej KNOTEK (CZE-RENEW)","Nicola PROCACCINI (ITA-ECR)",1
"Ondřej KNOTEK (CZE-RENEW)","Mazaly AGUILAR (ESP-ECR)",1
"Ondřej KNOTEK (CZE-RENEW)","Ladislav ILČIĆ (HRV-ECR)",1
"Leila CHAIBI (FRA-GUE_NGL)","Manon AUBRY (FRA-GUE_NGL)",1
"Leila CHAIBI (FRA-GUE_NGL)","Clare DALY (IRL-GUE_NGL)",1
"Joanna KOPCIŃSKA (POL-ECR)","Elżbieta KRUK (POL-ECR)",1
"Joanna KOPCIŃSKA (POL-ECR)","Alexandr VONDRA (CZE-ECR)",1
"Joanna KOPCIŃSKA (POL-ECR)","Beata MAZUREK (POL-ECR)",1
"Joanna KOPCIŃSKA (POL-ECR)","Andżelika Anna MOŻDŻANOWSKA (POL-ECR)",1
"Joanna KOPCIŃSKA (POL-ECR)","Elżbieta RAFALSKA (POL-ECR)",1
"Joanna KOPCIŃSKA (POL-ECR)","Bogdan RZOŃCA (POL-ECR)",1
"Joanna KOPCIŃSKA (POL-ECR)","Veronika VRECIONOVÁ (CZE-ECR)",1
"Joanna KOPCIŃSKA (POL-ECR)","Beata SZYDŁO (POL-ECR)",1
"Joanna KOPCIŃSKA (POL-ECR)","Grzegorz TOBISZOWSKI (POL-ECR)",1
"Joanna KOPCIŃSKA (POL-ECR)","Witold Jan WASZCZYKOWSKI (POL-ECR)",1
"Joanna KOPCIŃSKA (POL-ECR)","Anna ZALEWSKA (POL-ECR)",1
"Joanna KOPCIŃSKA (POL-ECR)","Silvia SARDONE (ITA-ID)",1
"Joanna KOPCIŃSKA (POL-ECR)","Stefania ZAMBELLI (ITA-ID)",1
"Joanna KOPCIŃSKA (POL-ECR)","Pietro FIOCCHI (ITA-ECR)",1
"Joanna KOPCIŃSKA (POL-ECR)","Gianantonio DA RE (ITA-ID)",1
"Joanna KOPCIŃSKA (POL-ECR)","Alessandra BASSO (ITA-ID)",1
"Joanna KOPCIŃSKA (POL-ECR)","Elena LIZZI (ITA-ID)",1
"Joanna KOPCIŃSKA (POL-ECR)","Rosanna CONTE (ITA-ID)",1
"Joanna KOPCIŃSKA (POL-ECR)","Cristian TERHEŞ (ROU-ECR)",1
"Joanna KOPCIŃSKA (POL-ECR)","Bert-Jan RUISSEN (NLD-ECR)",1
"Joanna KOPCIŃSKA (POL-ECR)","Susanna CECCARDI (ITA-ID)",1
"Joanna KOPCIŃSKA (POL-ECR)","Antonio Maria RINALDI (ITA-ID)",1
"Joanna KOPCIŃSKA (POL-ECR)","Nicola PROCACCINI (ITA-ECR)",1
"Joanna KOPCIŃSKA (POL-ECR)","Raffaele STANCANELLI (ITA-ECR)",1
"Joanna KOPCIŃSKA (POL-ECR)","Matteo ADINOLFI (ITA-ID)",1
"Joanna KOPCIŃSKA (POL-ECR)","Jorge BUXADÉ VILLALBA (ESP-ECR)",1
"Joanna KOPCIŃSKA (POL-ECR)","Hermann TERTSCH (ESP-ECR)",1
"Joanna KOPCIŃSKA (POL-ECR)","Andrey SLABAKOV (BGR-ECR)",1
"Joanna KOPCIŃSKA (POL-ECR)","Mazaly AGUILAR (ESP-ECR)",1
"Joanna KOPCIŃSKA (POL-ECR)","Vincenzo SOFO (ITA-ECR)",1
"Joanna KOPCIŃSKA (POL-ECR)","Dominik TARCZYŃSKI (POL-ECR)",1
"Joanna KOPCIŃSKA (POL-ECR)","Margarita DE LA PISA CARRIÓN (ESP-ECR)",1
"Joanna KOPCIŃSKA (POL-ECR)","Ladislav ILČIĆ (HRV-ECR)",1
"Gwendoline DELBOS-CORFIELD (FRA-GREEN_EFA)","Damien CARÊME (FRA-GREEN_EFA)",1
"Gwendoline DELBOS-CORFIELD (FRA-GREEN_EFA)","Francisco GUERREIRO (PRT-GREEN_EFA)",1
"Gwendoline DELBOS-CORFIELD (FRA-GREEN_EFA)","Ciarán CUFFE (IRL-GREEN_EFA)",1
"Gwendoline DELBOS-CORFIELD (FRA-GREEN_EFA)","Tineke STRIK (NLD-GREEN_EFA)",1
"Gwendoline DELBOS-CORFIELD (FRA-GREEN_EFA)","Diana RIBA I GINER (ESP-GREEN_EFA)",1
"Gwendoline DELBOS-CORFIELD (FRA-GREEN_EFA)","Kim VAN SPARRENTAK (NLD-GREEN_EFA)",1
"Gwendoline DELBOS-CORFIELD (FRA-GREEN_EFA)","Grace O'SULLIVAN (IRL-GREEN_EFA)",1
"Gwendoline DELBOS-CORFIELD (FRA-GREEN_EFA)","Claude GRUFFAT (FRA-GREEN_EFA)",1
"Elżbieta KRUK (POL-ECR)","François-Xavier BELLAMY (FRA-EPP)",1
"Elżbieta KRUK (POL-ECR)","Alexandr VONDRA (CZE-ECR)",1
"Elżbieta KRUK (POL-ECR)","Beata MAZUREK (POL-ECR)",1
"Elżbieta KRUK (POL-ECR)","Andżelika Anna MOŻDŻANOWSKA (POL-ECR)",1
"Elżbieta KRUK (POL-ECR)","Elżbieta RAFALSKA (POL-ECR)",1
"Elżbieta KRUK (POL-ECR)","Bogdan RZOŃCA (POL-ECR)",1
"Elżbieta KRUK (POL-ECR)","Veronika VRECIONOVÁ (CZE-ECR)",1
"Elżbieta KRUK (POL-ECR)","Beata SZYDŁO (POL-ECR)",1
"Elżbieta KRUK (POL-ECR)","Grzegorz TOBISZOWSKI (POL-ECR)",1
"Elżbieta KRUK (POL-ECR)","Witold Jan WASZCZYKOWSKI (POL-ECR)",1
"Elżbieta KRUK (POL-ECR)","Anna ZALEWSKA (POL-ECR)",1
"Elżbieta KRUK (POL-ECR)","Silvia SARDONE (ITA-ID)",1
"Elżbieta KRUK (POL-ECR)","Isabella TOVAGLIERI (ITA-ID)",1
"Elżbieta KRUK (POL-ECR)","Stefania ZAMBELLI (ITA-ID)",1
"Elżbieta KRUK (POL-ECR)","Pietro FIOCCHI (ITA-ECR)",1
"Elżbieta KRUK (POL-ECR)","Gianantonio DA RE (ITA-ID)",1
"Elżbieta KRUK (POL-ECR)","Alessandra BASSO (ITA-ID)",1
"Elżbieta KRUK (POL-ECR)","Elena LIZZI (ITA-ID)",1
"Elżbieta KRUK (POL-ECR)","Rosanna CONTE (ITA-ID)",1
"Elżbieta KRUK (POL-ECR)","Thierry MARIANI (FRA-ID)",1
"Elżbieta KRUK (POL-ECR)","Hervé JUVIN (FRA-ID)",1
"Elżbieta KRUK (POL-ECR)","Virginie JORON (FRA-ID)",1
"Elżbieta KRUK (POL-ECR)","Jean-Paul GARRAUD (FRA-ID)",1
"Elżbieta KRUK (POL-ECR)","Cristian TERHEŞ (ROU-ECR)",1
"Elżbieta KRUK (POL-ECR)","Aurélia BEIGNEUX (FRA-ID)",1
"Elżbieta KRUK (POL-ECR)","Philippe OLIVIER (FRA-ID)",1
"Elżbieta KRUK (POL-ECR)","André ROUGÉ (FRA-ID)",1
"Elżbieta KRUK (POL-ECR)","Mathilde ANDROUËT (FRA-ID)",1
"Elżbieta KRUK (POL-ECR)","Bert-Jan RUISSEN (NLD-ECR)",1
"Elżbieta KRUK (POL-ECR)","Susanna CECCARDI (ITA-ID)",1
"Elżbieta KRUK (POL-ECR)","Antonio Maria RINALDI (ITA-ID)",1
"Elżbieta KRUK (POL-ECR)","Valentino GRANT (ITA-ID)",1
"Elżbieta KRUK (POL-ECR)","Annalisa TARDINO (ITA-ID)",1
"Elżbieta KRUK (POL-ECR)","Nicola PROCACCINI (ITA-ECR)",1
"Elżbieta KRUK (POL-ECR)","Raffaele STANCANELLI (ITA-ECR)",1
"Elżbieta KRUK (POL-ECR)","Matteo ADINOLFI (ITA-ID)",1
"Elżbieta KRUK (POL-ECR)","Jorge BUXADÉ VILLALBA (ESP-ECR)",1
"Elżbieta KRUK (POL-ECR)","Hermann TERTSCH (ESP-ECR)",1
"Elżbieta KRUK (POL-ECR)","Andrey SLABAKOV (BGR-ECR)",1
"Elżbieta KRUK (POL-ECR)","Mazaly AGUILAR (ESP-ECR)",1
"Elżbieta KRUK (POL-ECR)","Emmanouil FRAGKOS (GRC-ECR)",1
"Elżbieta KRUK (POL-ECR)","Vincenzo SOFO (ITA-ECR)",1
"Elżbieta KRUK (POL-ECR)","Dominik TARCZYŃSKI (POL-ECR)",1
"Elżbieta KRUK (POL-ECR)","Margarita DE LA PISA CARRIÓN (ESP-ECR)",1
"Elżbieta KRUK (POL-ECR)","Jean-Lin LACAPELLE (FRA-ID)",1
"Elżbieta KRUK (POL-ECR)","Ladislav ILČIĆ (HRV-ECR)",1
"Manon AUBRY (FRA-GUE_NGL)","Clare DALY (IRL-GUE_NGL)",1
"Manon AUBRY (FRA-GUE_NGL)","Mick WALLACE (IRL-GUE_NGL)",1
"François-Xavier BELLAMY (FRA-EPP)","Nathalie COLIN-OESTERLÉ (FRA-EPP)",1
"François-Xavier BELLAMY (FRA-EPP)","Beata MAZUREK (POL-ECR)",1
"François-Xavier BELLAMY (FRA-EPP)","Andżelika Anna MOŻDŻANOWSKA (POL-ECR)",1
"François-Xavier BELLAMY (FRA-EPP)","Elżbieta RAFALSKA (POL-ECR)",1
"François-Xavier BELLAMY (FRA-EPP)","Anna ZALEWSKA (POL-ECR)",1
"François-Xavier BELLAMY (FRA-EPP)","Nicola PROCACCINI (ITA-ECR)",1
"François-Xavier BELLAMY (FRA-EPP)","Miriam LEXMANN (SVK-EPP)",1
"Agnès EVREN (FRA-EPP)","Radosław SIKORSKI (POL-EPP)",1
"Agnès EVREN (FRA-EPP)","Søren GADE (DNK-RENEW)",1
"Agnès EVREN (FRA-EPP)","Pierfrancesco MAJORINO (ITA-SD)",1
"Agnès EVREN (FRA-EPP)","Véronique TRILLET-LENOIR (FRA-RENEW)",1
"Agnès EVREN (FRA-EPP)","Gheorghe FALCĂ (ROU-EPP)",1
"Agnès EVREN (FRA-EPP)","Carmen AVRAM (ROU-SD)",1
"Agnès EVREN (FRA-EPP)","Simone SCHMIEDTBAUER (AUT-EPP)",1
"Agnès EVREN (FRA-EPP)","Sira REGO (ESP-GUE_NGL)",1
"Agnès EVREN (FRA-EPP)","Adriana MALDONADO LÓPEZ (ESP-SD)",1
"Agnès EVREN (FRA-EPP)","Álvaro AMARO (PRT-EPP)",1
"Agnès EVREN (FRA-EPP)","Simona BALDASSARRE (ITA-ID)",1
"Agnès EVREN (FRA-EPP)","Luisa REGIMENTI (ITA-ID)",1
"Agnès EVREN (FRA-EPP)","Andrea CAROPPO (ITA-EPP)",1
"Alexandr VONDRA (CZE-ECR)","Beata MAZUREK (POL-ECR)",1
"Alexandr VONDRA (CZE-ECR)","Andżelika Anna MOŻDŻANOWSKA (POL-ECR)",1
"Alexandr VONDRA (CZE-ECR)","Elżbieta RAFALSKA (POL-ECR)",1
"Alexandr VONDRA (CZE-ECR)","Bogdan RZOŃCA (POL-ECR)",1
"Alexandr VONDRA (CZE-ECR)","Veronika VRECIONOVÁ (CZE-ECR)",1
"Alexandr VONDRA (CZE-ECR)","Beata SZYDŁO (POL-ECR)",1
"Alexandr VONDRA (CZE-ECR)","Grzegorz TOBISZOWSKI (POL-ECR)",1
"Alexandr VONDRA (CZE-ECR)","Witold Jan WASZCZYKOWSKI (POL-ECR)",1
"Alexandr VONDRA (CZE-ECR)","Anna ZALEWSKA (POL-ECR)",1
"Alexandr VONDRA (CZE-ECR)","Stefania ZAMBELLI (ITA-ID)",1
"Alexandr VONDRA (CZE-ECR)","Pietro FIOCCHI (ITA-ECR)",1
"Alexandr VONDRA (CZE-ECR)","Elena LIZZI (ITA-ID)",1
"Alexandr VONDRA (CZE-ECR)","Rosanna CONTE (ITA-ID)",1
"Alexandr VONDRA (CZE-ECR)","Robert ROOS (NLD-ECR)",1
"Alexandr VONDRA (CZE-ECR)","Eugen JURZYCA (SVK-ECR)",1
"Alexandr VONDRA (CZE-ECR)","Bert-Jan RUISSEN (NLD-ECR)",1
"Alexandr VONDRA (CZE-ECR)","Rob ROOKEN (NLD-ECR)",1
"Alexandr VONDRA (CZE-ECR)","Susanna CECCARDI (ITA-ID)",1
"Alexandr VONDRA (CZE-ECR)","Antonio Maria RINALDI (ITA-ID)",1
"Alexandr VONDRA (CZE-ECR)","Nicola PROCACCINI (ITA-ECR)",1
"Alexandr VONDRA (CZE-ECR)","Mazaly AGUILAR (ESP-ECR)",1
"Alexandr VONDRA (CZE-ECR)","Dominik TARCZYŃSKI (POL-ECR)",1
"Alexandr VONDRA (CZE-ECR)","Michiel HOOGEVEEN (NLD-ECR)",1
"Beata MAZUREK (POL-ECR)","Andżelika Anna MOŻDŻANOWSKA (POL-ECR)",1
"Beata MAZUREK (POL-ECR)","Elżbieta RAFALSKA (POL-ECR)",1
"Beata MAZUREK (POL-ECR)","Bogdan RZOŃCA (POL-ECR)",1
"Beata MAZUREK (POL-ECR)","Veronika VRECIONOVÁ (CZE-ECR)",1
"Beata MAZUREK (POL-ECR)","Beata SZYDŁO (POL-ECR)",1
"Beata MAZUREK (POL-ECR)","Grzegorz TOBISZOWSKI (POL-ECR)",1
"Beata MAZUREK (POL-ECR)","Witold Jan WASZCZYKOWSKI (POL-ECR)",1
"Beata MAZUREK (POL-ECR)","Anna ZALEWSKA (POL-ECR)",1
"Beata MAZUREK (POL-ECR)","Silvia SARDONE (ITA-ID)",1
"Beata MAZUREK (POL-ECR)","Isabella TOVAGLIERI (ITA-ID)",1
"Beata MAZUREK (POL-ECR)","Stefania ZAMBELLI (ITA-ID)",1
"Beata MAZUREK (POL-ECR)","Pietro FIOCCHI (ITA-ECR)",1
"Beata MAZUREK (POL-ECR)","Gianantonio DA RE (ITA-ID)",1
"Beata MAZUREK (POL-ECR)","Alessandra BASSO (ITA-ID)",1
"Beata MAZUREK (POL-ECR)","Elena LIZZI (ITA-ID)",1
"Beata MAZUREK (POL-ECR)","Rosanna CONTE (ITA-ID)",1
"Beata MAZUREK (POL-ECR)","Thierry MARIANI (FRA-ID)",1
"Beata MAZUREK (POL-ECR)","Hervé JUVIN (FRA-ID)",1
"Beata MAZUREK (POL-ECR)","Virginie JORON (FRA-ID)",1
"Beata MAZUREK (POL-ECR)","Cristian TERHEŞ (ROU-ECR)",1
"Beata MAZUREK (POL-ECR)","Aurélia BEIGNEUX (FRA-ID)",1
"Beata MAZUREK (POL-ECR)","André ROUGÉ (FRA-ID)",1
"Beata MAZUREK (POL-ECR)","Mathilde ANDROUËT (FRA-ID)",1
"Beata MAZUREK (POL-ECR)","Bert-Jan RUISSEN (NLD-ECR)",1
"Beata MAZUREK (POL-ECR)","Susanna CECCARDI (ITA-ID)",1
"Beata MAZUREK (POL-ECR)","Antonio Maria RINALDI (ITA-ID)",1
"Beata MAZUREK (POL-ECR)","Annalisa TARDINO (ITA-ID)",1
"Beata MAZUREK (POL-ECR)","Nicola PROCACCINI (ITA-ECR)",1
"Beata MAZUREK (POL-ECR)","Raffaele STANCANELLI (ITA-ECR)",1
"Beata MAZUREK (POL-ECR)","Matteo ADINOLFI (ITA-ID)",1
"Beata MAZUREK (POL-ECR)","Jorge BUXADÉ VILLALBA (ESP-ECR)",1
"Beata MAZUREK (POL-ECR)","Hermann TERTSCH (ESP-ECR)",1
"Beata MAZUREK (POL-ECR)","Andrey SLABAKOV (BGR-ECR)",1
"Beata MAZUREK (POL-ECR)","Mazaly AGUILAR (ESP-ECR)",1
"Beata MAZUREK (POL-ECR)","Emmanouil FRAGKOS (GRC-ECR)",1
"Beata MAZUREK (POL-ECR)","Vincenzo SOFO (ITA-ECR)",1
"Beata MAZUREK (POL-ECR)","Dominik TARCZYŃSKI (POL-ECR)",1
"Beata MAZUREK (POL-ECR)","Margarita DE LA PISA CARRIÓN (ESP-ECR)",1
"Beata MAZUREK (POL-ECR)","Jean-Lin LACAPELLE (FRA-ID)",1
"Beata MAZUREK (POL-ECR)","Ladislav ILČIĆ (HRV-ECR)",1
"Mikuláš PEKSA (CZE-GREEN_EFA)","Marcel KOLAJA (CZE-GREEN_EFA)",1
"Mikuláš PEKSA (CZE-GREEN_EFA)","Markéta GREGOROVÁ (CZE-GREEN_EFA)",1
"Andżelika Anna MOŻDŻANOWSKA (POL-ECR)","Elżbieta RAFALSKA (POL-ECR)",1
"Andżelika Anna MOŻDŻANOWSKA (POL-ECR)","Bogdan RZOŃCA (POL-ECR)",1
"Andżelika Anna MOŻDŻANOWSKA (POL-ECR)","Veronika VRECIONOVÁ (CZE-ECR)",1
"Andżelika Anna MOŻDŻANOWSKA (POL-ECR)","Beata SZYDŁO (POL-ECR)",1
"Andżelika Anna MOŻDŻANOWSKA (POL-ECR)","Grzegorz TOBISZOWSKI (POL-ECR)",1
"Andżelika Anna MOŻDŻANOWSKA (POL-ECR)","Witold Jan WASZCZYKOWSKI (POL-ECR)",1
"Andżelika Anna MOŻDŻANOWSKA (POL-ECR)","Anna ZALEWSKA (POL-ECR)",1
"Andżelika Anna MOŻDŻANOWSKA (POL-ECR)","Silvia SARDONE (ITA-ID)",1
"Andżelika Anna MOŻDŻANOWSKA (POL-ECR)","Stefania ZAMBELLI (ITA-ID)",1
"Andżelika Anna MOŻDŻANOWSKA (POL-ECR)","Pietro FIOCCHI (ITA-ECR)",1
"Andżelika Anna MOŻDŻANOWSKA (POL-ECR)","Gianantonio DA RE (ITA-ID)",1
"Andżelika Anna MOŻDŻANOWSKA (POL-ECR)","Alessandra BASSO (ITA-ID)",1
"Andżelika Anna MOŻDŻANOWSKA (POL-ECR)","Elena LIZZI (ITA-ID)",1
"Andżelika Anna MOŻDŻANOWSKA (POL-ECR)","Rosanna CONTE (ITA-ID)",1
"Andżelika Anna MOŻDŻANOWSKA (POL-ECR)","Cristian TERHEŞ (ROU-ECR)",1
"Andżelika Anna MOŻDŻANOWSKA (POL-ECR)","Bert-Jan RUISSEN (NLD-ECR)",1
"Andżelika Anna MOŻDŻANOWSKA (POL-ECR)","Susanna CECCARDI (ITA-ID)",1
"Andżelika Anna MOŻDŻANOWSKA (POL-ECR)","Antonio Maria RINALDI (ITA-ID)",1
"Andżelika Anna MOŻDŻANOWSKA (POL-ECR)","Nicola PROCACCINI (ITA-ECR)",1
"Andżelika Anna MOŻDŻANOWSKA (POL-ECR)","Raffaele STANCANELLI (ITA-ECR)",1
"Andżelika Anna MOŻDŻANOWSKA (POL-ECR)","Matteo ADINOLFI (ITA-ID)",1
"Andżelika Anna MOŻDŻANOWSKA (POL-ECR)","Jorge BUXADÉ VILLALBA (ESP-ECR)",1
"Andżelika Anna MOŻDŻANOWSKA (POL-ECR)","Hermann TERTSCH (ESP-ECR)",1
"Andżelika Anna MOŻDŻANOWSKA (POL-ECR)","Andrey SLABAKOV (BGR-ECR)",1
"Andżelika Anna MOŻDŻANOWSKA (POL-ECR)","Mazaly AGUILAR (ESP-ECR)",1
"Andżelika Anna MOŻDŻANOWSKA (POL-ECR)","Emmanouil FRAGKOS (GRC-ECR)",1
"Andżelika Anna MOŻDŻANOWSKA (POL-ECR)","Vincenzo SOFO (ITA-ECR)",1
"Andżelika Anna MOŻDŻANOWSKA (POL-ECR)","Dominik TARCZYŃSKI (POL-ECR)",1
"Andżelika Anna MOŻDŻANOWSKA (POL-ECR)","Margarita DE LA PISA CARRIÓN (ESP-ECR)",1
"Andżelika Anna MOŻDŻANOWSKA (POL-ECR)","Ladislav ILČIĆ (HRV-ECR)",1
"Janina OCHOJSKA (POL-EPP)","Radosław SIKORSKI (POL-EPP)",1
"Elżbieta RAFALSKA (POL-ECR)","Bogdan RZOŃCA (POL-ECR)",1
"Elżbieta RAFALSKA (POL-ECR)","Veronika VRECIONOVÁ (CZE-ECR)",1
"Elżbieta RAFALSKA (POL-ECR)","Beata SZYDŁO (POL-ECR)",1
"Elżbieta RAFALSKA (POL-ECR)","Grzegorz TOBISZOWSKI (POL-ECR)",1
"Elżbieta RAFALSKA (POL-ECR)","Witold Jan WASZCZYKOWSKI (POL-ECR)",1
"Elżbieta RAFALSKA (POL-ECR)","Anna ZALEWSKA (POL-ECR)",1
"Elżbieta RAFALSKA (POL-ECR)","Silvia SARDONE (ITA-ID)",1
"Elżbieta RAFALSKA (POL-ECR)","Isabella TOVAGLIERI (ITA-ID)",1
"Elżbieta RAFALSKA (POL-ECR)","Stefania ZAMBELLI (ITA-ID)",1
"Elżbieta RAFALSKA (POL-ECR)","Pietro FIOCCHI (ITA-ECR)",1
"Elżbieta RAFALSKA (POL-ECR)","Gianantonio DA RE (ITA-ID)",1
"Elżbieta RAFALSKA (POL-ECR)","Alessandra BASSO (ITA-ID)",1
"Elżbieta RAFALSKA (POL-ECR)","Elena LIZZI (ITA-ID)",1
"Elżbieta RAFALSKA (POL-ECR)","Rosanna CONTE (ITA-ID)",1
"Elżbieta RAFALSKA (POL-ECR)","Cristian TERHEŞ (ROU-ECR)",1
"Elżbieta RAFALSKA (POL-ECR)","Bert-Jan RUISSEN (NLD-ECR)",1
"Elżbieta RAFALSKA (POL-ECR)","Susanna CECCARDI (ITA-ID)",1
"Elżbieta RAFALSKA (POL-ECR)","Antonio Maria RINALDI (ITA-ID)",1
"Elżbieta RAFALSKA (POL-ECR)","Nicola PROCACCINI (ITA-ECR)",1
"Elżbieta RAFALSKA (POL-ECR)","Raffaele STANCANELLI (ITA-ECR)",1
"Elżbieta RAFALSKA (POL-ECR)","Matteo ADINOLFI (ITA-ID)",1
"Elżbieta RAFALSKA (POL-ECR)","Jorge BUXADÉ VILLALBA (ESP-ECR)",1
"Elżbieta RAFALSKA (POL-ECR)","Hermann TERTSCH (ESP-ECR)",1
"Elżbieta RAFALSKA (POL-ECR)","Andrey SLABAKOV (BGR-ECR)",1
"Elżbieta RAFALSKA (POL-ECR)","Mazaly AGUILAR (ESP-ECR)",1
"Elżbieta RAFALSKA (POL-ECR)","Emmanouil FRAGKOS (GRC-ECR)",1
"Elżbieta RAFALSKA (POL-ECR)","Vincenzo SOFO (ITA-ECR)",1
"Elżbieta RAFALSKA (POL-ECR)","Dominik TARCZYŃSKI (POL-ECR)",1
"Elżbieta RAFALSKA (POL-ECR)","Margarita DE LA PISA CARRIÓN (ESP-ECR)",1
"Elżbieta RAFALSKA (POL-ECR)","Ladislav ILČIĆ (HRV-ECR)",1
"Bogdan RZOŃCA (POL-ECR)","Veronika VRECIONOVÁ (CZE-ECR)",1
"Bogdan RZOŃCA (POL-ECR)","Beata SZYDŁO (POL-ECR)",1
"Bogdan RZOŃCA (POL-ECR)","Grzegorz TOBISZOWSKI (POL-ECR)",1
"Bogdan RZOŃCA (POL-ECR)","Witold Jan WASZCZYKOWSKI (POL-ECR)",1
"Bogdan RZOŃCA (POL-ECR)","Anna ZALEWSKA (POL-ECR)",1
"Bogdan RZOŃCA (POL-ECR)","Silvia SARDONE (ITA-ID)",1
"Bogdan RZOŃCA (POL-ECR)","Stefania ZAMBELLI (ITA-ID)",1
"Bogdan RZOŃCA (POL-ECR)","Pietro FIOCCHI (ITA-ECR)",1
"Bogdan RZOŃCA (POL-ECR)","Gianantonio DA RE (ITA-ID)",1
"Bogdan RZOŃCA (POL-ECR)","Alessandra BASSO (ITA-ID)",1
"Bogdan RZOŃCA (POL-ECR)","Elena LIZZI (ITA-ID)",1
"Bogdan RZOŃCA (POL-ECR)","Rosanna CONTE (ITA-ID)",1
"Bogdan RZOŃCA (POL-ECR)","Cristian TERHEŞ (ROU-ECR)",1
"Bogdan RZOŃCA (POL-ECR)","Bert-Jan RUISSEN (NLD-ECR)",1
"Bogdan RZOŃCA (POL-ECR)","Susanna CECCARDI (ITA-ID)",1
"Bogdan RZOŃCA (POL-ECR)","Antonio Maria RINALDI (ITA-ID)",1
"Bogdan RZOŃCA (POL-ECR)","Annalisa TARDINO (ITA-ID)",1
"Bogdan RZOŃCA (POL-ECR)","Nicola PROCACCINI (ITA-ECR)",1
"Bogdan RZOŃCA (POL-ECR)","Raffaele STANCANELLI (ITA-ECR)",1
"Bogdan RZOŃCA (POL-ECR)","Matteo ADINOLFI (ITA-ID)",1
"Bogdan RZOŃCA (POL-ECR)","Jorge BUXADÉ VILLALBA (ESP-ECR)",1
"Bogdan RZOŃCA (POL-ECR)","Hermann TERTSCH (ESP-ECR)",1
"Bogdan RZOŃCA (POL-ECR)","Andrey SLABAKOV (BGR-ECR)",1
"Bogdan RZOŃCA (POL-ECR)","Mazaly AGUILAR (ESP-ECR)",1
"Bogdan RZOŃCA (POL-ECR)","Emmanouil FRAGKOS (GRC-ECR)",1
"Bogdan RZOŃCA (POL-ECR)","Vincenzo SOFO (ITA-ECR)",1
"Bogdan RZOŃCA (POL-ECR)","Dominik TARCZYŃSKI (POL-ECR)",1
"Bogdan RZOŃCA (POL-ECR)","Margarita DE LA PISA CARRIÓN (ESP-ECR)",1
"Bogdan RZOŃCA (POL-ECR)","Ladislav ILČIĆ (HRV-ECR)",1
"Marcel KOLAJA (CZE-GREEN_EFA)","Markéta GREGOROVÁ (CZE-GREEN_EFA)",1
"Radosław SIKORSKI (POL-EPP)","Søren GADE (DNK-RENEW)",1
"Radosław SIKORSKI (POL-EPP)","Pierfrancesco MAJORINO (ITA-SD)",1
"Radosław SIKORSKI (POL-EPP)","Véronique TRILLET-LENOIR (FRA-RENEW)",1
"Radosław SIKORSKI (POL-EPP)","Dan-Ştefan MOTREANU (ROU-EPP)",1
"Radosław SIKORSKI (POL-EPP)","Alexander BERNHUBER (AUT-EPP)",1
"Radosław SIKORSKI (POL-EPP)","Carmen AVRAM (ROU-SD)",1
"Radosław SIKORSKI (POL-EPP)","Simone SCHMIEDTBAUER (AUT-EPP)",1
"Radosław SIKORSKI (POL-EPP)","Sira REGO (ESP-GUE_NGL)",1
"Radosław SIKORSKI (POL-EPP)","Stelios KYMPOUROPOULOS (GRC-EPP)",1
"Radosław SIKORSKI (POL-EPP)","Adriana MALDONADO LÓPEZ (ESP-SD)",1
"Radosław SIKORSKI (POL-EPP)","Álvaro AMARO (PRT-EPP)",1
"Radosław SIKORSKI (POL-EPP)","Luisa REGIMENTI (ITA-ID)",1
"Radosław SIKORSKI (POL-EPP)","Andrea CAROPPO (ITA-EPP)",1
"Radosław SIKORSKI (POL-EPP)","Gheorghe-Vlad NISTOR (ROU-EPP)",1
"Sylwia SPUREK (POL-GREEN_EFA)","Tineke STRIK (NLD-GREEN_EFA)",1
"Veronika VRECIONOVÁ (CZE-ECR)","Beata SZYDŁO (POL-ECR)",1
"Veronika VRECIONOVÁ (CZE-ECR)","Grzegorz TOBISZOWSKI (POL-ECR)",1
"Veronika VRECIONOVÁ (CZE-ECR)","Witold Jan WASZCZYKOWSKI (POL-ECR)",1
"Veronika VRECIONOVÁ (CZE-ECR)","Anna ZALEWSKA (POL-ECR)",1
"Veronika VRECIONOVÁ (CZE-ECR)","Stefania ZAMBELLI (ITA-ID)",1
"Veronika VRECIONOVÁ (CZE-ECR)","Eugen JURZYCA (SVK-ECR)",1
"Veronika VRECIONOVÁ (CZE-ECR)","Bert-Jan RUISSEN (NLD-ECR)",1
"Veronika VRECIONOVÁ (CZE-ECR)","Dominik TARCZYŃSKI (POL-ECR)",1
"Veronika VRECIONOVÁ (CZE-ECR)","Michiel HOOGEVEEN (NLD-ECR)",1
"Beata SZYDŁO (POL-ECR)","Grzegorz TOBISZOWSKI (POL-ECR)",1
"Beata SZYDŁO (POL-ECR)","Witold Jan WASZCZYKOWSKI (POL-ECR)",1
"Beata SZYDŁO (POL-ECR)","Anna ZALEWSKA (POL-ECR)",1
"Beata SZYDŁO (POL-ECR)","Silvia SARDONE (ITA-ID)",1
"Beata SZYDŁO (POL-ECR)","Isabella TOVAGLIERI (ITA-ID)",1
"Beata SZYDŁO (POL-ECR)","Pietro FIOCCHI (ITA-ECR)",1
"Beata SZYDŁO (POL-ECR)","Alessandra BASSO (ITA-ID)",1
"Beata SZYDŁO (POL-ECR)","Elena LIZZI (ITA-ID)",1
"Beata SZYDŁO (POL-ECR)","Rosanna CONTE (ITA-ID)",1
"Beata SZYDŁO (POL-ECR)","Cristian TERHEŞ (ROU-ECR)",1
"Beata SZYDŁO (POL-ECR)","André ROUGÉ (FRA-ID)",1
"Beata SZYDŁO (POL-ECR)","Bert-Jan RUISSEN (NLD-ECR)",1
"Beata SZYDŁO (POL-ECR)","Susanna CECCARDI (ITA-ID)",1
"Beata SZYDŁO (POL-ECR)","Antonio Maria RINALDI (ITA-ID)",1
"Beata SZYDŁO (POL-ECR)","Nicola PROCACCINI (ITA-ECR)",1
"Beata SZYDŁO (POL-ECR)","Raffaele STANCANELLI (ITA-ECR)",1
"Beata SZYDŁO (POL-ECR)","Matteo ADINOLFI (ITA-ID)",1
"Beata SZYDŁO (POL-ECR)","Jorge BUXADÉ VILLALBA (ESP-ECR)",1
"Beata SZYDŁO (POL-ECR)","Hermann TERTSCH (ESP-ECR)",1
"Beata SZYDŁO (POL-ECR)","Andrey SLABAKOV (BGR-ECR)",1
"Beata SZYDŁO (POL-ECR)","Mazaly AGUILAR (ESP-ECR)",1
"Beata SZYDŁO (POL-ECR)","Emmanouil FRAGKOS (GRC-ECR)",1
"Beata SZYDŁO (POL-ECR)","Vincenzo SOFO (ITA-ECR)",1
"Beata SZYDŁO (POL-ECR)","Dominik TARCZYŃSKI (POL-ECR)",1
"Beata SZYDŁO (POL-ECR)","Margarita DE LA PISA CARRIÓN (ESP-ECR)",1
"Beata SZYDŁO (POL-ECR)","Ladislav ILČIĆ (HRV-ECR)",1
"Søren GADE (DNK-RENEW)","Asger CHRISTENSEN (DNK-RENEW)",1
"Søren GADE (DNK-RENEW)","Peter KOFOD (DNK-ID)",1
"Søren GADE (DNK-RENEW)","Pierfrancesco MAJORINO (ITA-SD)",1
"Søren GADE (DNK-RENEW)","Véronique TRILLET-LENOIR (FRA-RENEW)",1
"Søren GADE (DNK-RENEW)","Simone SCHMIEDTBAUER (AUT-EPP)",1
"Søren GADE (DNK-RENEW)","Sira REGO (ESP-GUE_NGL)",1
"Søren GADE (DNK-RENEW)","Stelios KYMPOUROPOULOS (GRC-EPP)",1
"Søren GADE (DNK-RENEW)","Adriana MALDONADO LÓPEZ (ESP-SD)",1
"Søren GADE (DNK-RENEW)","Álvaro AMARO (PRT-EPP)",1
"Søren GADE (DNK-RENEW)","Simona BALDASSARRE (ITA-ID)",1
"Søren GADE (DNK-RENEW)","Luisa REGIMENTI (ITA-ID)",1
"Søren GADE (DNK-RENEW)","Andrea CAROPPO (ITA-EPP)",1
"Ivan DAVID (CZE-ID)","Hynek BLAŠKO (CZE-ID)",1
"Ivan DAVID (CZE-ID)","Teuvo HAKKARAINEN (FIN-ID)",1
"Ivan DAVID (CZE-ID)","Jean-Paul GARRAUD (FRA-ID)",1
"Ivan DAVID (CZE-ID)","Mathilde ANDROUËT (FRA-ID)",1
"Ivan DAVID (CZE-ID)","Mazaly AGUILAR (ESP-ECR)",1
"Ivan DAVID (CZE-ID)","Roman HAIDER (AUT-ID)",1
"Ivan DAVID (CZE-ID)","Margarita DE LA PISA CARRIÓN (ESP-ECR)",1
"Asger CHRISTENSEN (DNK-RENEW)","Bart GROOTHUIS (NLD-RENEW)",1
"Asger CHRISTENSEN (DNK-RENEW)","Malik AZMANI (NLD-RENEW)",1
"Grzegorz TOBISZOWSKI (POL-ECR)","Witold Jan WASZCZYKOWSKI (POL-ECR)",1
"Grzegorz TOBISZOWSKI (POL-ECR)","Anna ZALEWSKA (POL-ECR)",1
"Grzegorz TOBISZOWSKI (POL-ECR)","Silvia SARDONE (ITA-ID)",1
"Grzegorz TOBISZOWSKI (POL-ECR)","Stefania ZAMBELLI (ITA-ID)",1
"Grzegorz TOBISZOWSKI (POL-ECR)","Pietro FIOCCHI (ITA-ECR)",1
"Grzegorz TOBISZOWSKI (POL-ECR)","Gianantonio DA RE (ITA-ID)",1
"Grzegorz TOBISZOWSKI (POL-ECR)","Alessandra BASSO (ITA-ID)",1
"Grzegorz TOBISZOWSKI (POL-ECR)","Elena LIZZI (ITA-ID)",1
"Grzegorz TOBISZOWSKI (POL-ECR)","Rosanna CONTE (ITA-ID)",1
"Grzegorz TOBISZOWSKI (POL-ECR)","Cristian TERHEŞ (ROU-ECR)",1
"Grzegorz TOBISZOWSKI (POL-ECR)","Bert-Jan RUISSEN (NLD-ECR)",1
"Grzegorz TOBISZOWSKI (POL-ECR)","Susanna CECCARDI (ITA-ID)",1
"Grzegorz TOBISZOWSKI (POL-ECR)","Antonio Maria RINALDI (ITA-ID)",1
"Grzegorz TOBISZOWSKI (POL-ECR)","Annalisa TARDINO (ITA-ID)",1
"Grzegorz TOBISZOWSKI (POL-ECR)","Nicola PROCACCINI (ITA-ECR)",1
"Grzegorz TOBISZOWSKI (POL-ECR)","Raffaele STANCANELLI (ITA-ECR)",1
"Grzegorz TOBISZOWSKI (POL-ECR)","Matteo ADINOLFI (ITA-ID)",1
"Grzegorz TOBISZOWSKI (POL-ECR)","Jorge BUXADÉ VILLALBA (ESP-ECR)",1
"Grzegorz TOBISZOWSKI (POL-ECR)","Hermann TERTSCH (ESP-ECR)",1
"Grzegorz TOBISZOWSKI (POL-ECR)","Andrey SLABAKOV (BGR-ECR)",1
"Grzegorz TOBISZOWSKI (POL-ECR)","Mazaly AGUILAR (ESP-ECR)",1
"Grzegorz TOBISZOWSKI (POL-ECR)","Emmanouil FRAGKOS (GRC-ECR)",1
"Grzegorz TOBISZOWSKI (POL-ECR)","Vincenzo SOFO (ITA-ECR)",1
"Grzegorz TOBISZOWSKI (POL-ECR)","Miriam LEXMANN (SVK-EPP)",1
"Grzegorz TOBISZOWSKI (POL-ECR)","Dominik TARCZYŃSKI (POL-ECR)",1
"Grzegorz TOBISZOWSKI (POL-ECR)","Margarita DE LA PISA CARRIÓN (ESP-ECR)",1
"Grzegorz TOBISZOWSKI (POL-ECR)","Ladislav ILČIĆ (HRV-ECR)",1
"Hynek BLAŠKO (CZE-ID)","Teuvo HAKKARAINEN (FIN-ID)",1
"Hynek BLAŠKO (CZE-ID)","Thierry MARIANI (FRA-ID)",1
"Hynek BLAŠKO (CZE-ID)","Hervé JUVIN (FRA-ID)",1
"Hynek BLAŠKO (CZE-ID)","Virginie JORON (FRA-ID)",1
"Hynek BLAŠKO (CZE-ID)","Jean-Paul GARRAUD (FRA-ID)",1
"Hynek BLAŠKO (CZE-ID)","Aurélia BEIGNEUX (FRA-ID)",1
"Hynek BLAŠKO (CZE-ID)","Philippe OLIVIER (FRA-ID)",1
"Hynek BLAŠKO (CZE-ID)","Mathilde ANDROUËT (FRA-ID)",1
"Hynek BLAŠKO (CZE-ID)","Robert ROOS (NLD-ECR)",1
"Hynek BLAŠKO (CZE-ID)","Bert-Jan RUISSEN (NLD-ECR)",1
"Hynek BLAŠKO (CZE-ID)","Rob ROOKEN (NLD-ECR)",1
"Hynek BLAŠKO (CZE-ID)","Jorge BUXADÉ VILLALBA (ESP-ECR)",1
"Hynek BLAŠKO (CZE-ID)","Roman HAIDER (AUT-ID)",1
"Hynek BLAŠKO (CZE-ID)","Jean-Lin LACAPELLE (FRA-ID)",1
"Hynek BLAŠKO (CZE-ID)","Dorien ROOKMAKER (NLD-ECR)",1
"Hynek BLAŠKO (CZE-ID)","Michiel HOOGEVEEN (NLD-ECR)",1
"Witold Jan WASZCZYKOWSKI (POL-ECR)","Anna ZALEWSKA (POL-ECR)",1
"Witold Jan WASZCZYKOWSKI (POL-ECR)","Silvia SARDONE (ITA-ID)",1
"Witold Jan WASZCZYKOWSKI (POL-ECR)","Stefania ZAMBELLI (ITA-ID)",1
"Witold Jan WASZCZYKOWSKI (POL-ECR)","Pietro FIOCCHI (ITA-ECR)",1
"Witold Jan WASZCZYKOWSKI (POL-ECR)","Gianantonio DA RE (ITA-ID)",1
"Witold Jan WASZCZYKOWSKI (POL-ECR)","Alessandra BASSO (ITA-ID)",1
"Witold Jan WASZCZYKOWSKI (POL-ECR)","Elena LIZZI (ITA-ID)",1
"Witold Jan WASZCZYKOWSKI (POL-ECR)","Rosanna CONTE (ITA-ID)",1
"Witold Jan WASZCZYKOWSKI (POL-ECR)","Cristian TERHEŞ (ROU-ECR)",1
"Witold Jan WASZCZYKOWSKI (POL-ECR)","Bert-Jan RUISSEN (NLD-ECR)",1
"Witold Jan WASZCZYKOWSKI (POL-ECR)","Susanna CECCARDI (ITA-ID)",1
"Witold Jan WASZCZYKOWSKI (POL-ECR)","Antonio Maria RINALDI (ITA-ID)",1
"Witold Jan WASZCZYKOWSKI (POL-ECR)","Nicola PROCACCINI (ITA-ECR)",1
"Witold Jan WASZCZYKOWSKI (POL-ECR)","Raffaele STANCANELLI (ITA-ECR)",1
"Witold Jan WASZCZYKOWSKI (POL-ECR)","Matteo ADINOLFI (ITA-ID)",1
"Witold Jan WASZCZYKOWSKI (POL-ECR)","Jorge BUXADÉ VILLALBA (ESP-ECR)",1
"Witold Jan WASZCZYKOWSKI (POL-ECR)","Hermann TERTSCH (ESP-ECR)",1
"Witold Jan WASZCZYKOWSKI (POL-ECR)","Andrey SLABAKOV (BGR-ECR)",1
"Witold Jan WASZCZYKOWSKI (POL-ECR)","Mazaly AGUILAR (ESP-ECR)",1
"Witold Jan WASZCZYKOWSKI (POL-ECR)","Emmanouil FRAGKOS (GRC-ECR)",1
"Witold Jan WASZCZYKOWSKI (POL-ECR)","Vincenzo SOFO (ITA-ECR)",1
"Witold Jan WASZCZYKOWSKI (POL-ECR)","Dominik TARCZYŃSKI (POL-ECR)",1
"Witold Jan WASZCZYKOWSKI (POL-ECR)","Margarita DE LA PISA CARRIÓN (ESP-ECR)",1
"Witold Jan WASZCZYKOWSKI (POL-ECR)","Ladislav ILČIĆ (HRV-ECR)",1
"Peter KOFOD (DNK-ID)","Laura HUHTASAARI (FIN-ID)",1
"Peter KOFOD (DNK-ID)","Andrea CAROPPO (ITA-EPP)",1
"Anna ZALEWSKA (POL-ECR)","Silvia SARDONE (ITA-ID)",1
"Anna ZALEWSKA (POL-ECR)","Isabella TOVAGLIERI (ITA-ID)",1
"Anna ZALEWSKA (POL-ECR)","Stefania ZAMBELLI (ITA-ID)",1
"Anna ZALEWSKA (POL-ECR)","Pietro FIOCCHI (ITA-ECR)",1
"Anna ZALEWSKA (POL-ECR)","Gianantonio DA RE (ITA-ID)",1
"Anna ZALEWSKA (POL-ECR)","Alessandra BASSO (ITA-ID)",1
"Anna ZALEWSKA (POL-ECR)","Elena LIZZI (ITA-ID)",1
"Anna ZALEWSKA (POL-ECR)","Rosanna CONTE (ITA-ID)",1
"Anna ZALEWSKA (POL-ECR)","Hervé JUVIN (FRA-ID)",1
"Anna ZALEWSKA (POL-ECR)","Cristian TERHEŞ (ROU-ECR)",1
"Anna ZALEWSKA (POL-ECR)","Aurélia BEIGNEUX (FRA-ID)",1
"Anna ZALEWSKA (POL-ECR)","André ROUGÉ (FRA-ID)",1
"Anna ZALEWSKA (POL-ECR)","Bert-Jan RUISSEN (NLD-ECR)",1
"Anna ZALEWSKA (POL-ECR)","Susanna CECCARDI (ITA-ID)",1
"Anna ZALEWSKA (POL-ECR)","Antonio Maria RINALDI (ITA-ID)",1
"Anna ZALEWSKA (POL-ECR)","Valentino GRANT (ITA-ID)",1
"Anna ZALEWSKA (POL-ECR)","Annalisa TARDINO (ITA-ID)",1
"Anna ZALEWSKA (POL-ECR)","Nicola PROCACCINI (ITA-ECR)",1
"Anna ZALEWSKA (POL-ECR)","Raffaele STANCANELLI (ITA-ECR)",1
"Anna ZALEWSKA (POL-ECR)","Matteo ADINOLFI (ITA-ID)",1
"Anna ZALEWSKA (POL-ECR)","Jorge BUXADÉ VILLALBA (ESP-ECR)",1
"Anna ZALEWSKA (POL-ECR)","Hermann TERTSCH (ESP-ECR)",1
"Anna ZALEWSKA (POL-ECR)","Andrey SLABAKOV (BGR-ECR)",1
"Anna ZALEWSKA (POL-ECR)","Mazaly AGUILAR (ESP-ECR)",1
"Anna ZALEWSKA (POL-ECR)","Emmanouil FRAGKOS (GRC-ECR)",1
"Anna ZALEWSKA (POL-ECR)","Vincenzo SOFO (ITA-ECR)",1
"Anna ZALEWSKA (POL-ECR)","Miriam LEXMANN (SVK-EPP)",1
"Anna ZALEWSKA (POL-ECR)","Dominik TARCZYŃSKI (POL-ECR)",1
"Anna ZALEWSKA (POL-ECR)","Margarita DE LA PISA CARRIÓN (ESP-ECR)",1
"Anna ZALEWSKA (POL-ECR)","Jean-Lin LACAPELLE (FRA-ID)",1
"Anna ZALEWSKA (POL-ECR)","Ladislav ILČIĆ (HRV-ECR)",1
"Kira Marie PETER-HANSEN (DNK-GREEN_EFA)","Sarah WIENER (AUT-GREEN_EFA)",1
"Kira Marie PETER-HANSEN (DNK-GREEN_EFA)","Silvia MODIG (FIN-GUE_NGL)",1
"Damien CARÊME (FRA-GREEN_EFA)","Francisco GUERREIRO (PRT-GREEN_EFA)",1
"Damien CARÊME (FRA-GREEN_EFA)","Ciarán CUFFE (IRL-GREEN_EFA)",1
"Damien CARÊME (FRA-GREEN_EFA)","Kim VAN SPARRENTAK (NLD-GREEN_EFA)",1
"Damien CARÊME (FRA-GREEN_EFA)","Grace O'SULLIVAN (IRL-GREEN_EFA)",1
"Sylvie BRUNET (FRA-RENEW)","Pierre KARLESKIND (FRA-RENEW)",1
"Silvia SARDONE (ITA-ID)","Isabella TOVAGLIERI (ITA-ID)",1
"Silvia SARDONE (ITA-ID)","Gianna GANCIA (ITA-ID)",1
"Silvia SARDONE (ITA-ID)","Stefania ZAMBELLI (ITA-ID)",1
"Silvia SARDONE (ITA-ID)","Pietro FIOCCHI (ITA-ECR)",1
"Silvia SARDONE (ITA-ID)","Gianantonio DA RE (ITA-ID)",1
"Silvia SARDONE (ITA-ID)","Alessandra BASSO (ITA-ID)",1
"Silvia SARDONE (ITA-ID)","Elena LIZZI (ITA-ID)",1
"Silvia SARDONE (ITA-ID)","Rosanna CONTE (ITA-ID)",1
"Silvia SARDONE (ITA-ID)","Thierry MARIANI (FRA-ID)",1
"Silvia SARDONE (ITA-ID)","Hervé JUVIN (FRA-ID)",1
"Silvia SARDONE (ITA-ID)","Virginie JORON (FRA-ID)",1
"Silvia SARDONE (ITA-ID)","Jean-Paul GARRAUD (FRA-ID)",1
"Silvia SARDONE (ITA-ID)","Cristian TERHEŞ (ROU-ECR)",1
"Silvia SARDONE (ITA-ID)","Aurélia BEIGNEUX (FRA-ID)",1
"Silvia SARDONE (ITA-ID)","Philippe OLIVIER (FRA-ID)",1
"Silvia SARDONE (ITA-ID)","André ROUGÉ (FRA-ID)",1
"Silvia SARDONE (ITA-ID)","Mathilde ANDROUËT (FRA-ID)",1
"Silvia SARDONE (ITA-ID)","Bert-Jan RUISSEN (NLD-ECR)",1
"Silvia SARDONE (ITA-ID)","Susanna CECCARDI (ITA-ID)",1
"Silvia SARDONE (ITA-ID)","Antonio Maria RINALDI (ITA-ID)",1
"Silvia SARDONE (ITA-ID)","Anna BONFRISCO (ITA-ID)",1
"Silvia SARDONE (ITA-ID)","Simona BALDASSARRE (ITA-ID)",1
"Silvia SARDONE (ITA-ID)","Massimo CASANOVA (ITA-ID)",1
"Silvia SARDONE (ITA-ID)","Lucia VUOLO (ITA-EPP)",1
"Silvia SARDONE (ITA-ID)","Valentino GRANT (ITA-ID)",1
"Silvia SARDONE (ITA-ID)","Annalisa TARDINO (ITA-ID)",1
"Silvia SARDONE (ITA-ID)","Nicola PROCACCINI (ITA-ECR)",1
"Silvia SARDONE (ITA-ID)","Raffaele STANCANELLI (ITA-ECR)",1
"Silvia SARDONE (ITA-ID)","Matteo ADINOLFI (ITA-ID)",1
"Silvia SARDONE (ITA-ID)","Jorge BUXADÉ VILLALBA (ESP-ECR)",1
"Silvia SARDONE (ITA-ID)","Hermann TERTSCH (ESP-ECR)",1
"Silvia SARDONE (ITA-ID)","Mazaly AGUILAR (ESP-ECR)",1
"Silvia SARDONE (ITA-ID)","Vincenzo SOFO (ITA-ECR)",1
"Silvia SARDONE (ITA-ID)","Dominik TARCZYŃSKI (POL-ECR)",1
"Silvia SARDONE (ITA-ID)","Margarita DE LA PISA CARRIÓN (ESP-ECR)",1
"Silvia SARDONE (ITA-ID)","Jean-Lin LACAPELLE (FRA-ID)",1
"Silvia SARDONE (ITA-ID)","Ladislav ILČIĆ (HRV-ECR)",1
"Isabella TOVAGLIERI (ITA-ID)","Gianna GANCIA (ITA-ID)",1
"Isabella TOVAGLIERI (ITA-ID)","Stefania ZAMBELLI (ITA-ID)",1
"Isabella TOVAGLIERI (ITA-ID)","Pietro FIOCCHI (ITA-ECR)",1
"Isabella TOVAGLIERI (ITA-ID)","Gianantonio DA RE (ITA-ID)",1
"Isabella TOVAGLIERI (ITA-ID)","Alessandra BASSO (ITA-ID)",1
"Isabella TOVAGLIERI (ITA-ID)","Elena LIZZI (ITA-ID)",1
"Isabella TOVAGLIERI (ITA-ID)","Rosanna CONTE (ITA-ID)",1
"Isabella TOVAGLIERI (ITA-ID)","Thierry MARIANI (FRA-ID)",1
"Isabella TOVAGLIERI (ITA-ID)","Hervé JUVIN (FRA-ID)",1
"Isabella TOVAGLIERI (ITA-ID)","Virginie JORON (FRA-ID)",1
"Isabella TOVAGLIERI (ITA-ID)","Jean-Paul GARRAUD (FRA-ID)",1
"Isabella TOVAGLIERI (ITA-ID)","Aurélia BEIGNEUX (FRA-ID)",1
"Isabella TOVAGLIERI (ITA-ID)","Philippe OLIVIER (FRA-ID)",1
"Isabella TOVAGLIERI (ITA-ID)","André ROUGÉ (FRA-ID)",1
"Isabella TOVAGLIERI (ITA-ID)","Mathilde ANDROUËT (FRA-ID)",1
"Isabella TOVAGLIERI (ITA-ID)","Bert-Jan RUISSEN (NLD-ECR)",1
"Isabella TOVAGLIERI (ITA-ID)","Susanna CECCARDI (ITA-ID)",1
"Isabella TOVAGLIERI (ITA-ID)","Antonio Maria RINALDI (ITA-ID)",1
"Isabella TOVAGLIERI (ITA-ID)","Anna BONFRISCO (ITA-ID)",1
"Isabella TOVAGLIERI (ITA-ID)","Simona BALDASSARRE (ITA-ID)",1
"Isabella TOVAGLIERI (ITA-ID)","Massimo CASANOVA (ITA-ID)",1
"Isabella TOVAGLIERI (ITA-ID)","Lucia VUOLO (ITA-EPP)",1
"Isabella TOVAGLIERI (ITA-ID)","Valentino GRANT (ITA-ID)",1
"Isabella TOVAGLIERI (ITA-ID)","Annalisa TARDINO (ITA-ID)",1
"Isabella TOVAGLIERI (ITA-ID)","Nicola PROCACCINI (ITA-ECR)",1
"Isabella TOVAGLIERI (ITA-ID)","Raffaele STANCANELLI (ITA-ECR)",1
"Isabella TOVAGLIERI (ITA-ID)","Matteo ADINOLFI (ITA-ID)",1
"Isabella TOVAGLIERI (ITA-ID)","Hermann TERTSCH (ESP-ECR)",1
"Isabella TOVAGLIERI (ITA-ID)","Mazaly AGUILAR (ESP-ECR)",1
"Isabella TOVAGLIERI (ITA-ID)","Vincenzo SOFO (ITA-ECR)",1
"Isabella TOVAGLIERI (ITA-ID)","Margarita DE LA PISA CARRIÓN (ESP-ECR)",1
"Isabella TOVAGLIERI (ITA-ID)","Jean-Lin LACAPELLE (FRA-ID)",1
"Isabella TOVAGLIERI (ITA-ID)","Ladislav ILČIĆ (HRV-ECR)",1
"Gianna GANCIA (ITA-ID)","Stefania ZAMBELLI (ITA-ID)",1
"Gianna GANCIA (ITA-ID)","Pietro FIOCCHI (ITA-ECR)",1
"Gianna GANCIA (ITA-ID)","Gianantonio DA RE (ITA-ID)",1
"Gianna GANCIA (ITA-ID)","Alessandra BASSO (ITA-ID)",1
"Gianna GANCIA (ITA-ID)","Elena LIZZI (ITA-ID)",1
"Gianna GANCIA (ITA-ID)","Rosanna CONTE (ITA-ID)",1
"Gianna GANCIA (ITA-ID)","Thierry MARIANI (FRA-ID)",1
"Gianna GANCIA (ITA-ID)","Hervé JUVIN (FRA-ID)",1
"Gianna GANCIA (ITA-ID)","Virginie JORON (FRA-ID)",1
"Gianna GANCIA (ITA-ID)","Jean-Paul GARRAUD (FRA-ID)",1
"Gianna GANCIA (ITA-ID)","Aurélia BEIGNEUX (FRA-ID)",1
"Gianna GANCIA (ITA-ID)","Philippe OLIVIER (FRA-ID)",1
"Gianna GANCIA (ITA-ID)","André ROUGÉ (FRA-ID)",1
"Gianna GANCIA (ITA-ID)","Mathilde ANDROUËT (FRA-ID)",1
"Gianna GANCIA (ITA-ID)","Bert-Jan RUISSEN (NLD-ECR)",1
"Gianna GANCIA (ITA-ID)","Susanna CECCARDI (ITA-ID)",1
"Gianna GANCIA (ITA-ID)","Antonio Maria RINALDI (ITA-ID)",1
"Gianna GANCIA (ITA-ID)","Anna BONFRISCO (ITA-ID)",1
"Gianna GANCIA (ITA-ID)","Simona BALDASSARRE (ITA-ID)",1
"Gianna GANCIA (ITA-ID)","Massimo CASANOVA (ITA-ID)",1
"Gianna GANCIA (ITA-ID)","Lucia VUOLO (ITA-EPP)",1
"Gianna GANCIA (ITA-ID)","Valentino GRANT (ITA-ID)",1
"Gianna GANCIA (ITA-ID)","Annalisa TARDINO (ITA-ID)",1
"Gianna GANCIA (ITA-ID)","Matteo ADINOLFI (ITA-ID)",1
"Gianna GANCIA (ITA-ID)","Mazaly AGUILAR (ESP-ECR)",1
"Gianna GANCIA (ITA-ID)","Vincenzo SOFO (ITA-ECR)",1
"Gianna GANCIA (ITA-ID)","Margarita DE LA PISA CARRIÓN (ESP-ECR)",1
"Gianna GANCIA (ITA-ID)","Jean-Lin LACAPELLE (FRA-ID)",1
"Gianna GANCIA (ITA-ID)","Ladislav ILČIĆ (HRV-ECR)",1
"Stefania ZAMBELLI (ITA-ID)","Pietro FIOCCHI (ITA-ECR)",1
"Stefania ZAMBELLI (ITA-ID)","Gianantonio DA RE (ITA-ID)",1
"Stefania ZAMBELLI (ITA-ID)","Alessandra BASSO (ITA-ID)",1
"Stefania ZAMBELLI (ITA-ID)","Elena LIZZI (ITA-ID)",1
"Stefania ZAMBELLI (ITA-ID)","Rosanna CONTE (ITA-ID)",1
"Stefania ZAMBELLI (ITA-ID)","Thierry MARIANI (FRA-ID)",1
"Stefania ZAMBELLI (ITA-ID)","Hervé JUVIN (FRA-ID)",1
"Stefania ZAMBELLI (ITA-ID)","Virginie JORON (FRA-ID)",1
"Stefania ZAMBELLI (ITA-ID)","Jean-Paul GARRAUD (FRA-ID)",1
"Stefania ZAMBELLI (ITA-ID)","Aurélia BEIGNEUX (FRA-ID)",1
"Stefania ZAMBELLI (ITA-ID)","Philippe OLIVIER (FRA-ID)",1
"Stefania ZAMBELLI (ITA-ID)","André ROUGÉ (FRA-ID)",1
"Stefania ZAMBELLI (ITA-ID)","Mathilde ANDROUËT (FRA-ID)",1
"Stefania ZAMBELLI (ITA-ID)","Bert-Jan RUISSEN (NLD-ECR)",1
"Stefania ZAMBELLI (ITA-ID)","Susanna CECCARDI (ITA-ID)",1
"Stefania ZAMBELLI (ITA-ID)","Antonio Maria RINALDI (ITA-ID)",1
"Stefania ZAMBELLI (ITA-ID)","Anna BONFRISCO (ITA-ID)",1
"Stefania ZAMBELLI (ITA-ID)","Simona BALDASSARRE (ITA-ID)",1
"Stefania ZAMBELLI (ITA-ID)","Massimo CASANOVA (ITA-ID)",1
"Stefania ZAMBELLI (ITA-ID)","Lucia VUOLO (ITA-EPP)",1
"Stefania ZAMBELLI (ITA-ID)","Valentino GRANT (ITA-ID)",1
"Stefania ZAMBELLI (ITA-ID)","Annalisa TARDINO (ITA-ID)",1
"Stefania ZAMBELLI (ITA-ID)","Nicola PROCACCINI (ITA-ECR)",1
"Stefania ZAMBELLI (ITA-ID)","Matteo ADINOLFI (ITA-ID)",1
"Stefania ZAMBELLI (ITA-ID)","Jorge BUXADÉ VILLALBA (ESP-ECR)",1
"Stefania ZAMBELLI (ITA-ID)","Mazaly AGUILAR (ESP-ECR)",1
"Stefania ZAMBELLI (ITA-ID)","Vincenzo SOFO (ITA-ECR)",1
"Stefania ZAMBELLI (ITA-ID)","Miriam LEXMANN (SVK-EPP)",1
"Stefania ZAMBELLI (ITA-ID)","Dominik TARCZYŃSKI (POL-ECR)",1
"Stefania ZAMBELLI (ITA-ID)","Margarita DE LA PISA CARRIÓN (ESP-ECR)",1
"Stefania ZAMBELLI (ITA-ID)","Jean-Lin LACAPELLE (FRA-ID)",1
"Stefania ZAMBELLI (ITA-ID)","Ladislav ILČIĆ (HRV-ECR)",1
"Pierfrancesco MAJORINO (ITA-SD)","Véronique TRILLET-LENOIR (FRA-RENEW)",1
"Pierfrancesco MAJORINO (ITA-SD)","Carmen AVRAM (ROU-SD)",1
"Pierfrancesco MAJORINO (ITA-SD)","Simone SCHMIEDTBAUER (AUT-EPP)",1
"Pierfrancesco MAJORINO (ITA-SD)","Sira REGO (ESP-GUE_NGL)",1
"Pierfrancesco MAJORINO (ITA-SD)","Stelios KYMPOUROPOULOS (GRC-EPP)",1
"Pierfrancesco MAJORINO (ITA-SD)","Adriana MALDONADO LÓPEZ (ESP-SD)",1
"Pierfrancesco MAJORINO (ITA-SD)","Álvaro AMARO (PRT-EPP)",1
"Pierfrancesco MAJORINO (ITA-SD)","Simona BALDASSARRE (ITA-ID)",1
"Pierfrancesco MAJORINO (ITA-SD)","Luisa REGIMENTI (ITA-ID)",1
"Pierfrancesco MAJORINO (ITA-SD)","Andrea CAROPPO (ITA-EPP)",1
"Pierfrancesco MAJORINO (ITA-SD)","Manu PINEDA (ESP-GUE_NGL)",1
"Véronique TRILLET-LENOIR (FRA-RENEW)","Carmen AVRAM (ROU-SD)",1
"Véronique TRILLET-LENOIR (FRA-RENEW)","Simone SCHMIEDTBAUER (AUT-EPP)",1
"Véronique TRILLET-LENOIR (FRA-RENEW)","Sira REGO (ESP-GUE_NGL)",1
"Véronique TRILLET-LENOIR (FRA-RENEW)","Stelios KYMPOUROPOULOS (GRC-EPP)",1
"Véronique TRILLET-LENOIR (FRA-RENEW)","Adriana MALDONADO LÓPEZ (ESP-SD)",1
"Véronique TRILLET-LENOIR (FRA-RENEW)","Álvaro AMARO (PRT-EPP)",1
"Véronique TRILLET-LENOIR (FRA-RENEW)","Luisa REGIMENTI (ITA-ID)",1
"Véronique TRILLET-LENOIR (FRA-RENEW)","Andrea CAROPPO (ITA-EPP)",1
"Laura HUHTASAARI (FIN-ID)","Teuvo HAKKARAINEN (FIN-ID)",1
"Laura HUHTASAARI (FIN-ID)","Simona BALDASSARRE (ITA-ID)",1
"Teuvo HAKKARAINEN (FIN-ID)","Alessandra BASSO (ITA-ID)",1
"Teuvo HAKKARAINEN (FIN-ID)","Bert-Jan RUISSEN (NLD-ECR)",1
"Teuvo HAKKARAINEN (FIN-ID)","Rob ROOKEN (NLD-ECR)",1
"Teuvo HAKKARAINEN (FIN-ID)","Antonio Maria RINALDI (ITA-ID)",1
"Teuvo HAKKARAINEN (FIN-ID)","Mazaly AGUILAR (ESP-ECR)",1
"Teuvo HAKKARAINEN (FIN-ID)","Michiel HOOGEVEEN (NLD-ECR)",1
"Javier ZARZALEJOS (ESP-EPP)","Juan Ignacio ZOIDO ÁLVAREZ (ESP-EPP)",1
"Javier ZARZALEJOS (ESP-EPP)","Traian BĂSESCU (ROU-EPP)",1
"Javier ZARZALEJOS (ESP-EPP)","Isabel BENJUMEA BENJUMEA (ESP-EPP)",1
"Javier ZARZALEJOS (ESP-EPP)","Dolors MONTSERRAT (ESP-EPP)",1
"Javier ZARZALEJOS (ESP-EPP)","Leopoldo LÓPEZ GIL (ESP-EPP)",1
"Javier ZARZALEJOS (ESP-EPP)","Tom BERENDSEN (NLD-EPP)",1
"Javier ZARZALEJOS (ESP-EPP)","Aušra SEIBUTYTĖ (LTU-EPP)",1
"Javier ZARZALEJOS (ESP-EPP)","Alexander ALEXANDROV YORDANOV (BGR-EPP)",1
"Javier ZARZALEJOS (ESP-EPP)","Liudas MAŽYLIS (LTU-EPP)",1
"Javier ZARZALEJOS (ESP-EPP)","Andrius KUBILIUS (LTU-EPP)",1
"Javier ZARZALEJOS (ESP-EPP)","Riho TERRAS (EST-EPP)",1
"Pietro FIOCCHI (ITA-ECR)","Gianantonio DA RE (ITA-ID)",1
"Pietro FIOCCHI (ITA-ECR)","Alessandra BASSO (ITA-ID)",1
"Pietro FIOCCHI (ITA-ECR)","Elena LIZZI (ITA-ID)",1
"Pietro FIOCCHI (ITA-ECR)","Rosanna CONTE (ITA-ID)",1
"Pietro FIOCCHI (ITA-ECR)","Cristian TERHEŞ (ROU-ECR)",1
"Pietro FIOCCHI (ITA-ECR)","André ROUGÉ (FRA-ID)",1
"Pietro FIOCCHI (ITA-ECR)","Bert-Jan RUISSEN (NLD-ECR)",1
"Pietro FIOCCHI (ITA-ECR)","Susanna CECCARDI (ITA-ID)",1
"Pietro FIOCCHI (ITA-ECR)","Antonio Maria RINALDI (ITA-ID)",1
"Pietro FIOCCHI (ITA-ECR)","Valentino GRANT (ITA-ID)",1
"Pietro FIOCCHI (ITA-ECR)","Annalisa TARDINO (ITA-ID)",1
"Pietro FIOCCHI (ITA-ECR)","Nicola PROCACCINI (ITA-ECR)",1
"Pietro FIOCCHI (ITA-ECR)","Giuseppe MILAZZO (ITA-ECR)",1
"Pietro FIOCCHI (ITA-ECR)","Raffaele STANCANELLI (ITA-ECR)",1
"Pietro FIOCCHI (ITA-ECR)","Matteo ADINOLFI (ITA-ID)",1
"Pietro FIOCCHI (ITA-ECR)","Jorge BUXADÉ VILLALBA (ESP-ECR)",1
"Pietro FIOCCHI (ITA-ECR)","Hermann TERTSCH (ESP-ECR)",1
"Pietro FIOCCHI (ITA-ECR)","Andrey SLABAKOV (BGR-ECR)",1
"Pietro FIOCCHI (ITA-ECR)","Mazaly AGUILAR (ESP-ECR)",1
"Pietro FIOCCHI (ITA-ECR)","Emmanouil FRAGKOS (GRC-ECR)",1
"Pietro FIOCCHI (ITA-ECR)","Vincenzo SOFO (ITA-ECR)",1
"Pietro FIOCCHI (ITA-ECR)","Dominik TARCZYŃSKI (POL-ECR)",1
"Pietro FIOCCHI (ITA-ECR)","Margarita DE LA PISA CARRIÓN (ESP-ECR)",1
"Pietro FIOCCHI (ITA-ECR)","Ladislav ILČIĆ (HRV-ECR)",1
"Gianantonio DA RE (ITA-ID)","Alessandra BASSO (ITA-ID)",1
"Gianantonio DA RE (ITA-ID)","Elena LIZZI (ITA-ID)",1
"Gianantonio DA RE (ITA-ID)","Rosanna CONTE (ITA-ID)",1
"Gianantonio DA RE (ITA-ID)","Thierry MARIANI (FRA-ID)",1
"Gianantonio DA RE (ITA-ID)","Hervé JUVIN (FRA-ID)",1
"Gianantonio DA RE (ITA-ID)","Virginie JORON (FRA-ID)",1
"Gianantonio DA RE (ITA-ID)","Jean-Paul GARRAUD (FRA-ID)",1
"Gianantonio DA RE (ITA-ID)","Aurélia BEIGNEUX (FRA-ID)",1
"Gianantonio DA RE (ITA-ID)","Philippe OLIVIER (FRA-ID)",1
"Gianantonio DA RE (ITA-ID)","André ROUGÉ (FRA-ID)",1
"Gianantonio DA RE (ITA-ID)","Mathilde ANDROUËT (FRA-ID)",1
"Gianantonio DA RE (ITA-ID)","Bert-Jan RUISSEN (NLD-ECR)",1
"Gianantonio DA RE (ITA-ID)","Susanna CECCARDI (ITA-ID)",1
"Gianantonio DA RE (ITA-ID)","Antonio Maria RINALDI (ITA-ID)",1
"Gianantonio DA RE (ITA-ID)","Anna BONFRISCO (ITA-ID)",1
"Gianantonio DA RE (ITA-ID)","Simona BALDASSARRE (ITA-ID)",1
"Gianantonio DA RE (ITA-ID)","Massimo CASANOVA (ITA-ID)",1
"Gianantonio DA RE (ITA-ID)","Lucia VUOLO (ITA-EPP)",1
"Gianantonio DA RE (ITA-ID)","Valentino GRANT (ITA-ID)",1
"Gianantonio DA RE (ITA-ID)","Annalisa TARDINO (ITA-ID)",1
"Gianantonio DA RE (ITA-ID)","Nicola PROCACCINI (ITA-ECR)",1
"Gianantonio DA RE (ITA-ID)","Raffaele STANCANELLI (ITA-ECR)",1
"Gianantonio DA RE (ITA-ID)","Matteo ADINOLFI (ITA-ID)",1
"Gianantonio DA RE (ITA-ID)","Jorge BUXADÉ VILLALBA (ESP-ECR)",1
"Gianantonio DA RE (ITA-ID)","Mazaly AGUILAR (ESP-ECR)",1
"Gianantonio DA RE (ITA-ID)","Vincenzo SOFO (ITA-ECR)",1
"Gianantonio DA RE (ITA-ID)","Dominik TARCZYŃSKI (POL-ECR)",1
"Gianantonio DA RE (ITA-ID)","Margarita DE LA PISA CARRIÓN (ESP-ECR)",1
"Gianantonio DA RE (ITA-ID)","Jean-Lin LACAPELLE (FRA-ID)",1
"Gianantonio DA RE (ITA-ID)","Ladislav ILČIĆ (HRV-ECR)",1
"Alessandra BASSO (ITA-ID)","Elena LIZZI (ITA-ID)",1
"Alessandra BASSO (ITA-ID)","Rosanna CONTE (ITA-ID)",1
"Alessandra BASSO (ITA-ID)","Thierry MARIANI (FRA-ID)",1
"Alessandra BASSO (ITA-ID)","Hervé JUVIN (FRA-ID)",1
"Alessandra BASSO (ITA-ID)","Virginie JORON (FRA-ID)",1
"Alessandra BASSO (ITA-ID)","Jean-Paul GARRAUD (FRA-ID)",1
"Alessandra BASSO (ITA-ID)","Aurélia BEIGNEUX (FRA-ID)",1
"Alessandra BASSO (ITA-ID)","Philippe OLIVIER (FRA-ID)",1
"Alessandra BASSO (ITA-ID)","André ROUGÉ (FRA-ID)",1
"Alessandra BASSO (ITA-ID)","Mathilde ANDROUËT (FRA-ID)",1
"Alessandra BASSO (ITA-ID)","Bert-Jan RUISSEN (NLD-ECR)",1
"Alessandra BASSO (ITA-ID)","Susanna CECCARDI (ITA-ID)",1
"Alessandra BASSO (ITA-ID)","Antonio Maria RINALDI (ITA-ID)",1
"Alessandra BASSO (ITA-ID)","Anna BONFRISCO (ITA-ID)",1
"Alessandra BASSO (ITA-ID)","Simona BALDASSARRE (ITA-ID)",1
"Alessandra BASSO (ITA-ID)","Massimo CASANOVA (ITA-ID)",1
"Alessandra BASSO (ITA-ID)","Lucia VUOLO (ITA-EPP)",1
"Alessandra BASSO (ITA-ID)","Valentino GRANT (ITA-ID)",1
"Alessandra BASSO (ITA-ID)","Annalisa TARDINO (ITA-ID)",1
"Alessandra BASSO (ITA-ID)","Nicola PROCACCINI (ITA-ECR)",1
"Alessandra BASSO (ITA-ID)","Raffaele STANCANELLI (ITA-ECR)",1
"Alessandra BASSO (ITA-ID)","Matteo ADINOLFI (ITA-ID)",1
"Alessandra BASSO (ITA-ID)","Jorge BUXADÉ VILLALBA (ESP-ECR)",1
"Alessandra BASSO (ITA-ID)","Hermann TERTSCH (ESP-ECR)",1
"Alessandra BASSO (ITA-ID)","Mazaly AGUILAR (ESP-ECR)",1
"Alessandra BASSO (ITA-ID)","Vincenzo SOFO (ITA-ECR)",1
"Alessandra BASSO (ITA-ID)","Dominik TARCZYŃSKI (POL-ECR)",1
"Alessandra BASSO (ITA-ID)","Margarita DE LA PISA CARRIÓN (ESP-ECR)",1
"Alessandra BASSO (ITA-ID)","Jean-Lin LACAPELLE (FRA-ID)",1
"Alessandra BASSO (ITA-ID)","Ladislav ILČIĆ (HRV-ECR)",1
"Elena LIZZI (ITA-ID)","Rosanna CONTE (ITA-ID)",1
"Elena LIZZI (ITA-ID)","Thierry MARIANI (FRA-ID)",1
"Elena LIZZI (ITA-ID)","Hervé JUVIN (FRA-ID)",1
"Elena LIZZI (ITA-ID)","Virginie JORON (FRA-ID)",1
"Elena LIZZI (ITA-ID)","Jean-Paul GARRAUD (FRA-ID)",1
"Elena LIZZI (ITA-ID)","Aurélia BEIGNEUX (FRA-ID)",1
"Elena LIZZI (ITA-ID)","Philippe OLIVIER (FRA-ID)",1
"Elena LIZZI (ITA-ID)","André ROUGÉ (FRA-ID)",1
"Elena LIZZI (ITA-ID)","Mathilde ANDROUËT (FRA-ID)",1
"Elena LIZZI (ITA-ID)","Bert-Jan RUISSEN (NLD-ECR)",1
"Elena LIZZI (ITA-ID)","Susanna CECCARDI (ITA-ID)",1
"Elena LIZZI (ITA-ID)","Antonio Maria RINALDI (ITA-ID)",1
"Elena LIZZI (ITA-ID)","Anna BONFRISCO (ITA-ID)",1
"Elena LIZZI (ITA-ID)","Simona BALDASSARRE (ITA-ID)",1
"Elena LIZZI (ITA-ID)","Massimo CASANOVA (ITA-ID)",1
"Elena LIZZI (ITA-ID)","Lucia VUOLO (ITA-EPP)",1
"Elena LIZZI (ITA-ID)","Valentino GRANT (ITA-ID)",1
"Elena LIZZI (ITA-ID)","Annalisa TARDINO (ITA-ID)",1
"Elena LIZZI (ITA-ID)","Nicola PROCACCINI (ITA-ECR)",1
"Elena LIZZI (ITA-ID)","Raffaele STANCANELLI (ITA-ECR)",1
"Elena LIZZI (ITA-ID)","Matteo ADINOLFI (ITA-ID)",1
"Elena LIZZI (ITA-ID)","Jorge BUXADÉ VILLALBA (ESP-ECR)",1
"Elena LIZZI (ITA-ID)","Hermann TERTSCH (ESP-ECR)",1
"Elena LIZZI (ITA-ID)","Andrey SLABAKOV (BGR-ECR)",1
"Elena LIZZI (ITA-ID)","Mazaly AGUILAR (ESP-ECR)",1
"Elena LIZZI (ITA-ID)","Vincenzo SOFO (ITA-ECR)",1
"Elena LIZZI (ITA-ID)","Dominik TARCZYŃSKI (POL-ECR)",1
"Elena LIZZI (ITA-ID)","Margarita DE LA PISA CARRIÓN (ESP-ECR)",1
"Elena LIZZI (ITA-ID)","Jean-Lin LACAPELLE (FRA-ID)",1
"Elena LIZZI (ITA-ID)","Ladislav ILČIĆ (HRV-ECR)",1
"Jérôme RIVIÈRE (FRA-ID)","Rosanna CONTE (ITA-ID)",1
"Jérôme RIVIÈRE (FRA-ID)","Thierry MARIANI (FRA-ID)",1
"Jérôme RIVIÈRE (FRA-ID)","Hervé JUVIN (FRA-ID)",1
"Jérôme RIVIÈRE (FRA-ID)","Virginie JORON (FRA-ID)",1
"Jérôme RIVIÈRE (FRA-ID)","Jean-Paul GARRAUD (FRA-ID)",1
"Jérôme RIVIÈRE (FRA-ID)","Maxette PIRBAKAS (FRA-ID)",1
"Jérôme RIVIÈRE (FRA-ID)","Aurélia BEIGNEUX (FRA-ID)",1
"Jérôme RIVIÈRE (FRA-ID)","Philippe OLIVIER (FRA-ID)",1
"Jérôme RIVIÈRE (FRA-ID)","André ROUGÉ (FRA-ID)",1
"Jérôme RIVIÈRE (FRA-ID)","Mathilde ANDROUËT (FRA-ID)",1
"Jérôme RIVIÈRE (FRA-ID)","Bert-Jan RUISSEN (NLD-ECR)",1
"Jérôme RIVIÈRE (FRA-ID)","Simona BALDASSARRE (ITA-ID)",1
"Jérôme RIVIÈRE (FRA-ID)","Annalisa TARDINO (ITA-ID)",1
"Jérôme RIVIÈRE (FRA-ID)","Hermann TERTSCH (ESP-ECR)",1
"Jérôme RIVIÈRE (FRA-ID)","Roman HAIDER (AUT-ID)",1
"Jérôme RIVIÈRE (FRA-ID)","Jean-Lin LACAPELLE (FRA-ID)",1
"Rosanna CONTE (ITA-ID)","Thierry MARIANI (FRA-ID)",1
"Rosanna CONTE (ITA-ID)","Hervé JUVIN (FRA-ID)",1
"Rosanna CONTE (ITA-ID)","Virginie JORON (FRA-ID)",1
"Rosanna CONTE (ITA-ID)","Jean-Paul GARRAUD (FRA-ID)",1
"Rosanna CONTE (ITA-ID)","Cristian TERHEŞ (ROU-ECR)",1
"Rosanna CONTE (ITA-ID)","Aurélia BEIGNEUX (FRA-ID)",1
"Rosanna CONTE (ITA-ID)","Philippe OLIVIER (FRA-ID)",1
"Rosanna CONTE (ITA-ID)","André ROUGÉ (FRA-ID)",1
"Rosanna CONTE (ITA-ID)","Mathilde ANDROUËT (FRA-ID)",1
"Rosanna CONTE (ITA-ID)","Bert-Jan RUISSEN (NLD-ECR)",1
"Rosanna CONTE (ITA-ID)","Susanna CECCARDI (ITA-ID)",1
"Rosanna CONTE (ITA-ID)","Antonio Maria RINALDI (ITA-ID)",1
"Rosanna CONTE (ITA-ID)","Anna BONFRISCO (ITA-ID)",1
"Rosanna CONTE (ITA-ID)","Simona BALDASSARRE (ITA-ID)",1
"Rosanna CONTE (ITA-ID)","Massimo CASANOVA (ITA-ID)",1
"Rosanna CONTE (ITA-ID)","Lucia VUOLO (ITA-EPP)",1
"Rosanna CONTE (ITA-ID)","Valentino GRANT (ITA-ID)",1
"Rosanna CONTE (ITA-ID)","Annalisa TARDINO (ITA-ID)",1
"Rosanna CONTE (ITA-ID)","Nicola PROCACCINI (ITA-ECR)",1
"Rosanna CONTE (ITA-ID)","Raffaele STANCANELLI (ITA-ECR)",1
"Rosanna CONTE (ITA-ID)","Matteo ADINOLFI (ITA-ID)",1
"Rosanna CONTE (ITA-ID)","Jorge BUXADÉ VILLALBA (ESP-ECR)",1
"Rosanna CONTE (ITA-ID)","Hermann TERTSCH (ESP-ECR)",1
"Rosanna CONTE (ITA-ID)","Mazaly AGUILAR (ESP-ECR)",1
"Rosanna CONTE (ITA-ID)","Vincenzo SOFO (ITA-ECR)",1
"Rosanna CONTE (ITA-ID)","Dominik TARCZYŃSKI (POL-ECR)",1
"Rosanna CONTE (ITA-ID)","Margarita DE LA PISA CARRIÓN (ESP-ECR)",1
"Rosanna CONTE (ITA-ID)","Jean-Lin LACAPELLE (FRA-ID)",1
"Rosanna CONTE (ITA-ID)","Ladislav ILČIĆ (HRV-ECR)",1
"Juan Ignacio ZOIDO ÁLVAREZ (ESP-EPP)","Vasile BLAGA (ROU-EPP)",1
"Juan Ignacio ZOIDO ÁLVAREZ (ESP-EPP)","Traian BĂSESCU (ROU-EPP)",1
"Juan Ignacio ZOIDO ÁLVAREZ (ESP-EPP)","Eugen TOMAC (ROU-EPP)",1
"Juan Ignacio ZOIDO ÁLVAREZ (ESP-EPP)","Isabel BENJUMEA BENJUMEA (ESP-EPP)",1
"Juan Ignacio ZOIDO ÁLVAREZ (ESP-EPP)","Dolors MONTSERRAT (ESP-EPP)",1
"Juan Ignacio ZOIDO ÁLVAREZ (ESP-EPP)","Leopoldo LÓPEZ GIL (ESP-EPP)",1
"Juan Ignacio ZOIDO ÁLVAREZ (ESP-EPP)","Aušra SEIBUTYTĖ (LTU-EPP)",1
"Juan Ignacio ZOIDO ÁLVAREZ (ESP-EPP)","Alexander ALEXANDROV YORDANOV (BGR-EPP)",1
"Juan Ignacio ZOIDO ÁLVAREZ (ESP-EPP)","Rasa JUKNEVIČIENĖ (LTU-EPP)",1
"Juan Ignacio ZOIDO ÁLVAREZ (ESP-EPP)","Liudas MAŽYLIS (LTU-EPP)",1
"Juan Ignacio ZOIDO ÁLVAREZ (ESP-EPP)","Andrius KUBILIUS (LTU-EPP)",1
"Thierry MARIANI (FRA-ID)","Hervé JUVIN (FRA-ID)",1
"Thierry MARIANI (FRA-ID)","Virginie JORON (FRA-ID)",1
"Thierry MARIANI (FRA-ID)","Jean-Paul GARRAUD (FRA-ID)",1
"Thierry MARIANI (FRA-ID)","Maxette PIRBAKAS (FRA-ID)",1
"Thierry MARIANI (FRA-ID)","Aurélia BEIGNEUX (FRA-ID)",1
"Thierry MARIANI (FRA-ID)","Philippe OLIVIER (FRA-ID)",1
"Thierry MARIANI (FRA-ID)","André ROUGÉ (FRA-ID)",1
"Thierry MARIANI (FRA-ID)","Mathilde ANDROUËT (FRA-ID)",1
"Thierry MARIANI (FRA-ID)","Robert ROOS (NLD-ECR)",1
"Thierry MARIANI (FRA-ID)","Bert-Jan RUISSEN (NLD-ECR)",1
"Thierry MARIANI (FRA-ID)","Rob ROOKEN (NLD-ECR)",1
"Thierry MARIANI (FRA-ID)","Susanna CECCARDI (ITA-ID)",1
"Thierry MARIANI (FRA-ID)","Antonio Maria RINALDI (ITA-ID)",1
"Thierry MARIANI (FRA-ID)","Valentino GRANT (ITA-ID)",1
"Thierry MARIANI (FRA-ID)","Annalisa TARDINO (ITA-ID)",1
"Thierry MARIANI (FRA-ID)","Nicola PROCACCINI (ITA-ECR)",1
"Thierry MARIANI (FRA-ID)","Matteo ADINOLFI (ITA-ID)",1
"Thierry MARIANI (FRA-ID)","Jorge BUXADÉ VILLALBA (ESP-ECR)",1
"Thierry MARIANI (FRA-ID)","Hermann TERTSCH (ESP-ECR)",1
"Thierry MARIANI (FRA-ID)","Mazaly AGUILAR (ESP-ECR)",1
"Thierry MARIANI (FRA-ID)","Roman HAIDER (AUT-ID)",1
"Thierry MARIANI (FRA-ID)","Vincenzo SOFO (ITA-ECR)",1
"Thierry MARIANI (FRA-ID)","Margarita DE LA PISA CARRIÓN (ESP-ECR)",1
"Thierry MARIANI (FRA-ID)","Jean-Lin LACAPELLE (FRA-ID)",1
"Thierry MARIANI (FRA-ID)","Ladislav ILČIĆ (HRV-ECR)",1
"Hervé JUVIN (FRA-ID)","Virginie JORON (FRA-ID)",1
"Hervé JUVIN (FRA-ID)","Jean-Paul GARRAUD (FRA-ID)",1
"Hervé JUVIN (FRA-ID)","Maxette PIRBAKAS (FRA-ID)",1
"Hervé JUVIN (FRA-ID)","Aurélia BEIGNEUX (FRA-ID)",1
"Hervé JUVIN (FRA-ID)","Philippe OLIVIER (FRA-ID)",1
"Hervé JUVIN (FRA-ID)","André ROUGÉ (FRA-ID)",1
"Hervé JUVIN (FRA-ID)","Mathilde ANDROUËT (FRA-ID)",1
"Hervé JUVIN (FRA-ID)","Robert ROOS (NLD-ECR)",1
"Hervé JUVIN (FRA-ID)","Bert-Jan RUISSEN (NLD-ECR)",1
"Hervé JUVIN (FRA-ID)","Rob ROOKEN (NLD-ECR)",1
"Hervé JUVIN (FRA-ID)","Susanna CECCARDI (ITA-ID)",1
"Hervé JUVIN (FRA-ID)","Antonio Maria RINALDI (ITA-ID)",1
"Hervé JUVIN (FRA-ID)","Valentino GRANT (ITA-ID)",1
"Hervé JUVIN (FRA-ID)","Annalisa TARDINO (ITA-ID)",1
"Hervé JUVIN (FRA-ID)","Nicola PROCACCINI (ITA-ECR)",1
"Hervé JUVIN (FRA-ID)","Matteo ADINOLFI (ITA-ID)",1
"Hervé JUVIN (FRA-ID)","Jorge BUXADÉ VILLALBA (ESP-ECR)",1
"Hervé JUVIN (FRA-ID)","Andrey SLABAKOV (BGR-ECR)",1
"Hervé JUVIN (FRA-ID)","Mazaly AGUILAR (ESP-ECR)",1
"Hervé JUVIN (FRA-ID)","Roman HAIDER (AUT-ID)",1
"Hervé JUVIN (FRA-ID)","Vincenzo SOFO (ITA-ECR)",1
"Hervé JUVIN (FRA-ID)","Margarita DE LA PISA CARRIÓN (ESP-ECR)",1
"Hervé JUVIN (FRA-ID)","Jean-Lin LACAPELLE (FRA-ID)",1
"Hervé JUVIN (FRA-ID)","Ladislav ILČIĆ (HRV-ECR)",1
"Virginie JORON (FRA-ID)","Jean-Paul GARRAUD (FRA-ID)",1
"Virginie JORON (FRA-ID)","Maxette PIRBAKAS (FRA-ID)",1
"Virginie JORON (FRA-ID)","Aurélia BEIGNEUX (FRA-ID)",1
"Virginie JORON (FRA-ID)","Philippe OLIVIER (FRA-ID)",1
"Virginie JORON (FRA-ID)","André ROUGÉ (FRA-ID)",1
"Virginie JORON (FRA-ID)","Mathilde ANDROUËT (FRA-ID)",1
"Virginie JORON (FRA-ID)","Robert ROOS (NLD-ECR)",1
"Virginie JORON (FRA-ID)","Bert-Jan RUISSEN (NLD-ECR)",1
"Virginie JORON (FRA-ID)","Rob ROOKEN (NLD-ECR)",1
"Virginie JORON (FRA-ID)","Susanna CECCARDI (ITA-ID)",1
"Virginie JORON (FRA-ID)","Antonio Maria RINALDI (ITA-ID)",1
"Virginie JORON (FRA-ID)","Valentino GRANT (ITA-ID)",1
"Virginie JORON (FRA-ID)","Annalisa TARDINO (ITA-ID)",1
"Virginie JORON (FRA-ID)","Nicola PROCACCINI (ITA-ECR)",1
"Virginie JORON (FRA-ID)","Matteo ADINOLFI (ITA-ID)",1
"Virginie JORON (FRA-ID)","Jorge BUXADÉ VILLALBA (ESP-ECR)",1
"Virginie JORON (FRA-ID)","Hermann TERTSCH (ESP-ECR)",1
"Virginie JORON (FRA-ID)","Mazaly AGUILAR (ESP-ECR)",1
"Virginie JORON (FRA-ID)","Roman HAIDER (AUT-ID)",1
"Virginie JORON (FRA-ID)","Vincenzo SOFO (ITA-ECR)",1
"Virginie JORON (FRA-ID)","Margarita DE LA PISA CARRIÓN (ESP-ECR)",1
"Virginie JORON (FRA-ID)","Jean-Lin LACAPELLE (FRA-ID)",1
"Virginie JORON (FRA-ID)","Ladislav ILČIĆ (HRV-ECR)",1
"Jean-Paul GARRAUD (FRA-ID)","Maxette PIRBAKAS (FRA-ID)",1
"Jean-Paul GARRAUD (FRA-ID)","Aurélia BEIGNEUX (FRA-ID)",1
"Jean-Paul GARRAUD (FRA-ID)","Philippe OLIVIER (FRA-ID)",1
"Jean-Paul GARRAUD (FRA-ID)","André ROUGÉ (FRA-ID)",1
"Jean-Paul GARRAUD (FRA-ID)","Mathilde ANDROUËT (FRA-ID)",1
"Jean-Paul GARRAUD (FRA-ID)","Robert ROOS (NLD-ECR)",1
"Jean-Paul GARRAUD (FRA-ID)","Bert-Jan RUISSEN (NLD-ECR)",1
"Jean-Paul GARRAUD (FRA-ID)","Rob ROOKEN (NLD-ECR)",1
"Jean-Paul GARRAUD (FRA-ID)","Susanna CECCARDI (ITA-ID)",1
"Jean-Paul GARRAUD (FRA-ID)","Antonio Maria RINALDI (ITA-ID)",1
"Jean-Paul GARRAUD (FRA-ID)","Annalisa TARDINO (ITA-ID)",1
"Jean-Paul GARRAUD (FRA-ID)","Nicola PROCACCINI (ITA-ECR)",1
"Jean-Paul GARRAUD (FRA-ID)","Matteo ADINOLFI (ITA-ID)",1
"Jean-Paul GARRAUD (FRA-ID)","Jorge BUXADÉ VILLALBA (ESP-ECR)",1
"Jean-Paul GARRAUD (FRA-ID)","Mazaly AGUILAR (ESP-ECR)",1
"Jean-Paul GARRAUD (FRA-ID)","Roman HAIDER (AUT-ID)",1
"Jean-Paul GARRAUD (FRA-ID)","Vincenzo SOFO (ITA-ECR)",1
"Jean-Paul GARRAUD (FRA-ID)","Margarita DE LA PISA CARRIÓN (ESP-ECR)",1
"Jean-Paul GARRAUD (FRA-ID)","Jean-Lin LACAPELLE (FRA-ID)",1
"Jean-Paul GARRAUD (FRA-ID)","Ladislav ILČIĆ (HRV-ECR)",1
"Maxette PIRBAKAS (FRA-ID)","Aurélia BEIGNEUX (FRA-ID)",1
"Maxette PIRBAKAS (FRA-ID)","Philippe OLIVIER (FRA-ID)",1
"Maxette PIRBAKAS (FRA-ID)","André ROUGÉ (FRA-ID)",1
"Maxette PIRBAKAS (FRA-ID)","Mathilde ANDROUËT (FRA-ID)",1
"Maxette PIRBAKAS (FRA-ID)","Bert-Jan RUISSEN (NLD-ECR)",1
"Maxette PIRBAKAS (FRA-ID)","Annalisa TARDINO (ITA-ID)",1
"Maxette PIRBAKAS (FRA-ID)","Roman HAIDER (AUT-ID)",1
"Maxette PIRBAKAS (FRA-ID)","Jean-Lin LACAPELLE (FRA-ID)",1
"Ioan-Rareş BOGDAN (ROU-EPP)","Dan-Ştefan MOTREANU (ROU-EPP)",1
"Ioan-Rareş BOGDAN (ROU-EPP)","Eugen TOMAC (ROU-EPP)",1
"Ioan-Rareş BOGDAN (ROU-EPP)","Rasa JUKNEVIČIENĖ (LTU-EPP)",1
"Ioan-Rareş BOGDAN (ROU-EPP)","Gheorghe-Vlad NISTOR (ROU-EPP)",1
"Vasile BLAGA (ROU-EPP)","Mircea-Gheorghe HAVA (ROU-EPP)",1
"Vasile BLAGA (ROU-EPP)","Dan-Ştefan MOTREANU (ROU-EPP)",1
"Vasile BLAGA (ROU-EPP)","Angelika WINZIG (AUT-EPP)",1
"Vasile BLAGA (ROU-EPP)","Traian BĂSESCU (ROU-EPP)",1
"Vasile BLAGA (ROU-EPP)","Eugen TOMAC (ROU-EPP)",1
"Vasile BLAGA (ROU-EPP)","Aušra SEIBUTYTĖ (LTU-EPP)",1
"Vasile BLAGA (ROU-EPP)","Liudas MAŽYLIS (LTU-EPP)",1
"Vasile BLAGA (ROU-EPP)","Gheorghe-Vlad NISTOR (ROU-EPP)",1
"Vasile BLAGA (ROU-EPP)","Christian SAGARTZ (AUT-EPP)",1
"Vasile BLAGA (ROU-EPP)","Riho TERRAS (EST-EPP)",1
"Francisco GUERREIRO (PRT-GREEN_EFA)","Ciarán CUFFE (IRL-GREEN_EFA)",1
"Francisco GUERREIRO (PRT-GREEN_EFA)","Tineke STRIK (NLD-GREEN_EFA)",1
"Francisco GUERREIRO (PRT-GREEN_EFA)","Kim VAN SPARRENTAK (NLD-GREEN_EFA)",1
"Francisco GUERREIRO (PRT-GREEN_EFA)","Grace O'SULLIVAN (IRL-GREEN_EFA)",1
"Francisco GUERREIRO (PRT-GREEN_EFA)","Claude GRUFFAT (FRA-GREEN_EFA)",1
"Mircea-Gheorghe HAVA (ROU-EPP)","Angelika WINZIG (AUT-EPP)",1
"Mircea-Gheorghe HAVA (ROU-EPP)","Barbara THALER (AUT-EPP)",1
"Mircea-Gheorghe HAVA (ROU-EPP)","Traian BĂSESCU (ROU-EPP)",1
"Mircea-Gheorghe HAVA (ROU-EPP)","Eugen TOMAC (ROU-EPP)",1
"Mircea-Gheorghe HAVA (ROU-EPP)","Tom BERENDSEN (NLD-EPP)",1
"Mircea-Gheorghe HAVA (ROU-EPP)","Aušra SEIBUTYTĖ (LTU-EPP)",1
"Mircea-Gheorghe HAVA (ROU-EPP)","Alexander ALEXANDROV YORDANOV (BGR-EPP)",1
"Mircea-Gheorghe HAVA (ROU-EPP)","Liudas MAŽYLIS (LTU-EPP)",1
"Mircea-Gheorghe HAVA (ROU-EPP)","Andrius KUBILIUS (LTU-EPP)",1
"Mircea-Gheorghe HAVA (ROU-EPP)","Riho TERRAS (EST-EPP)",1
"Dan-Ştefan MOTREANU (ROU-EPP)","Barbara THALER (AUT-EPP)",1
"Dan-Ştefan MOTREANU (ROU-EPP)","Eugen TOMAC (ROU-EPP)",1
"Dan-Ştefan MOTREANU (ROU-EPP)","Lídia PEREIRA (PRT-EPP)",1
"Dan-Ştefan MOTREANU (ROU-EPP)","Gheorghe-Vlad NISTOR (ROU-EPP)",1
"Alexander BERNHUBER (AUT-EPP)","Gheorghe FALCĂ (ROU-EPP)",1
"Alexander BERNHUBER (AUT-EPP)","Angelika WINZIG (AUT-EPP)",1
"Alexander BERNHUBER (AUT-EPP)","Simone SCHMIEDTBAUER (AUT-EPP)",1
"Alexander BERNHUBER (AUT-EPP)","Barbara THALER (AUT-EPP)",1
"Alexander BERNHUBER (AUT-EPP)","Dolors MONTSERRAT (ESP-EPP)",1
"Alexander BERNHUBER (AUT-EPP)","Salvatore DE MEO (ITA-EPP)",1
"Alexander BERNHUBER (AUT-EPP)","Christian SAGARTZ (AUT-EPP)",1
"Alexander BERNHUBER (AUT-EPP)","Riho TERRAS (EST-EPP)",1
"Gheorghe FALCĂ (ROU-EPP)","Carmen AVRAM (ROU-SD)",1
"Gheorghe FALCĂ (ROU-EPP)","Claudiu MANDA (ROU-SD)",1
"Gheorghe FALCĂ (ROU-EPP)","Simone SCHMIEDTBAUER (AUT-EPP)",1
"Gheorghe FALCĂ (ROU-EPP)","Eugen TOMAC (ROU-EPP)",1
"Gheorghe FALCĂ (ROU-EPP)","Dolors MONTSERRAT (ESP-EPP)",1
"Gheorghe FALCĂ (ROU-EPP)","Salvatore DE MEO (ITA-EPP)",1
"Carmen AVRAM (ROU-SD)","Simone SCHMIEDTBAUER (AUT-EPP)",1
"Carmen AVRAM (ROU-SD)","Adriana MALDONADO LÓPEZ (ESP-SD)",1
"Carmen AVRAM (ROU-SD)","Álvaro AMARO (PRT-EPP)",1
"Angelika WINZIG (AUT-EPP)","Simone SCHMIEDTBAUER (AUT-EPP)",1
"Angelika WINZIG (AUT-EPP)","Barbara THALER (AUT-EPP)",1
"Angelika WINZIG (AUT-EPP)","Tom BERENDSEN (NLD-EPP)",1
"Angelika WINZIG (AUT-EPP)","Aušra SEIBUTYTĖ (LTU-EPP)",1
"Angelika WINZIG (AUT-EPP)","Christian SAGARTZ (AUT-EPP)",1
"Claudiu MANDA (ROU-SD)","Adrian-Dragoş BENEA (ROU-SD)",1
"Ciarán CUFFE (IRL-GREEN_EFA)","Grace O'SULLIVAN (IRL-GREEN_EFA)",1
"Cristian TERHEŞ (ROU-ECR)","Bert-Jan RUISSEN (NLD-ECR)",1
"Cristian TERHEŞ (ROU-ECR)","Susanna CECCARDI (ITA-ID)",1
"Cristian TERHEŞ (ROU-ECR)","Antonio Maria RINALDI (ITA-ID)",1
"Cristian TERHEŞ (ROU-ECR)","Nicola PROCACCINI (ITA-ECR)",1
"Cristian TERHEŞ (ROU-ECR)","Raffaele STANCANELLI (ITA-ECR)",1
"Cristian TERHEŞ (ROU-ECR)","Jorge BUXADÉ VILLALBA (ESP-ECR)",1
"Cristian TERHEŞ (ROU-ECR)","Hermann TERTSCH (ESP-ECR)",1
"Cristian TERHEŞ (ROU-ECR)","Andrey SLABAKOV (BGR-ECR)",1
"Cristian TERHEŞ (ROU-ECR)","Mazaly AGUILAR (ESP-ECR)",1
"Cristian TERHEŞ (ROU-ECR)","Emmanouil FRAGKOS (GRC-ECR)",1
"Cristian TERHEŞ (ROU-ECR)","Vincenzo SOFO (ITA-ECR)",1
"Cristian TERHEŞ (ROU-ECR)","Dominik TARCZYŃSKI (POL-ECR)",1
"Cristian TERHEŞ (ROU-ECR)","Margarita DE LA PISA CARRIÓN (ESP-ECR)",1
"Cristian TERHEŞ (ROU-ECR)","Ladislav ILČIĆ (HRV-ECR)",1
"Simone SCHMIEDTBAUER (AUT-EPP)","Barbara THALER (AUT-EPP)",1
"Simone SCHMIEDTBAUER (AUT-EPP)","Eugen TOMAC (ROU-EPP)",1
"Simone SCHMIEDTBAUER (AUT-EPP)","Sira REGO (ESP-GUE_NGL)",1
"Simone SCHMIEDTBAUER (AUT-EPP)","Adriana MALDONADO LÓPEZ (ESP-SD)",1
"Simone SCHMIEDTBAUER (AUT-EPP)","Álvaro AMARO (PRT-EPP)",1
"Simone SCHMIEDTBAUER (AUT-EPP)","Luisa REGIMENTI (ITA-ID)",1
"Simone SCHMIEDTBAUER (AUT-EPP)","Andrea CAROPPO (ITA-EPP)",1
"Simone SCHMIEDTBAUER (AUT-EPP)","Gheorghe-Vlad NISTOR (ROU-EPP)",1
"Simone SCHMIEDTBAUER (AUT-EPP)","Christian SAGARTZ (AUT-EPP)",1
"Adrian-Dragoş BENEA (ROU-SD)","Mihai TUDOSE (ROU-SD)",1
"Vangelis MEIMARAKIS (GRC-EPP)","Anna-Michelle ASIMAKOPOULOU (GRC-EPP)",1
"Barbara THALER (AUT-EPP)","Eugen TOMAC (ROU-EPP)",1
"Barbara THALER (AUT-EPP)","Álvaro AMARO (PRT-EPP)",1
"Barbara THALER (AUT-EPP)","Gheorghe-Vlad NISTOR (ROU-EPP)",1
"Traian BĂSESCU (ROU-EPP)","Isabel BENJUMEA BENJUMEA (ESP-EPP)",1
"Traian BĂSESCU (ROU-EPP)","Tom BERENDSEN (NLD-EPP)",1
"Traian BĂSESCU (ROU-EPP)","Aušra SEIBUTYTĖ (LTU-EPP)",1
"Traian BĂSESCU (ROU-EPP)","Alexander ALEXANDROV YORDANOV (BGR-EPP)",1
"Traian BĂSESCU (ROU-EPP)","Rasa JUKNEVIČIENĖ (LTU-EPP)",1
"Traian BĂSESCU (ROU-EPP)","Liudas MAŽYLIS (LTU-EPP)",1
"Traian BĂSESCU (ROU-EPP)","Andrius KUBILIUS (LTU-EPP)",1
"Eugen TOMAC (ROU-EPP)","Aušra SEIBUTYTĖ (LTU-EPP)",1
"Eugen TOMAC (ROU-EPP)","Liudas MAŽYLIS (LTU-EPP)",1
"Eugen TOMAC (ROU-EPP)","Sunčana GLAVAK (HRV-EPP)",1
"Eugen TOMAC (ROU-EPP)","Gheorghe-Vlad NISTOR (ROU-EPP)",1
"Eugen TOMAC (ROU-EPP)","Riho TERRAS (EST-EPP)",1
"Sarah WIENER (AUT-GREEN_EFA)","Silvia MODIG (FIN-GUE_NGL)",1
"Isabel BENJUMEA BENJUMEA (ESP-EPP)","Dolors MONTSERRAT (ESP-EPP)",1
"Isabel BENJUMEA BENJUMEA (ESP-EPP)","Leopoldo LÓPEZ GIL (ESP-EPP)",1
"Isabel BENJUMEA BENJUMEA (ESP-EPP)","Alexander ALEXANDROV YORDANOV (BGR-EPP)",1
"Isabel BENJUMEA BENJUMEA (ESP-EPP)","Liudas MAŽYLIS (LTU-EPP)",1
"Isabel BENJUMEA BENJUMEA (ESP-EPP)","Miriam LEXMANN (SVK-EPP)",1
"Aurélia BEIGNEUX (FRA-ID)","Philippe OLIVIER (FRA-ID)",1
"Aurélia BEIGNEUX (FRA-ID)","André ROUGÉ (FRA-ID)",1
"Aurélia BEIGNEUX (FRA-ID)","Mathilde ANDROUËT (FRA-ID)",1
"Aurélia BEIGNEUX (FRA-ID)","Robert ROOS (NLD-ECR)",1
"Aurélia BEIGNEUX (FRA-ID)","Bert-Jan RUISSEN (NLD-ECR)",1
"Aurélia BEIGNEUX (FRA-ID)","Rob ROOKEN (NLD-ECR)",1
"Aurélia BEIGNEUX (FRA-ID)","Susanna CECCARDI (ITA-ID)",1
"Aurélia BEIGNEUX (FRA-ID)","Antonio Maria RINALDI (ITA-ID)",1
"Aurélia BEIGNEUX (FRA-ID)","Valentino GRANT (ITA-ID)",1
"Aurélia BEIGNEUX (FRA-ID)","Annalisa TARDINO (ITA-ID)",1
"Aurélia BEIGNEUX (FRA-ID)","Nicola PROCACCINI (ITA-ECR)",1
"Aurélia BEIGNEUX (FRA-ID)","Matteo ADINOLFI (ITA-ID)",1
"Aurélia BEIGNEUX (FRA-ID)","Jorge BUXADÉ VILLALBA (ESP-ECR)",1
"Aurélia BEIGNEUX (FRA-ID)","Hermann TERTSCH (ESP-ECR)",1
"Aurélia BEIGNEUX (FRA-ID)","Mazaly AGUILAR (ESP-ECR)",1
"Aurélia BEIGNEUX (FRA-ID)","Roman HAIDER (AUT-ID)",1
"Aurélia BEIGNEUX (FRA-ID)","Vincenzo SOFO (ITA-ECR)",1
"Aurélia BEIGNEUX (FRA-ID)","Margarita DE LA PISA CARRIÓN (ESP-ECR)",1
"Aurélia BEIGNEUX (FRA-ID)","Jean-Lin LACAPELLE (FRA-ID)",1
"Aurélia BEIGNEUX (FRA-ID)","Ladislav ILČIĆ (HRV-ECR)",1
"Sira REGO (ESP-GUE_NGL)","Elena KOUNTOURA (GRC-GUE_NGL)",1
"Sira REGO (ESP-GUE_NGL)","Adriana MALDONADO LÓPEZ (ESP-SD)",1
"Sira REGO (ESP-GUE_NGL)","Petros KOKKALIS (GRC-GUE_NGL)",1
"Sira REGO (ESP-GUE_NGL)","Álvaro AMARO (PRT-EPP)",1
"Sira REGO (ESP-GUE_NGL)","Eugenia RODRÍGUEZ PALOP (ESP-GUE_NGL)",1
"Sira REGO (ESP-GUE_NGL)","Luisa REGIMENTI (ITA-ID)",1
"Sira REGO (ESP-GUE_NGL)","Andrea CAROPPO (ITA-EPP)",1
"Sira REGO (ESP-GUE_NGL)","Alexis GEORGOULIS (GRC-GUE_NGL)",1
"Sira REGO (ESP-GUE_NGL)","Manu PINEDA (ESP-GUE_NGL)",1
"Philippe OLIVIER (FRA-ID)","André ROUGÉ (FRA-ID)",1
"Philippe OLIVIER (FRA-ID)","Mathilde ANDROUËT (FRA-ID)",1
"Philippe OLIVIER (FRA-ID)","Robert ROOS (NLD-ECR)",1
"Philippe OLIVIER (FRA-ID)","Bert-Jan RUISSEN (NLD-ECR)",1
"Philippe OLIVIER (FRA-ID)","Susanna CECCARDI (ITA-ID)",1
"Philippe OLIVIER (FRA-ID)","Antonio Maria RINALDI (ITA-ID)",1
"Philippe OLIVIER (FRA-ID)","Annalisa TARDINO (ITA-ID)",1
"Philippe OLIVIER (FRA-ID)","Nicola PROCACCINI (ITA-ECR)",1
"Philippe OLIVIER (FRA-ID)","Matteo ADINOLFI (ITA-ID)",1
"Philippe OLIVIER (FRA-ID)","Jorge BUXADÉ VILLALBA (ESP-ECR)",1
"Philippe OLIVIER (FRA-ID)","Hermann TERTSCH (ESP-ECR)",1
"Philippe OLIVIER (FRA-ID)","Andrey SLABAKOV (BGR-ECR)",1
"Philippe OLIVIER (FRA-ID)","Mazaly AGUILAR (ESP-ECR)",1
"Philippe OLIVIER (FRA-ID)","Roman HAIDER (AUT-ID)",1
"Philippe OLIVIER (FRA-ID)","Margarita DE LA PISA CARRIÓN (ESP-ECR)",1
"Philippe OLIVIER (FRA-ID)","Jean-Lin LACAPELLE (FRA-ID)",1
"André ROUGÉ (FRA-ID)","Mathilde ANDROUËT (FRA-ID)",1
"André ROUGÉ (FRA-ID)","Robert ROOS (NLD-ECR)",1
"André ROUGÉ (FRA-ID)","Bert-Jan RUISSEN (NLD-ECR)",1
"André ROUGÉ (FRA-ID)","Rob ROOKEN (NLD-ECR)",1
"André ROUGÉ (FRA-ID)","Susanna CECCARDI (ITA-ID)",1
"André ROUGÉ (FRA-ID)","Antonio Maria RINALDI (ITA-ID)",1
"André ROUGÉ (FRA-ID)","Massimo CASANOVA (ITA-ID)",1
"André ROUGÉ (FRA-ID)","Annalisa TARDINO (ITA-ID)",1
"André ROUGÉ (FRA-ID)","Nicola PROCACCINI (ITA-ECR)",1
"André ROUGÉ (FRA-ID)","Matteo ADINOLFI (ITA-ID)",1
"André ROUGÉ (FRA-ID)","Jorge BUXADÉ VILLALBA (ESP-ECR)",1
"André ROUGÉ (FRA-ID)","Hermann TERTSCH (ESP-ECR)",1
"André ROUGÉ (FRA-ID)","Mazaly AGUILAR (ESP-ECR)",1
"André ROUGÉ (FRA-ID)","Roman HAIDER (AUT-ID)",1
"André ROUGÉ (FRA-ID)","Vincenzo SOFO (ITA-ECR)",1
"André ROUGÉ (FRA-ID)","Margarita DE LA PISA CARRIÓN (ESP-ECR)",1
"André ROUGÉ (FRA-ID)","Jean-Lin LACAPELLE (FRA-ID)",1
"Mathilde ANDROUËT (FRA-ID)","Robert ROOS (NLD-ECR)",1
"Mathilde ANDROUËT (FRA-ID)","Bert-Jan RUISSEN (NLD-ECR)",1
"Mathilde ANDROUËT (FRA-ID)","Rob ROOKEN (NLD-ECR)",1
"Mathilde ANDROUËT (FRA-ID)","Susanna CECCARDI (ITA-ID)",1
"Mathilde ANDROUËT (FRA-ID)","Antonio Maria RINALDI (ITA-ID)",1
"Mathilde ANDROUËT (FRA-ID)","Annalisa TARDINO (ITA-ID)",1
"Mathilde ANDROUËT (FRA-ID)","Nicola PROCACCINI (ITA-ECR)",1
"Mathilde ANDROUËT (FRA-ID)","Matteo ADINOLFI (ITA-ID)",1
"Mathilde ANDROUËT (FRA-ID)","Jorge BUXADÉ VILLALBA (ESP-ECR)",1
"Mathilde ANDROUËT (FRA-ID)","Hermann TERTSCH (ESP-ECR)",1
"Mathilde ANDROUËT (FRA-ID)","Andrey SLABAKOV (BGR-ECR)",1
"Mathilde ANDROUËT (FRA-ID)","Mazaly AGUILAR (ESP-ECR)",1
"Mathilde ANDROUËT (FRA-ID)","Roman HAIDER (AUT-ID)",1
"Mathilde ANDROUËT (FRA-ID)","Vincenzo SOFO (ITA-ECR)",1
"Mathilde ANDROUËT (FRA-ID)","Margarita DE LA PISA CARRIÓN (ESP-ECR)",1
"Mathilde ANDROUËT (FRA-ID)","Jean-Lin LACAPELLE (FRA-ID)",1
"Stelios KYMPOUROPOULOS (GRC-EPP)","Adriana MALDONADO LÓPEZ (ESP-SD)",1
"Stelios KYMPOUROPOULOS (GRC-EPP)","Álvaro AMARO (PRT-EPP)",1
"Stelios KYMPOUROPOULOS (GRC-EPP)","Luisa REGIMENTI (ITA-ID)",1
"Stelios KYMPOUROPOULOS (GRC-EPP)","Andrea CAROPPO (ITA-EPP)",1
"Elena KOUNTOURA (GRC-GUE_NGL)","Silvia MODIG (FIN-GUE_NGL)",1
"Elena KOUNTOURA (GRC-GUE_NGL)","Manu PINEDA (ESP-GUE_NGL)",1
"Konstantinos ARVANITIS (GRC-GUE_NGL)","Alexis GEORGOULIS (GRC-GUE_NGL)",1
"Robert ROOS (NLD-ECR)","Rob ROOKEN (NLD-ECR)",1
"Robert ROOS (NLD-ECR)","Roman HAIDER (AUT-ID)",1
"Robert ROOS (NLD-ECR)","Jean-Lin LACAPELLE (FRA-ID)",1
"Robert ROOS (NLD-ECR)","Michiel HOOGEVEEN (NLD-ECR)",1
"Dolors MONTSERRAT (ESP-EPP)","Liudas MAŽYLIS (LTU-EPP)",1
"Dolors MONTSERRAT (ESP-EPP)","Salvatore DE MEO (ITA-EPP)",1
"Dolors MONTSERRAT (ESP-EPP)","Christian SAGARTZ (AUT-EPP)",1
"Dolors MONTSERRAT (ESP-EPP)","Riho TERRAS (EST-EPP)",1
"Clare DALY (IRL-GUE_NGL)","Eugenia RODRÍGUEZ PALOP (ESP-GUE_NGL)",1
"Clare DALY (IRL-GUE_NGL)","Mick WALLACE (IRL-GUE_NGL)",1
"Clare DALY (IRL-GUE_NGL)","Idoia VILLANUEVA RUIZ (ESP-GUE_NGL)",1
"Clare DALY (IRL-GUE_NGL)","Chris MACMANUS (IRL-GUE_NGL)",1
"Adriana MALDONADO LÓPEZ (ESP-SD)","Álvaro AMARO (PRT-EPP)",1
"Adriana MALDONADO LÓPEZ (ESP-SD)","Simona BALDASSARRE (ITA-ID)",1
"Adriana MALDONADO LÓPEZ (ESP-SD)","Luisa REGIMENTI (ITA-ID)",1
"Adriana MALDONADO LÓPEZ (ESP-SD)","Andrea CAROPPO (ITA-EPP)",1
"Lídia PEREIRA (PRT-EPP)","Aušra SEIBUTYTĖ (LTU-EPP)",1
"Petros KOKKALIS (GRC-GUE_NGL)","Manuela RIPA (DEU-GREEN_EFA)",1
"Álvaro AMARO (PRT-EPP)","Simona BALDASSARRE (ITA-ID)",1
"Álvaro AMARO (PRT-EPP)","Luisa REGIMENTI (ITA-ID)",1
"Álvaro AMARO (PRT-EPP)","Andrea CAROPPO (ITA-EPP)",1
"Peter POLLÁK (SVK-EPP)","Miriam LEXMANN (SVK-EPP)",1
"Tineke STRIK (NLD-GREEN_EFA)","Ville NIINISTÖ (FIN-GREEN_EFA)",1
"Tineke STRIK (NLD-GREEN_EFA)","Kim VAN SPARRENTAK (NLD-GREEN_EFA)",1
"Bert-Jan RUISSEN (NLD-ECR)","Susanna CECCARDI (ITA-ID)",1
"Bert-Jan RUISSEN (NLD-ECR)","Antonio Maria RINALDI (ITA-ID)",1
"Bert-Jan RUISSEN (NLD-ECR)","Valentino GRANT (ITA-ID)",1
"Bert-Jan RUISSEN (NLD-ECR)","Annalisa TARDINO (ITA-ID)",1
"Bert-Jan RUISSEN (NLD-ECR)","Nicola PROCACCINI (ITA-ECR)",1
"Bert-Jan RUISSEN (NLD-ECR)","Raffaele STANCANELLI (ITA-ECR)",1
"Bert-Jan RUISSEN (NLD-ECR)","Matteo ADINOLFI (ITA-ID)",1
"Bert-Jan RUISSEN (NLD-ECR)","Jorge BUXADÉ VILLALBA (ESP-ECR)",1
"Bert-Jan RUISSEN (NLD-ECR)","Hermann TERTSCH (ESP-ECR)",1
"Bert-Jan RUISSEN (NLD-ECR)","Andrey SLABAKOV (BGR-ECR)",1
"Bert-Jan RUISSEN (NLD-ECR)","Mazaly AGUILAR (ESP-ECR)",1
"Bert-Jan RUISSEN (NLD-ECR)","Roman HAIDER (AUT-ID)",1
"Bert-Jan RUISSEN (NLD-ECR)","Vincenzo SOFO (ITA-ECR)",1
"Bert-Jan RUISSEN (NLD-ECR)","Dominik TARCZYŃSKI (POL-ECR)",1
"Bert-Jan RUISSEN (NLD-ECR)","Margarita DE LA PISA CARRIÓN (ESP-ECR)",1
"Bert-Jan RUISSEN (NLD-ECR)","Jean-Lin LACAPELLE (FRA-ID)",1
"Bert-Jan RUISSEN (NLD-ECR)","Michiel HOOGEVEEN (NLD-ECR)",1
"Bert-Jan RUISSEN (NLD-ECR)","Ladislav ILČIĆ (HRV-ECR)",1
"Rob ROOKEN (NLD-ECR)","Jean-Lin LACAPELLE (FRA-ID)",1
"Rob ROOKEN (NLD-ECR)","Michiel HOOGEVEEN (NLD-ECR)",1
"Tom BERENDSEN (NLD-EPP)","Aušra SEIBUTYTĖ (LTU-EPP)",1
"Tom BERENDSEN (NLD-EPP)","Rasa JUKNEVIČIENĖ (LTU-EPP)",1
"Tom BERENDSEN (NLD-EPP)","Liudas MAŽYLIS (LTU-EPP)",1
"Tom BERENDSEN (NLD-EPP)","Andrius KUBILIUS (LTU-EPP)",1
"Bart GROOTHUIS (NLD-RENEW)","Malik AZMANI (NLD-RENEW)",1
"Bart GROOTHUIS (NLD-RENEW)","Catharina RINZEMA (NLD-RENEW)",1
"Malik AZMANI (NLD-RENEW)","Catharina RINZEMA (NLD-RENEW)",1
"Andris AMERIKS (LVA-SD)","Ivo HRISTOV (BGR-SD)",1
"Eugenia RODRÍGUEZ PALOP (ESP-GUE_NGL)","Idoia VILLANUEVA RUIZ (ESP-GUE_NGL)",1
"Eugenia RODRÍGUEZ PALOP (ESP-GUE_NGL)","Manu PINEDA (ESP-GUE_NGL)",1
"Susanna CECCARDI (ITA-ID)","Antonio Maria RINALDI (ITA-ID)",1
"Susanna CECCARDI (ITA-ID)","Anna BONFRISCO (ITA-ID)",1
"Susanna CECCARDI (ITA-ID)","Simona BALDASSARRE (ITA-ID)",1
"Susanna CECCARDI (ITA-ID)","Massimo CASANOVA (ITA-ID)",1
"Susanna CECCARDI (ITA-ID)","Lucia VUOLO (ITA-EPP)",1
"Susanna CECCARDI (ITA-ID)","Valentino GRANT (ITA-ID)",1
"Susanna CECCARDI (ITA-ID)","Annalisa TARDINO (ITA-ID)",1
"Susanna CECCARDI (ITA-ID)","Nicola PROCACCINI (ITA-ECR)",1
"Susanna CECCARDI (ITA-ID)","Raffaele STANCANELLI (ITA-ECR)",1
"Susanna CECCARDI (ITA-ID)","Matteo ADINOLFI (ITA-ID)",1
"Susanna CECCARDI (ITA-ID)","Jorge BUXADÉ VILLALBA (ESP-ECR)",1
"Susanna CECCARDI (ITA-ID)","Hermann TERTSCH (ESP-ECR)",1
"Susanna CECCARDI (ITA-ID)","Mazaly AGUILAR (ESP-ECR)",1
"Susanna CECCARDI (ITA-ID)","Vincenzo SOFO (ITA-ECR)",1
"Susanna CECCARDI (ITA-ID)","Miriam LEXMANN (SVK-EPP)",1
"Susanna CECCARDI (ITA-ID)","Dominik TARCZYŃSKI (POL-ECR)",1
"Susanna CECCARDI (ITA-ID)","Margarita DE LA PISA CARRIÓN (ESP-ECR)",1
"Susanna CECCARDI (ITA-ID)","Jean-Lin LACAPELLE (FRA-ID)",1
"Susanna CECCARDI (ITA-ID)","Ladislav ILČIĆ (HRV-ECR)",1
"Antonio Maria RINALDI (ITA-ID)","Anna BONFRISCO (ITA-ID)",1
"Antonio Maria RINALDI (ITA-ID)","Simona BALDASSARRE (ITA-ID)",1
"Antonio Maria RINALDI (ITA-ID)","Massimo CASANOVA (ITA-ID)",1
"Antonio Maria RINALDI (ITA-ID)","Lucia VUOLO (ITA-EPP)",1
"Antonio Maria RINALDI (ITA-ID)","Valentino GRANT (ITA-ID)",1
"Antonio Maria RINALDI (ITA-ID)","Annalisa TARDINO (ITA-ID)",1
"Antonio Maria RINALDI (ITA-ID)","Nicola PROCACCINI (ITA-ECR)",1
"Antonio Maria RINALDI (ITA-ID)","Raffaele STANCANELLI (ITA-ECR)",1
"Antonio Maria RINALDI (ITA-ID)","Matteo ADINOLFI (ITA-ID)",1
"Antonio Maria RINALDI (ITA-ID)","Jorge BUXADÉ VILLALBA (ESP-ECR)",1
"Antonio Maria RINALDI (ITA-ID)","Hermann TERTSCH (ESP-ECR)",1
"Antonio Maria RINALDI (ITA-ID)","Mazaly AGUILAR (ESP-ECR)",1
"Antonio Maria RINALDI (ITA-ID)","Roman HAIDER (AUT-ID)",1
"Antonio Maria RINALDI (ITA-ID)","Vincenzo SOFO (ITA-ECR)",1
"Antonio Maria RINALDI (ITA-ID)","Dominik TARCZYŃSKI (POL-ECR)",1
"Antonio Maria RINALDI (ITA-ID)","Margarita DE LA PISA CARRIÓN (ESP-ECR)",1
"Antonio Maria RINALDI (ITA-ID)","Jean-Lin LACAPELLE (FRA-ID)",1
"Antonio Maria RINALDI (ITA-ID)","Ladislav ILČIĆ (HRV-ECR)",1
"Anna BONFRISCO (ITA-ID)","Simona BALDASSARRE (ITA-ID)",1
"Anna BONFRISCO (ITA-ID)","Luisa REGIMENTI (ITA-ID)",1
"Anna BONFRISCO (ITA-ID)","Massimo CASANOVA (ITA-ID)",1
"Anna BONFRISCO (ITA-ID)","Valentino GRANT (ITA-ID)",1
"Anna BONFRISCO (ITA-ID)","Annalisa TARDINO (ITA-ID)",1
"Anna BONFRISCO (ITA-ID)","Matteo ADINOLFI (ITA-ID)",1
"Anna BONFRISCO (ITA-ID)","Hermann TERTSCH (ESP-ECR)",1
"Anna BONFRISCO (ITA-ID)","Mazaly AGUILAR (ESP-ECR)",1
"Anna BONFRISCO (ITA-ID)","Vincenzo SOFO (ITA-ECR)",1
"Simona BALDASSARRE (ITA-ID)","Luisa REGIMENTI (ITA-ID)",1
"Simona BALDASSARRE (ITA-ID)","Massimo CASANOVA (ITA-ID)",1
"Simona BALDASSARRE (ITA-ID)","Andrea CAROPPO (ITA-EPP)",1
"Simona BALDASSARRE (ITA-ID)","Valentino GRANT (ITA-ID)",1
"Simona BALDASSARRE (ITA-ID)","Annalisa TARDINO (ITA-ID)",1
"Simona BALDASSARRE (ITA-ID)","Matteo ADINOLFI (ITA-ID)",1
"Simona BALDASSARRE (ITA-ID)","Vincenzo SOFO (ITA-ECR)",1
"Luisa REGIMENTI (ITA-ID)","Massimo CASANOVA (ITA-ID)",1
"Luisa REGIMENTI (ITA-ID)","Andrea CAROPPO (ITA-EPP)",1
"Massimo CASANOVA (ITA-ID)","Andrea CAROPPO (ITA-EPP)",1
"Massimo CASANOVA (ITA-ID)","Valentino GRANT (ITA-ID)",1
"Massimo CASANOVA (ITA-ID)","Annalisa TARDINO (ITA-ID)",1
"Massimo CASANOVA (ITA-ID)","Matteo ADINOLFI (ITA-ID)",1
"Massimo CASANOVA (ITA-ID)","Vincenzo SOFO (ITA-ECR)",1
"Lucia VUOLO (ITA-EPP)","Valentino GRANT (ITA-ID)",1
"Lucia VUOLO (ITA-EPP)","Annalisa TARDINO (ITA-ID)",1
"Lucia VUOLO (ITA-EPP)","Matteo ADINOLFI (ITA-ID)",1
"Lucia VUOLO (ITA-EPP)","Karolin BRAUNSBERGER-REINHOLD (DEU-EPP)",1
"Valentino GRANT (ITA-ID)","Annalisa TARDINO (ITA-ID)",1
"Valentino GRANT (ITA-ID)","Nicola PROCACCINI (ITA-ECR)",1
"Valentino GRANT (ITA-ID)","Raffaele STANCANELLI (ITA-ECR)",1
"Valentino GRANT (ITA-ID)","Matteo ADINOLFI (ITA-ID)",1
"Valentino GRANT (ITA-ID)","Mazaly AGUILAR (ESP-ECR)",1
"Valentino GRANT (ITA-ID)","Vincenzo SOFO (ITA-ECR)",1
"Valentino GRANT (ITA-ID)","Margarita DE LA PISA CARRIÓN (ESP-ECR)",1
"Valentino GRANT (ITA-ID)","Jean-Lin LACAPELLE (FRA-ID)",1
"Valentino GRANT (ITA-ID)","Ladislav ILČIĆ (HRV-ECR)",1
"Silvia MODIG (FIN-GUE_NGL)","Idoia VILLANUEVA RUIZ (ESP-GUE_NGL)",1
"Silvia MODIG (FIN-GUE_NGL)","Manu PINEDA (ESP-GUE_NGL)",1
"Annalisa TARDINO (ITA-ID)","Nicola PROCACCINI (ITA-ECR)",1
"Annalisa TARDINO (ITA-ID)","Matteo ADINOLFI (ITA-ID)",1
"Annalisa TARDINO (ITA-ID)","Jorge BUXADÉ VILLALBA (ESP-ECR)",1
"Annalisa TARDINO (ITA-ID)","Vincenzo SOFO (ITA-ECR)",1
"Annalisa TARDINO (ITA-ID)","Margarita DE LA PISA CARRIÓN (ESP-ECR)",1
"Annalisa TARDINO (ITA-ID)","Jean-Lin LACAPELLE (FRA-ID)",1
"Mick WALLACE (IRL-GUE_NGL)","Idoia VILLANUEVA RUIZ (ESP-GUE_NGL)",1
"Alexis GEORGOULIS (GRC-GUE_NGL)","Manu PINEDA (ESP-GUE_NGL)",1
"Nicola PROCACCINI (ITA-ECR)","Giuseppe MILAZZO (ITA-ECR)",1
"Nicola PROCACCINI (ITA-ECR)","Raffaele STANCANELLI (ITA-ECR)",1
"Nicola PROCACCINI (ITA-ECR)","Matteo ADINOLFI (ITA-ID)",1
"Nicola PROCACCINI (ITA-ECR)","Jorge BUXADÉ VILLALBA (ESP-ECR)",1
"Nicola PROCACCINI (ITA-ECR)","Hermann TERTSCH (ESP-ECR)",1
"Nicola PROCACCINI (ITA-ECR)","Andrey SLABAKOV (BGR-ECR)",1
"Nicola PROCACCINI (ITA-ECR)","Mazaly AGUILAR (ESP-ECR)",1
"Nicola PROCACCINI (ITA-ECR)","Emmanouil FRAGKOS (GRC-ECR)",1
"Nicola PROCACCINI (ITA-ECR)","Vincenzo SOFO (ITA-ECR)",1
"Nicola PROCACCINI (ITA-ECR)","Miriam LEXMANN (SVK-EPP)",1
"Nicola PROCACCINI (ITA-ECR)","Dominik TARCZYŃSKI (POL-ECR)",1
"Nicola PROCACCINI (ITA-ECR)","Margarita DE LA PISA CARRIÓN (ESP-ECR)",1
"Nicola PROCACCINI (ITA-ECR)","Jean-Lin LACAPELLE (FRA-ID)",1
"Nicola PROCACCINI (ITA-ECR)","Ladislav ILČIĆ (HRV-ECR)",1
"Giuseppe MILAZZO (ITA-ECR)","Raffaele STANCANELLI (ITA-ECR)",1
"Giuseppe MILAZZO (ITA-ECR)","Christian SAGARTZ (AUT-EPP)",1
"Raffaele STANCANELLI (ITA-ECR)","Matteo ADINOLFI (ITA-ID)",1
"Raffaele STANCANELLI (ITA-ECR)","Jorge BUXADÉ VILLALBA (ESP-ECR)",1
"Raffaele STANCANELLI (ITA-ECR)","Hermann TERTSCH (ESP-ECR)",1
"Raffaele STANCANELLI (ITA-ECR)","Andrey SLABAKOV (BGR-ECR)",1
"Raffaele STANCANELLI (ITA-ECR)","Mazaly AGUILAR (ESP-ECR)",1
"Raffaele STANCANELLI (ITA-ECR)","Emmanouil FRAGKOS (GRC-ECR)",1
"Raffaele STANCANELLI (ITA-ECR)","Vincenzo SOFO (ITA-ECR)",1
"Raffaele STANCANELLI (ITA-ECR)","Dominik TARCZYŃSKI (POL-ECR)",1
"Raffaele STANCANELLI (ITA-ECR)","Margarita DE LA PISA CARRIÓN (ESP-ECR)",1
"Raffaele STANCANELLI (ITA-ECR)","Ladislav ILČIĆ (HRV-ECR)",1
"Matteo ADINOLFI (ITA-ID)","Jorge BUXADÉ VILLALBA (ESP-ECR)",1
"Matteo ADINOLFI (ITA-ID)","Hermann TERTSCH (ESP-ECR)",1
"Matteo ADINOLFI (ITA-ID)","Andrey SLABAKOV (BGR-ECR)",1
"Matteo ADINOLFI (ITA-ID)","Mazaly AGUILAR (ESP-ECR)",1
"Matteo ADINOLFI (ITA-ID)","Vincenzo SOFO (ITA-ECR)",1
"Matteo ADINOLFI (ITA-ID)","Dominik TARCZYŃSKI (POL-ECR)",1
"Matteo ADINOLFI (ITA-ID)","Margarita DE LA PISA CARRIÓN (ESP-ECR)",1
"Matteo ADINOLFI (ITA-ID)","Jean-Lin LACAPELLE (FRA-ID)",1
"Matteo ADINOLFI (ITA-ID)","Ladislav ILČIĆ (HRV-ECR)",1
"Jorge BUXADÉ VILLALBA (ESP-ECR)","Hermann TERTSCH (ESP-ECR)",1
"Jorge BUXADÉ VILLALBA (ESP-ECR)","Andrey SLABAKOV (BGR-ECR)",1
"Jorge BUXADÉ VILLALBA (ESP-ECR)","Mazaly AGUILAR (ESP-ECR)",1
"Jorge BUXADÉ VILLALBA (ESP-ECR)","Roman HAIDER (AUT-ID)",1
"Jorge BUXADÉ VILLALBA (ESP-ECR)","Vincenzo SOFO (ITA-ECR)",1
"Jorge BUXADÉ VILLALBA (ESP-ECR)","Dominik TARCZYŃSKI (POL-ECR)",1
"Jorge BUXADÉ VILLALBA (ESP-ECR)","Margarita DE LA PISA CARRIÓN (ESP-ECR)",1
"Jorge BUXADÉ VILLALBA (ESP-ECR)","Jean-Lin LACAPELLE (FRA-ID)",1
"Jorge BUXADÉ VILLALBA (ESP-ECR)","Ladislav ILČIĆ (HRV-ECR)",1
"Hermann TERTSCH (ESP-ECR)","Andrey SLABAKOV (BGR-ECR)",1
"Hermann TERTSCH (ESP-ECR)","Mazaly AGUILAR (ESP-ECR)",1
"Hermann TERTSCH (ESP-ECR)","Roman HAIDER (AUT-ID)",1
"Hermann TERTSCH (ESP-ECR)","Vincenzo SOFO (ITA-ECR)",1
"Hermann TERTSCH (ESP-ECR)","Dominik TARCZYŃSKI (POL-ECR)",1
"Hermann TERTSCH (ESP-ECR)","Margarita DE LA PISA CARRIÓN (ESP-ECR)",1
"Hermann TERTSCH (ESP-ECR)","Jean-Lin LACAPELLE (FRA-ID)",1
"Hermann TERTSCH (ESP-ECR)","Ladislav ILČIĆ (HRV-ECR)",1
"Diana RIBA I GINER (ESP-GREEN_EFA)","Grace O'SULLIVAN (IRL-GREEN_EFA)",1
"Aušra SEIBUTYTĖ (LTU-EPP)","Alexander ALEXANDROV YORDANOV (BGR-EPP)",1
"Aušra SEIBUTYTĖ (LTU-EPP)","Rasa JUKNEVIČIENĖ (LTU-EPP)",1
"Aušra SEIBUTYTĖ (LTU-EPP)","Liudas MAŽYLIS (LTU-EPP)",1
"Aušra SEIBUTYTĖ (LTU-EPP)","Andrius KUBILIUS (LTU-EPP)",1
"Aušra SEIBUTYTĖ (LTU-EPP)","Riho TERRAS (EST-EPP)",1
"Alexander ALEXANDROV YORDANOV (BGR-EPP)","Liudas MAŽYLIS (LTU-EPP)",1
"Alexander ALEXANDROV YORDANOV (BGR-EPP)","Salvatore DE MEO (ITA-EPP)",1
"Rasa JUKNEVIČIENĖ (LTU-EPP)","Liudas MAŽYLIS (LTU-EPP)",1
"Rasa JUKNEVIČIENĖ (LTU-EPP)","Andrius KUBILIUS (LTU-EPP)",1
"Liudas MAŽYLIS (LTU-EPP)","Andrius KUBILIUS (LTU-EPP)",1
"Liudas MAŽYLIS (LTU-EPP)","Salvatore DE MEO (ITA-EPP)",1
"Liudas MAŽYLIS (LTU-EPP)","Riho TERRAS (EST-EPP)",1
"Andrius KUBILIUS (LTU-EPP)","Riho TERRAS (EST-EPP)",1
"Tsvetelina PENKOVA (BGR-SD)","Ivo HRISTOV (BGR-SD)",1
"Andrey SLABAKOV (BGR-ECR)","Mazaly AGUILAR (ESP-ECR)",1
"Andrey SLABAKOV (BGR-ECR)","Emmanouil FRAGKOS (GRC-ECR)",1
"Andrey SLABAKOV (BGR-ECR)","Vincenzo SOFO (ITA-ECR)",1
"Andrey SLABAKOV (BGR-ECR)","Dominik TARCZYŃSKI (POL-ECR)",1
"Andrey SLABAKOV (BGR-ECR)","Margarita DE LA PISA CARRIÓN (ESP-ECR)",1
"Andrey SLABAKOV (BGR-ECR)","Ladislav ILČIĆ (HRV-ECR)",1
"Kim VAN SPARRENTAK (NLD-GREEN_EFA)","Grace O'SULLIVAN (IRL-GREEN_EFA)",1
"Grace O'SULLIVAN (IRL-GREEN_EFA)","Claude GRUFFAT (FRA-GREEN_EFA)",1
"Mazaly AGUILAR (ESP-ECR)","Roman HAIDER (AUT-ID)",1
"Mazaly AGUILAR (ESP-ECR)","Vincenzo SOFO (ITA-ECR)",1
"Mazaly AGUILAR (ESP-ECR)","Dominik TARCZYŃSKI (POL-ECR)",1
"Mazaly AGUILAR (ESP-ECR)","Margarita DE LA PISA CARRIÓN (ESP-ECR)",1
"Mazaly AGUILAR (ESP-ECR)","Jean-Lin LACAPELLE (FRA-ID)",1
"Mazaly AGUILAR (ESP-ECR)","Ladislav ILČIĆ (HRV-ECR)",1
"Roman HAIDER (AUT-ID)","Margarita DE LA PISA CARRIÓN (ESP-ECR)",1
"Roman HAIDER (AUT-ID)","Jean-Lin LACAPELLE (FRA-ID)",1
"Emmanouil FRAGKOS (GRC-ECR)","Vincenzo SOFO (ITA-ECR)",1
"Sunčana GLAVAK (HRV-EPP)","Miriam LEXMANN (SVK-EPP)",1
"Sunčana GLAVAK (HRV-EPP)","Riho TERRAS (EST-EPP)",1
"Salvatore DE MEO (ITA-EPP)","Christian SAGARTZ (AUT-EPP)",1
"Salvatore DE MEO (ITA-EPP)","Riho TERRAS (EST-EPP)",1
"Vincenzo SOFO (ITA-ECR)","Miriam LEXMANN (SVK-EPP)",1
"Vincenzo SOFO (ITA-ECR)","Dominik TARCZYŃSKI (POL-ECR)",1
"Vincenzo SOFO (ITA-ECR)","Margarita DE LA PISA CARRIÓN (ESP-ECR)",1
"Vincenzo SOFO (ITA-ECR)","Jean-Lin LACAPELLE (FRA-ID)",1
"Vincenzo SOFO (ITA-ECR)","Ladislav ILČIĆ (HRV-ECR)",1
"Alviina ALAMETSÄ (FIN-GREEN_EFA)","Claude GRUFFAT (FRA-GREEN_EFA)",1
"Dominik TARCZYŃSKI (POL-ECR)","Margarita DE LA PISA CARRIÓN (ESP-ECR)",1
"Dominik TARCZYŃSKI (POL-ECR)","Ladislav ILČIĆ (HRV-ECR)",1
"Margarita DE LA PISA CARRIÓN (ESP-ECR)","Jean-Lin LACAPELLE (FRA-ID)",1
"Margarita DE LA PISA CARRIÓN (ESP-ECR)","Ladislav ILČIĆ (HRV-ECR)",1
"Jean-Lin LACAPELLE (FRA-ID)","Ladislav ILČIĆ (HRV-ECR)",1
"Cyrus ENGERER (MLT-SD)","Vlad GHEORGHE (ROU-RENEW)",1
"Cyrus ENGERER (MLT-SD)","Colm MARKEY (IRL-EPP)",1
"Cyrus ENGERER (MLT-SD)","Alin MITUȚA (ROU-RENEW)",1
"Vlad GHEORGHE (ROU-RENEW)","Colm MARKEY (IRL-EPP)",1
"Vlad GHEORGHE (ROU-RENEW)","Alin MITUȚA (ROU-RENEW)",1
"Colm MARKEY (IRL-EPP)","Alin MITUȚA (ROU-RENEW)",1
"Colm MARKEY (IRL-EPP)","Thijs REUTEN (NLD-SD)",1
"Colm MARKEY (IRL-EPP)","Karolin BRAUNSBERGER-REINHOLD (DEU-EPP)",1
"Colm MARKEY (IRL-EPP)","Camilla LAURETI (ITA-SD)",1
"Alin MITUȚA (ROU-RENEW)","Thijs REUTEN (NLD-SD)",1
"Alin MITUȚA (ROU-RENEW)","Karolin BRAUNSBERGER-REINHOLD (DEU-EPP)",1
"Alin MITUȚA (ROU-RENEW)","Camilla LAURETI (ITA-SD)",1
"Emma WIESNER (SWE-RENEW)","Catharina RINZEMA (NLD-RENEW)",1
"Thijs REUTEN (NLD-SD)","Karolin BRAUNSBERGER-REINHOLD (DEU-EPP)",1
"Thijs REUTEN (NLD-SD)","Ilan DE BASSO (SWE-SD)",1
"Thijs REUTEN (NLD-SD)","René REPASI (DEU-SD)",1
"Thijs REUTEN (NLD-SD)","Camilla LAURETI (ITA-SD)",1
"Michiel HOOGEVEEN (NLD-ECR)","Ladislav ILČIĆ (HRV-ECR)",1
"Ladislav ILČIĆ (HRV-ECR)","Karolin BRAUNSBERGER-REINHOLD (DEU-EPP)",1
"Ladislav ILČIĆ (HRV-ECR)","Catharina RINZEMA (NLD-RENEW)",1
"Karolin BRAUNSBERGER-REINHOLD (DEU-EPP)","Karsten LUCKE (DEU-SD)",1
"Karolin BRAUNSBERGER-REINHOLD (DEU-EPP)","Ilan DE BASSO (SWE-SD)",1
"Karolin BRAUNSBERGER-REINHOLD (DEU-EPP)","Catharina RINZEMA (NLD-RENEW)",1
"Karolin BRAUNSBERGER-REINHOLD (DEU-EPP)","René REPASI (DEU-SD)",1
"Karolin BRAUNSBERGER-REINHOLD (DEU-EPP)","Camilla LAURETI (ITA-SD)",1
"Karolin BRAUNSBERGER-REINHOLD (DEU-EPP)","Max ORVILLE (FRA-RENEW)",1
"Karsten LUCKE (DEU-SD)","Ilan DE BASSO (SWE-SD)",1
"Karsten LUCKE (DEU-SD)","Catharina RINZEMA (NLD-RENEW)",1
"Karsten LUCKE (DEU-SD)","René REPASI (DEU-SD)",1
"Karsten LUCKE (DEU-SD)","Camilla LAURETI (ITA-SD)",1
"Karsten LUCKE (DEU-SD)","Max ORVILLE (FRA-RENEW)",1
"Ilan DE BASSO (SWE-SD)","Catharina RINZEMA (NLD-RENEW)",1
"Ilan DE BASSO (SWE-SD)","René REPASI (DEU-SD)",1
"Ilan DE BASSO (SWE-SD)","Camilla LAURETI (ITA-SD)",1
"Ilan DE BASSO (SWE-SD)","Max ORVILLE (FRA-RENEW)",1
"Catharina RINZEMA (NLD-RENEW)","René REPASI (DEU-SD)",1
"Catharina RINZEMA (NLD-RENEW)","Camilla LAURETI (ITA-SD)",1
"Catharina RINZEMA (NLD-RENEW)","Max ORVILLE (FRA-RENEW)",1
"René REPASI (DEU-SD)","Camilla LAURETI (ITA-SD)",1
"René REPASI (DEU-SD)","Max ORVILLE (FRA-RENEW)",1
"Camilla LAURETI (ITA-SD)","Max ORVILLE (FRA-RENEW)",1
