Source,Target
0,58
0,108
0,173
0,197
0,209
0,230
0,289
0,296
0,304
0,307
0,327
0,330
0,392
0,425
0,519
0,571
0,578
0,609
0,663
0,693
0,700
0,733
0,780
0,788
4,255
4,435
4,769
6,7
6,8
6,12
6,13
6,17
6,28
6,37
6,43
6,53
6,54
6,55
6,56
6,57
6,59
6,60
6,61
6,71
6,72
6,82
6,90
6,91
6,95
6,104
6,108
6,114
6,123
6,126
6,127
6,128
6,129
6,133
6,134
6,135
6,138
6,141
6,153
6,159
6,160
6,166
6,177
6,178
6,179
6,182
6,188
6,191
6,199
6,214
6,216
6,218
6,222
6,240
6,241
6,242
6,243
6,250
6,275
6,289
6,295
6,297
6,315
6,316
6,322
6,351
6,354
6,359
6,360
6,368
6,371
6,379
6,381
6,382
6,383
6,384
6,385
6,386
6,387
6,391
6,396
6,398
6,399
6,400
6,402
6,405
6,415
6,416
6,417
6,438
6,442
6,451
6,470
6,473
6,474
6,475
6,477
6,484
6,485
6,487
6,495
6,501
6,555
6,569
6,582
6,590
6,591
6,593
6,596
6,611
6,612
6,616
6,643
6,651
6,663
6,684
6,689
6,693
6,694
6,696
6,745
6,746
6,750
6,751
6,753
6,759
6,774
6,776
6,781
6,786
6,797
6,804
6,811
7,8
7,12
7,13
7,17
7,28
7,37
7,43
7,49
7,53
7,54
7,55
7,56
7,57
7,59
7,60
7,61
7,70
7,71
7,72
7,82
7,90
7,91
7,95
7,98
7,104
7,108
7,114
7,116
7,126
7,127
7,128
7,129
7,131
7,132
7,133
7,134
7,135
7,138
7,141
7,153
7,157
7,159
7,160
7,166
7,177
7,178
7,182
7,188
7,191
7,197
7,199
7,209
7,211
7,212
7,214
7,215
7,218
7,222
7,223
7,230
7,240
7,241
7,242
7,243
7,250
7,263
7,274
7,275
7,289
7,295
7,297
7,303
7,304
7,307
7,309
7,316
7,322
7,327
7,329
7,330
7,344
7,351
7,354
7,359
7,360
7,362
7,368
7,371
7,377
7,378
7,379
7,381
7,382
7,383
7,384
7,385
7,386
7,387
7,391
7,396
7,398
7,399
7,400
7,402
7,405
7,415
7,416
7,417
7,425
7,436
7,438
7,442
7,451
7,453
7,470
7,473
7,474
7,475
7,477
7,482
7,484
7,485
7,487
7,507
7,519
7,555
7,569
7,571
7,578
7,581
7,582
7,590
7,591
7,593
7,596
7,611
7,612
7,616
7,643
7,651
7,663
7,684
7,689
7,693
7,694
7,696
7,697
7,700
7,733
7,745
7,746
7,750
7,751
7,753
7,759
7,774
7,776
7,780
7,781
7,786
7,788
7,797
7,804
7,807
7,811
7,815
8,12
8,13
8,17
8,28
8,37
8,53
8,54
8,55
8,56
8,57
8,59
8,60
8,61
8,70
8,71
8,72
8,82
8,91
8,98
8,104
8,108
8,126
8,127
8,128
8,129
8,132
8,133
8,134
8,135
8,138
8,141
8,157
8,159
8,165
8,166
8,178
8,182
8,188
8,199
8,211
8,214
8,218
8,222
8,240
8,241
8,242
8,243
8,259
8,275
8,289
8,296
8,297
8,302
8,303
8,307
8,327
8,329
8,330
8,331
8,351
8,354
8,359
8,379
8,381
8,383
8,384
8,385
8,386
8,396
8,398
8,399
8,400
8,402
8,405
8,415
8,416
8,417
8,425
8,442
8,451
8,470
8,473
8,474
8,475
8,477
8,484
8,485
8,555
8,569
8,578
8,582
8,590
8,611
8,612
8,616
8,643
8,663
8,669
8,684
8,693
8,694
8,695
8,696
8,697
8,700
8,745
8,746
8,750
8,751
8,753
8,781
8,797
9,52
9,78
9,100
9,105
9,106
9,117
9,119
9,120
9,121
9,124
9,125
9,151
9,154
9,168
9,176
9,185
9,187
9,208
9,254
9,257
9,261
9,276
9,285
9,292
9,320
9,341
9,343
9,347
9,356
9,365
9,366
9,373
9,375
9,397
9,404
9,412
9,420
9,421
9,422
9,424
9,426
9,428
9,429
9,430
9,431
9,433
9,434
9,435
9,439
9,461
9,464
9,467
9,472
9,490
9,492
9,498
9,505
9,508
9,509
9,524
9,526
9,527
9,589
9,598
9,613
9,628
9,631
9,632
9,690
9,717
9,720
9,744
9,747
9,762
9,763
9,783
9,794
9,800
9,801
12,13
12,17
12,28
12,29
12,35
12,37
12,43
12,49
12,53
12,54
12,55
12,56
12,57
12,59
12,60
12,61
12,70
12,71
12,72
12,82
12,90
12,91
12,95
12,98
12,104
12,108
12,114
12,116
12,126
12,127
12,128
12,129
12,132
12,133
12,134
12,135
12,138
12,141
12,153
12,157
12,159
12,160
12,166
12,177
12,178
12,179
12,182
12,188
12,191
12,197
12,199
12,209
12,211
12,212
12,214
12,215
12,216
12,218
12,222
12,223
12,230
12,240
12,241
12,242
12,243
12,263
12,274
12,275
12,289
12,295
12,297
12,303
12,304
12,307
12,315
12,316
12,322
12,327
12,329
12,330
12,331
12,344
12,351
12,354
12,359
12,360
12,362
12,368
12,371
12,377
12,379
12,381
12,382
12,383
12,384
12,385
12,386
12,387
12,391
12,396
12,398
12,399
12,400
12,402
12,405
12,410
12,415
12,416
12,417
12,436
12,438
12,442
12,444
12,451
12,453
12,470
12,473
12,474
12,475
12,477
12,482
12,484
12,485
12,487
12,496
12,501
12,507
12,511
12,517
12,519
12,555
12,569
12,581
12,582
12,590
12,591
12,593
12,596
12,611
12,612
12,616
12,643
12,651
12,663
12,684
12,689
12,693
12,694
12,696
12,697
12,700
12,742
12,745
12,746
12,750
12,751
12,753
12,759
12,774
12,776
12,781
12,790
12,797
12,804
12,807
12,811
13,17
13,28
13,29
13,35
13,37
13,43
13,49
13,53
13,54
13,55
13,56
13,57
13,59
13,60
13,61
13,70
13,71
13,72
13,82
13,90
13,91
13,95
13,98
13,104
13,108
13,114
13,116
13,126
13,127
13,128
13,129
13,132
13,133
13,134
13,135
13,138
13,141
13,153
13,157
13,159
13,160
13,166
13,173
13,177
13,178
13,182
13,188
13,191
13,197
13,199
13,209
13,211
13,212
13,214
13,215
13,218
13,222
13,223
13,240
13,241
13,242
13,243
13,250
13,263
13,274
13,275
13,289
13,295
13,297
13,303
13,304
13,307
13,315
13,316
13,322
13,324
13,327
13,329
13,330
13,344
13,351
13,354
13,359
13,360
13,362
13,368
13,371
13,377
13,379
13,381
13,382
13,383
13,384
13,385
13,386
13,387
13,391
13,396
13,398
13,399
13,400
13,402
13,405
13,415
13,416
13,417
13,425
13,436
13,438
13,442
13,451
13,470
13,473
13,474
13,475
13,477
13,484
13,485
13,487
13,495
13,496
13,501
13,511
13,517
13,519
13,555
13,569
13,581
13,582
13,590
13,591
13,593
13,596
13,611
13,612
13,616
13,643
13,651
13,663
13,684
13,689
13,693
13,694
13,696
13,697
13,700
13,745
13,746
13,750
13,751
13,753
13,759
13,774
13,776
13,781
13,797
13,804
13,811
14,295
14,351
14,360
14,387
14,391
14,596
15,46
15,139
15,186
15,246
15,367
15,372
15,374
15,395
15,494
15,543
15,544
15,660
16,345
16,408
16,628
17,28
17,29
17,35
17,37
17,43
17,49
17,53
17,54
17,55
17,56
17,57
17,59
17,60
17,61
17,70
17,71
17,72
17,77
17,82
17,90
17,91
17,95
17,98
17,104
17,108
17,114
17,116
17,123
17,126
17,127
17,128
17,129
17,132
17,133
17,134
17,135
17,138
17,141
17,153
17,157
17,159
17,160
17,166
17,177
17,178
17,179
17,182
17,188
17,191
17,199
17,209
17,211
17,212
17,214
17,215
17,216
17,218
17,222
17,223
17,240
17,241
17,242
17,243
17,250
17,263
17,274
17,275
17,289
17,295
17,297
17,303
17,304
17,307
17,316
17,322
17,327
17,329
17,330
17,344
17,351
17,354
17,359
17,360
17,362
17,368
17,371
17,377
17,379
17,381
17,382
17,383
17,384
17,385
17,386
17,387
17,391
17,396
17,398
17,399
17,400
17,402
17,405
17,410
17,415
17,416
17,417
17,436
17,438
17,442
17,444
17,451
17,453
17,470
17,473
17,474
17,475
17,477
17,484
17,485
17,487
17,495
17,496
17,501
17,507
17,511
17,517
17,519
17,555
17,569
17,581
17,582
17,590
17,591
17,593
17,596
17,611
17,612
17,616
17,643
17,651
17,663
17,684
17,689
17,693
17,694
17,696
17,697
17,700
17,742
17,745
17,746
17,750
17,751
17,753
17,759
17,767
17,776
17,781
17,786
17,788
17,790
17,797
17,804
17,807
17,811
17,815
18,58
18,230
18,324
18,571
28,29
28,35
28,37
28,43
28,53
28,54
28,55
28,56
28,57
28,59
28,60
28,61
28,70
28,71
28,72
28,82
28,90
28,91
28,95
28,98
28,104
28,108
28,114
28,116
28,126
28,127
28,128
28,129
28,132
28,133
28,134
28,135
28,138
28,141
28,153
28,157
28,159
28,160
28,166
28,173
28,177
28,178
28,182
28,188
28,191
28,197
28,199
28,209
28,211
28,212
28,214
28,215
28,218
28,222
28,230
28,240
28,241
28,242
28,243
28,250
28,263
28,274
28,275
28,289
28,295
28,297
28,303
28,304
28,307
28,309
28,315
28,316
28,322
28,324
28,327
28,329
28,330
28,351
28,354
28,359
28,360
28,362
28,368
28,371
28,377
28,378
28,379
28,381
28,382
28,383
28,384
28,385
28,386
28,387
28,396
28,398
28,399
28,400
28,402
28,405
28,415
28,416
28,417
28,425
28,436
28,438
28,442
28,451
28,453
28,470
28,473
28,474
28,475
28,477
28,482
28,484
28,485
28,487
28,496
28,501
28,507
28,511
28,517
28,519
28,555
28,569
28,571
28,581
28,582
28,590
28,591
28,593
28,611
28,612
28,616
28,643
28,651
28,663
28,684
28,689
28,693
28,694
28,696
28,697
28,700
28,733
28,742
28,745
28,746
28,750
28,751
28,753
28,759
28,774
28,776
28,781
28,790
28,797
28,804
28,811
28,815
29,35
29,38
29,53
29,54
29,60
29,62
29,67
29,68
29,69
29,71
29,72
29,76
29,82
29,85
29,104
29,110
29,114
29,116
29,126
29,127
29,128
29,129
29,134
29,136
29,137
29,138
29,140
29,166
29,177
29,180
29,183
29,191
29,199
29,214
29,218
29,235
29,240
29,241
29,242
29,243
29,268
29,270
29,271
29,272
29,273
29,286
29,293
29,297
29,316
29,322
29,326
29,335
29,346
29,351
29,354
29,358
29,359
29,364
29,368
29,379
29,381
29,382
29,383
29,386
29,396
29,398
29,399
29,400
29,402
29,405
29,415
29,416
29,417
29,436
29,438
29,442
29,444
29,445
29,447
29,449
29,450
29,454
29,462
29,470
29,473
29,476
29,477
29,478
29,479
29,480
29,484
29,485
29,487
29,489
29,491
29,496
29,497
29,500
29,503
29,504
29,511
29,512
29,518
29,521
29,525
29,530
29,532
29,534
29,537
29,547
29,555
29,556
29,557
29,558
29,559
29,564
29,582
29,599
29,612
29,616
29,641
29,691
29,692
29,694
29,696
29,697
29,702
29,703
29,721
29,735
29,737
29,738
29,739
29,742
29,743
29,745
29,746
29,750
29,751
29,753
29,758
29,767
29,771
29,781
29,782
29,785
29,790
29,797
29,809
29,810
29,811
30,46
30,121
30,139
30,148
30,149
30,186
30,195
30,234
30,246
30,255
30,260
30,291
30,367
30,374
30,406
30,413
30,421
30,509
30,538
30,543
30,544
30,578
30,660
30,676
30,716
31,43
31,99
31,123
31,240
31,295
31,361
31,493
31,495
31,643
31,774
32,63
32,66
32,255
32,299
32,725
33,156
33,465
33,510
33,529
33,793
34,42
34,101
34,105
34,143
34,151
34,175
34,202
34,287
34,300
34,333
34,339
34,348
34,357
34,389
34,390
34,437
34,486
34,492
34,515
34,618
34,656
34,674
34,701
34,732
34,740
34,741
35,53
35,62
35,67
35,82
35,104
35,114
35,116
35,126
35,128
35,129
35,134
35,140
35,177
35,199
35,204
35,214
35,218
35,240
35,241
35,242
35,243
35,268
35,270
35,271
35,273
35,293
35,297
35,316
35,326
35,335
35,354
35,358
35,359
35,368
35,377
35,379
35,381
35,382
35,383
35,386
35,398
35,399
35,400
35,402
35,405
35,415
35,416
35,417
35,436
35,438
35,442
35,443
35,444
35,445
35,446
35,447
35,448
35,449
35,450
35,475
35,476
35,478
35,479
35,480
35,485
35,487
35,489
35,491
35,496
35,497
35,500
35,503
35,504
35,511
35,512
35,518
35,521
35,525
35,547
35,556
35,641
35,651
35,686
35,691
35,692
35,694
35,696
35,697
35,735
35,738
35,742
35,743
35,745
35,746
35,750
35,751
35,753
35,767
35,781
35,785
35,790
35,797
35,807
35,809
35,810
35,811
37,43
37,53
37,54
37,55
37,56
37,57
37,59
37,60
37,61
37,70
37,71
37,72
37,77
37,82
37,90
37,91
37,95
37,98
37,104
37,108
37,114
37,126
37,127
37,128
37,129
37,132
37,133
37,134
37,135
37,138
37,141
37,153
37,159
37,160
37,166
37,177
37,178
37,179
37,182
37,188
37,191
37,199
37,209
37,211
37,212
37,214
37,218
37,222
37,223
37,240
37,241
37,242
37,243
37,274
37,289
37,295
37,297
37,302
37,304
37,307
37,322
37,327
37,330
37,344
37,351
37,354
37,359
37,360
37,368
37,379
37,381
37,382
37,383
37,384
37,385
37,386
37,387
37,396
37,398
37,399
37,400
37,402
37,405
37,410
37,415
37,416
37,417
37,438
37,442
37,451
37,453
37,470
37,473
37,474
37,475
37,477
37,484
37,485
37,487
37,507
37,514
37,519
37,555
37,569
37,581
37,582
37,590
37,591
37,593
37,604
37,611
37,612
37,616
37,643
37,651
37,663
37,669
37,684
37,689
37,693
37,694
37,696
37,697
37,745
37,746
37,750
37,751
37,753
37,759
37,774
37,776
37,781
37,797
37,804
38,62
38,67
38,68
38,69
38,76
38,85
38,103
38,110
38,136
38,137
38,140
38,175
38,180
38,183
38,232
38,235
38,268
38,270
38,271
38,272
38,273
38,342
38,358
38,364
38,444
38,454
38,462
38,476
38,478
38,479
38,480
38,489
38,491
38,496
38,497
38,500
38,503
38,504
38,512
38,518
38,521
38,525
38,530
38,532
38,534
38,545
38,556
38,557
38,558
38,559
38,564
38,570
38,574
38,592
38,599
38,600
38,691
38,702
38,703
38,704
38,705
38,714
38,721
38,735
38,737
38,738
38,739
38,742
38,743
38,767
38,768
38,771
38,782
38,785
38,790
38,810
41,148
41,186
41,260
41,312
41,367
41,544
41,602
41,660
41,755
42,75
42,78
42,80
42,101
42,105
42,117
42,124
42,143
42,151
42,154
42,176
42,202
42,261
42,276
42,287
42,292
42,300
42,333
42,348
42,357
42,366
42,375
42,389
42,390
42,420
42,422
42,430
42,431
42,433
42,437
42,439
42,461
42,464
42,467
42,472
42,486
42,488
42,490
42,492
42,498
42,505
42,509
42,524
42,527
42,589
42,598
42,618
42,631
42,633
42,635
42,656
42,667
42,674
42,690
42,701
42,717
42,720
42,732
42,740
42,741
42,762
42,763
42,794
42,799
43,53
43,54
43,56
43,57
43,59
43,60
43,61
43,71
43,72
43,82
43,91
43,99
43,104
43,123
43,126
43,127
43,128
43,129
43,134
43,135
43,138
43,141
43,166
43,177
43,214
43,216
43,218
43,240
43,241
43,242
43,243
43,275
43,295
43,297
43,315
43,351
43,354
43,360
43,361
43,379
43,381
43,382
43,383
43,384
43,386
43,387
43,391
43,398
43,399
43,400
43,402
43,442
43,451
43,470
43,473
43,474
43,477
43,484
43,493
43,495
43,555
43,569
43,590
43,596
43,611
43,612
43,616
43,643
43,663
43,684
43,694
43,745
43,746
43,750
43,751
43,753
43,781
43,797
46,69
46,97
46,121
46,122
46,139
46,149
46,175
46,186
46,195
46,206
46,231
46,234
46,246
46,274
46,285
46,291
46,302
46,303
46,310
46,312
46,332
46,363
46,367
46,374
46,388
46,453
46,457
46,469
46,494
46,507
46,514
46,523
46,543
46,544
46,545
46,600
46,618
46,626
46,660
46,669
46,705
46,706
46,711
46,712
46,716
46,770
49,53
49,54
49,57
49,60
49,71
49,72
49,82
49,91
49,108
49,126
49,127
49,129
49,134
49,138
49,141
49,177
49,240
49,243
49,351
49,354
49,398
49,400
49,402
49,470
49,473
49,474
49,616
49,643
49,694
49,745
49,746
49,750
49,751
49,753
49,781
52,75
52,78
52,100
52,106
52,117
52,119
52,120
52,122
52,124
52,125
52,154
52,168
52,176
52,185
52,187
52,208
52,254
52,257
52,261
52,276
52,292
52,320
52,341
52,343
52,347
52,356
52,365
52,366
52,373
52,375
52,397
52,404
52,412
52,420
52,421
52,422
52,424
52,426
52,428
52,429
52,430
52,431
52,433
52,434
52,435
52,439
52,461
52,464
52,467
52,471
52,472
52,490
52,492
52,498
52,505
52,508
52,509
52,524
52,526
52,527
52,589
52,598
52,613
52,628
52,631
52,667
52,690
52,717
52,744
52,747
52,762
52,763
52,783
52,794
52,800
52,801
53,54
53,55
53,56
53,57
53,59
53,60
53,61
53,70
53,71
53,72
53,82
53,90
53,91
53,95
53,98
53,104
53,108
53,114
53,126
53,127
53,128
53,129
53,132
53,133
53,134
53,135
53,138
53,141
53,153
53,157
53,159
53,160
53,166
53,173
53,177
53,178
53,179
53,182
53,188
53,191
53,197
53,199
53,209
53,211
53,212
53,214
53,215
53,216
53,218
53,222
53,223
53,230
53,240
53,241
53,242
53,243
53,250
53,263
53,274
53,275
53,289
53,295
53,297
53,303
53,307
53,316
53,322
53,324
53,327
53,329
53,330
53,351
53,354
53,359
53,360
53,362
53,368
53,371
53,377
53,379
53,381
53,382
53,383
53,384
53,385
53,386
53,387
53,391
53,396
53,398
53,399
53,400
53,402
53,405
53,410
53,415
53,416
53,417
53,425
53,436
53,438
53,442
53,444
53,451
53,453
53,470
53,473
53,474
53,475
53,477
53,484
53,485
53,487
53,501
53,507
53,511
53,517
53,519
53,555
53,569
53,581
53,582
53,590
53,591
53,593
53,611
53,612
53,616
53,643
53,651
53,663
53,684
53,689
53,693
53,694
53,696
53,697
53,742
53,745
53,746
53,750
53,751
53,753
53,759
53,767
53,774
53,776
53,780
53,781
53,790
53,797
53,804
53,811
54,55
54,56
54,57
54,59
54,60
54,61
54,70
54,71
54,72
54,77
54,82
54,90
54,91
54,95
54,98
54,104
54,108
54,114
54,116
54,123
54,126
54,127
54,128
54,129
54,132
54,133
54,134
54,135
54,138
54,141
54,153
54,157
54,159
54,160
54,164
54,166
54,177
54,178
54,179
54,182
54,188
54,191
54,197
54,199
54,209
54,211
54,212
54,214
54,216
54,218
54,222
54,223
54,240
54,241
54,242
54,243
54,250
54,263
54,274
54,275
54,289
54,295
54,297
54,303
54,307
54,316
54,322
54,327
54,329
54,330
54,344
54,351
54,354
54,359
54,360
54,362
54,368
54,371
54,377
54,379
54,381
54,382
54,383
54,384
54,385
54,386
54,396
54,398
54,399
54,400
54,402
54,405
54,410
54,415
54,416
54,417
54,436
54,438
54,442
54,444
54,451
54,453
54,470
54,473
54,474
54,475
54,477
54,484
54,485
54,487
54,507
54,511
54,519
54,555
54,569
54,581
54,582
54,590
54,591
54,593
54,596
54,608
54,611
54,612
54,616
54,643
54,651
54,663
54,684
54,689
54,693
54,694
54,696
54,697
54,745
54,746
54,750
54,751
54,753
54,759
54,776
54,781
54,786
54,788
54,797
54,804
54,811
55,56
55,57
55,59
55,60
55,61
55,71
55,72
55,82
55,90
55,91
55,95
55,97
55,104
55,108
55,126
55,127
55,128
55,129
55,132
55,134
55,138
55,141
55,153
55,159
55,160
55,166
55,173
55,177
55,179
55,182
55,191
55,199
55,215
55,218
55,222
55,240
55,241
55,242
55,243
55,250
55,263
55,274
55,295
55,297
55,302
55,303
55,310
55,322
55,337
55,344
55,351
55,354
55,362
55,368
55,371
55,379
55,381
55,382
55,384
55,385
55,386
55,387
55,388
55,396
55,398
55,399
55,400
55,402
55,405
55,409
55,410
55,415
55,416
55,417
55,442
55,451
55,453
55,470
55,473
55,474
55,475
55,477
55,484
55,485
55,487
55,507
55,514
55,517
55,555
55,569
55,581
55,582
55,590
55,591
55,592
55,593
55,596
55,600
55,604
55,611
55,612
55,616
55,643
55,663
55,669
55,684
55,694
55,737
55,738
55,745
55,746
55,750
55,751
55,753
55,760
55,774
55,776
55,781
55,797
56,57
56,59
56,60
56,61
56,70
56,71
56,72
56,82
56,90
56,91
56,95
56,98
56,104
56,108
56,114
56,126
56,127
56,128
56,129
56,132
56,133
56,134
56,135
56,138
56,141
56,153
56,157
56,159
56,160
56,164
56,166
56,177
56,178
56,179
56,182
56,188
56,191
56,199
56,209
56,211
56,212
56,214
56,215
56,218
56,220
56,222
56,223
56,240
56,241
56,242
56,243
56,250
56,263
56,274
56,275
56,289
56,295
56,297
56,302
56,303
56,307
56,309
56,316
56,322
56,324
56,329
56,330
56,344
56,351
56,354
56,359
56,360
56,362
56,368
56,371
56,377
56,379
56,381
56,382
56,383
56,384
56,385
56,386
56,391
56,396
56,398
56,399
56,400
56,402
56,405
56,409
56,410
56,415
56,416
56,417
56,425
56,436
56,438
56,442
56,451
56,453
56,470
56,473
56,474
56,475
56,477
56,482
56,484
56,485
56,487
56,495
56,501
56,507
56,517
56,519
56,555
56,556
56,569
56,581
56,582
56,590
56,591
56,592
56,593
56,596
56,611
56,612
56,616
56,629
56,643
56,651
56,663
56,669
56,684
56,689
56,693
56,694
56,696
56,697
56,700
56,745
56,746
56,750
56,751
56,753
56,759
56,774
56,776
56,781
56,788
56,797
56,804
56,811
57,59
57,60
57,61
57,70
57,71
57,72
57,77
57,82
57,90
57,91
57,95
57,98
57,104
57,108
57,114
57,126
57,127
57,128
57,129
57,132
57,133
57,134
57,135
57,138
57,141
57,153
57,157
57,159
57,160
57,165
57,166
57,177
57,178
57,182
57,188
57,191
57,199
57,209
57,211
57,212
57,214
57,218
57,222
57,240
57,241
57,242
57,243
57,250
57,263
57,274
57,275
57,289
57,295
57,297
57,302
57,303
57,304
57,307
57,309
57,316
57,322
57,327
57,329
57,330
57,331
57,351
57,354
57,359
57,360
57,362
57,368
57,371
57,377
57,379
57,381
57,382
57,383
57,384
57,385
57,386
57,387
57,391
57,396
57,398
57,399
57,400
57,402
57,405
57,410
57,415
57,416
57,417
57,436
57,438
57,442
57,444
57,451
57,453
57,470
57,473
57,474
57,475
57,477
57,484
57,485
57,487
57,496
57,507
57,511
57,517
57,519
57,555
57,569
57,582
57,590
57,591
57,593
57,596
57,611
57,612
57,616
57,643
57,651
57,663
57,684
57,689
57,693
57,694
57,696
57,697
57,700
57,745
57,746
57,750
57,751
57,753
57,759
57,774
57,776
57,781
57,786
57,797
57,804
57,811
58,108
58,131
58,157
58,173
58,197
58,209
58,211
58,230
58,289
58,304
58,307
58,324
58,327
58,330
58,377
58,378
58,392
58,425
58,571
58,578
58,651
58,700
58,733
58,759
58,760
58,780
59,60
59,61
59,70
59,71
59,72
59,82
59,90
59,91
59,95
59,98
59,104
59,108
59,114
59,126
59,127
59,128
59,129
59,132
59,133
59,134
59,135
59,138
59,141
59,153
59,159
59,166
59,177
59,182
59,188
59,191
59,199
59,209
59,211
59,214
59,215
59,218
59,222
59,240
59,241
59,242
59,243
59,250
59,263
59,274
59,289
59,295
59,297
59,302
59,304
59,307
59,309
59,316
59,322
59,324
59,327
59,330
59,351
59,354
59,359
59,360
59,362
59,368
59,371
59,379
59,381
59,382
59,383
59,384
59,385
59,386
59,396
59,398
59,399
59,400
59,402
59,405
59,410
59,415
59,416
59,417
59,425
59,436
59,442
59,451
59,453
59,470
59,473
59,474
59,475
59,477
59,484
59,485
59,487
59,495
59,501
59,507
59,514
59,517
59,519
59,555
59,569
59,581
59,582
59,590
59,591
59,593
59,595
59,596
59,611
59,612
59,616
59,643
59,651
59,663
59,669
59,684
59,689
59,693
59,694
59,695
59,696
59,697
59,745
59,746
59,750
59,751
59,753
59,759
59,776
59,781
59,797
59,804
60,61
60,70
60,71
60,72
60,82
60,90
60,91
60,95
60,98
60,104
60,108
60,114
60,126
60,127
60,128
60,129
60,132
60,133
60,134
60,135
60,138
60,141
60,153
60,157
60,159
60,160
60,166
60,173
60,177
60,178
60,182
60,188
60,191
60,197
60,199
60,209
60,211
60,212
60,214
60,215
60,218
60,222
60,223
60,230
60,240
60,241
60,242
60,243
60,250
60,263
60,274
60,275
60,289
60,295
60,297
60,303
60,304
60,307
60,309
60,316
60,322
60,324
60,327
60,329
60,330
60,344
60,351
60,354
60,359
60,360
60,362
60,368
60,371
60,377
60,378
60,379
60,381
60,382
60,383
60,384
60,385
60,386
60,387
60,391
60,396
60,398
60,399
60,400
60,402
60,405
60,410
60,415
60,416
60,417
60,425
60,436
60,438
60,442
60,451
60,453
60,470
60,473
60,474
60,475
60,477
60,484
60,485
60,487
60,501
60,507
60,517
60,519
60,555
60,556
60,569
60,578
60,581
60,582
60,590
60,591
60,593
60,595
60,611
60,612
60,616
60,643
60,651
60,663
60,684
60,689
60,693
60,694
60,696
60,697
60,700
60,733
60,745
60,746
60,750
60,751
60,753
60,759
60,774
60,776
60,780
60,781
60,797
60,804
60,807
60,811
61,70
61,71
61,72
61,77
61,82
61,90
61,91
61,95
61,104
61,108
61,114
61,126
61,127
61,128
61,129
61,132
61,133
61,134
61,135
61,138
61,141
61,153
61,159
61,160
61,164
61,165
61,166
61,177
61,178
61,179
61,182
61,188
61,191
61,199
61,218
61,220
61,222
61,240
61,241
61,242
61,243
61,275
61,289
61,295
61,297
61,315
61,322
61,331
61,344
61,351
61,354
61,360
61,368
61,379
61,381
61,382
61,383
61,384
61,385
61,386
61,387
61,391
61,396
61,398
61,399
61,400
61,402
61,405
61,415
61,416
61,417
61,442
61,451
61,470
61,473
61,474
61,475
61,477
61,484
61,485
61,555
61,569
61,581
61,582
61,590
61,591
61,593
61,596
61,611
61,612
61,616
61,643
61,651
61,663
61,684
61,693
61,694
61,696
61,745
61,746
61,750
61,751
61,753
61,774
61,776
61,781
61,786
61,797
61,804
61,811
62,67
62,68
62,69
62,76
62,85
62,110
62,136
62,137
62,140
62,180
62,183
62,268
62,270
62,271
62,272
62,273
62,358
62,364
62,444
62,454
62,462
62,476
62,478
62,479
62,480
62,489
62,491
62,497
62,500
62,503
62,504
62,512
62,518
62,521
62,525
62,530
62,534
62,537
62,556
62,557
62,558
62,559
62,564
62,599
62,691
62,702
62,703
62,704
62,721
62,735
62,738
62,739
62,742
62,743
62,758
62,767
62,771
62,782
62,785
62,790
62,810
63,66
63,754
64,239
66,226
66,725
66,754
66,773
67,68
67,69
67,76
67,85
67,110
67,136
67,137
67,140
67,180
67,183
67,268
67,270
67,271
67,272
67,273
67,358
67,364
67,444
67,454
67,462
67,476
67,478
67,479
67,480
67,489
67,491
67,496
67,497
67,500
67,503
67,504
67,512
67,518
67,521
67,525
67,530
67,532
67,537
67,556
67,557
67,558
67,559
67,564
67,592
67,599
67,604
67,617
67,691
67,702
67,703
67,714
67,721
67,735
67,737
67,738
67,739
67,742
67,743
67,758
67,767
67,771
67,782
67,785
67,790
67,810
68,69
68,76
68,85
68,110
68,116
68,136
68,137
68,140
68,180
68,183
68,235
68,268
68,270
68,271
68,272
68,273
68,342
68,364
68,444
68,462
68,476
68,478
68,479
68,480
68,489
68,491
68,497
68,500
68,503
68,504
68,512
68,518
68,521
68,525
68,530
68,534
68,537
68,556
68,557
68,558
68,559
68,564
68,576
68,599
68,691
68,702
68,703
68,714
68,735
68,738
68,742
68,743
68,758
68,767
68,782
68,785
68,790
68,810
69,76
69,85
69,110
69,121
69,136
69,137
69,139
69,140
69,149
69,170
69,175
69,180
69,183
69,186
69,195
69,225
69,231
69,232
69,235
69,246
69,268
69,270
69,271
69,272
69,273
69,274
69,285
69,310
69,342
69,364
69,367
69,374
69,388
69,410
69,453
69,462
69,469
69,476
69,478
69,479
69,480
69,489
69,491
69,494
69,497
69,500
69,503
69,504
69,507
69,512
69,514
69,518
69,521
69,525
69,530
69,532
69,534
69,543
69,544
69,545
69,556
69,557
69,558
69,559
69,563
69,564
69,592
69,599
69,600
69,618
69,624
69,660
69,691
69,702
69,703
69,704
69,705
69,706
69,711
69,712
69,714
69,721
69,735
69,737
69,738
69,739
69,771
69,782
69,785
70,71
70,72
70,82
70,91
70,104
70,108
70,114
70,126
70,127
70,128
70,129
70,132
70,133
70,134
70,138
70,141
70,153
70,157
70,159
70,160
70,166
70,178
70,182
70,191
70,211
70,214
70,218
70,222
70,240
70,241
70,242
70,243
70,289
70,297
70,307
70,322
70,330
70,351
70,354
70,359
70,362
70,368
70,371
70,379
70,381
70,382
70,383
70,384
70,385
70,386
70,396
70,398
70,399
70,400
70,402
70,405
70,415
70,416
70,425
70,442
70,451
70,470
70,473
70,474
70,475
70,477
70,484
70,519
70,555
70,569
70,571
70,582
70,590
70,611
70,616
70,643
70,651
70,663
70,684
70,693
70,694
70,695
70,696
70,700
70,745
70,746
70,750
70,751
70,753
70,776
70,781
70,788
70,797
71,72
71,82
71,90
71,91
71,95
71,98
71,104
71,108
71,114
71,126
71,127
71,128
71,129
71,132
71,133
71,134
71,135
71,138
71,141
71,153
71,157
71,159
71,160
71,166
71,177
71,178
71,179
71,182
71,188
71,191
71,197
71,199
71,209
71,211
71,212
71,214
71,218
71,222
71,223
71,230
71,240
71,241
71,242
71,243
71,250
71,274
71,275
71,289
71,295
71,297
71,302
71,303
71,304
71,307
71,309
71,316
71,322
71,323
71,324
71,327
71,329
71,330
71,344
71,351
71,354
71,359
71,360
71,362
71,368
71,371
71,377
71,379
71,381
71,382
71,383
71,384
71,385
71,386
71,387
71,396
71,398
71,399
71,400
71,402
71,405
71,415
71,416
71,417
71,425
71,436
71,438
71,442
71,451
71,470
71,473
71,474
71,475
71,477
71,484
71,485
71,487
71,519
71,555
71,569
71,571
71,581
71,582
71,590
71,591
71,593
71,611
71,612
71,616
71,643
71,651
71,663
71,684
71,689
71,693
71,694
71,695
71,696
71,697
71,700
71,742
71,745
71,746
71,750
71,751
71,753
71,759
71,767
71,774
71,776
71,781
71,788
71,790
71,797
71,804
71,811
72,82
72,90
72,91
72,95
72,98
72,104
72,108
72,114
72,126
72,127
72,128
72,129
72,132
72,133
72,134
72,135
72,138
72,141
72,153
72,157
72,159
72,160
72,166
72,173
72,177
72,178
72,182
72,188
72,191
72,197
72,199
72,209
72,211
72,212
72,214
72,215
72,218
72,222
72,223
72,230
72,240
72,241
72,242
72,243
72,250
72,263
72,274
72,275
72,289
72,295
72,297
72,302
72,303
72,304
72,307
72,309
72,316
72,322
72,324
72,327
72,329
72,330
72,344
72,351
72,354
72,359
72,360
72,362
72,368
72,371
72,377
72,379
72,381
72,382
72,383
72,384
72,385
72,386
72,391
72,396
72,398
72,399
72,400
72,402
72,405
72,410
72,415
72,416
72,417
72,425
72,436
72,438
72,442
72,451
72,453
72,470
72,473
72,474
72,475
72,477
72,484
72,485
72,487
72,501
72,507
72,511
72,517
72,519
72,555
72,569
72,571
72,581
72,582
72,590
72,591
72,593
72,611
72,612
72,616
72,629
72,643
72,651
72,663
72,684
72,689
72,693
72,694
72,695
72,696
72,697
72,700
72,733
72,742
72,745
72,746
72,750
72,751
72,753
72,759
72,767
72,774
72,776
72,780
72,781
72,788
72,790
72,797
72,804
72,811
75,78
75,80
75,101
75,105
75,151
75,202
75,261
75,287
75,292
75,300
75,332
75,333
75,348
75,357
75,366
75,390
75,437
75,461
75,486
75,488
75,492
75,524
75,618
75,633
75,635
75,656
75,667
75,701
75,720
75,732
75,734
75,740
75,741
75,762
75,799
76,85
76,110
76,136
76,137
76,140
76,183
76,268
76,270
76,271
76,272
76,273
76,342
76,364
76,385
76,462
76,476
76,478
76,479
76,480
76,489
76,491
76,497
76,500
76,503
76,504
76,512
76,518
76,521
76,525
76,532
76,556
76,596
76,599
76,691
76,703
76,711
76,714
76,735
76,737
76,738
76,739
76,767
76,771
76,782
76,785
77,128
77,165
77,178
77,275
77,396
77,399
77,477
77,582
77,596
77,608
77,751
77,786
78,80
78,100
78,101
78,105
78,106
78,117
78,119
78,120
78,124
78,125
78,143
78,151
78,154
78,168
78,176
78,185
78,187
78,202
78,254
78,257
78,261
78,276
78,285
78,287
78,292
78,300
78,320
78,333
78,339
78,341
78,343
78,347
78,348
78,356
78,357
78,366
78,373
78,375
78,389
78,390
78,397
78,404
78,412
78,420
78,421
78,422
78,424
78,428
78,429
78,430
78,431
78,433
78,434
78,435
78,437
78,439
78,461
78,464
78,467
78,472
78,486
78,488
78,490
78,492
78,498
78,505
78,508
78,509
78,524
78,526
78,527
78,589
78,598
78,613
78,618
78,631
78,633
78,635
78,656
78,674
78,690
78,701
78,717
78,720
78,732
78,740
78,741
78,744
78,747
78,762
78,763
78,783
78,794
78,799
79,155
79,317
79,648
80,100
80,101
80,105
80,117
80,121
80,124
80,143
80,151
80,154
80,176
80,187
80,202
80,261
80,276
80,287
80,292
80,300
80,333
80,348
80,357
80,366
80,373
80,375
80,390
80,412
80,420
80,421
80,422
80,424
80,431
80,433
80,435
80,437
80,439
80,461
80,464
80,467
80,486
80,488
80,490
80,492
80,505
80,509
80,524
80,527
80,589
80,598
80,613
80,618
80,633
80,656
80,667
80,690
80,701
80,720
80,732
80,740
80,741
80,744
80,762
80,763
80,794
82,90
82,91
82,95
82,98
82,104
82,108
82,114
82,116
82,126
82,127
82,128
82,129
82,132
82,133
82,134
82,135
82,138
82,141
82,153
82,157
82,159
82,160
82,166
82,177
82,178
82,179
82,182
82,188
82,191
82,199
82,209
82,211
82,212
82,214
82,215
82,218
82,222
82,223
82,230
82,240
82,241
82,242
82,243
82,250
82,263
82,274
82,275
82,289
82,295
82,297
82,303
82,304
82,307
82,309
82,315
82,316
82,322
82,324
82,327
82,329
82,330
82,331
82,344
82,351
82,354
82,359
82,360
82,362
82,368
82,371
82,377
82,379
82,381
82,382
82,383
82,384
82,385
82,386
82,387
82,391
82,396
82,398
82,399
82,400
82,402
82,405
82,410
82,415
82,416
82,417
82,436
82,438
82,442
82,444
82,451
82,453
82,470
82,473
82,474
82,475
82,477
82,482
82,484
82,485
82,487
82,496
82,501
82,507
82,511
82,517
82,519
82,555
82,556
82,569
82,581
82,582
82,590
82,591
82,593
82,596
82,611
82,612
82,616
82,643
82,651
82,663
82,684
82,689
82,693
82,694
82,696
82,697
82,700
82,733
82,742
82,745
82,746
82,750
82,751
82,753
82,759
82,767
82,774
82,776
82,781
82,786
82,790
82,797
82,804
82,811
83,102
83,260
83,311
83,457
83,546
85,92
85,103
85,136
85,137
85,140
85,175
85,180
85,183
85,225
85,228
85,231
85,232
85,235
85,268
85,270
85,271
85,272
85,273
85,286
85,294
85,334
85,340
85,342
85,346
85,352
85,364
85,441
85,444
85,445
85,449
85,450
85,454
85,462
85,476
85,478
85,479
85,480
85,489
85,491
85,497
85,500
85,503
85,504
85,512
85,515
85,518
85,521
85,525
85,530
85,532
85,534
85,537
85,547
85,556
85,557
85,558
85,559
85,563
85,564
85,570
85,573
85,574
85,575
85,599
85,617
85,623
85,624
85,625
85,641
85,691
85,692
85,702
85,703
85,704
85,705
85,711
85,713
85,714
85,721
85,735
85,738
85,739
85,742
85,743
85,767
85,768
85,771
85,782
85,785
85,790
85,795
85,809
85,810
88,184
90,91
90,95
90,97
90,104
90,108
90,126
90,127
90,128
90,129
90,132
90,133
90,134
90,138
90,139
90,141
90,153
90,159
90,160
90,166
90,170
90,173
90,179
90,182
90,191
90,199
90,214
90,218
90,222
90,223
90,240
90,241
90,242
90,243
90,250
90,263
90,274
90,289
90,297
90,302
90,303
90,310
90,322
90,324
90,337
90,344
90,351
90,354
90,360
90,362
90,367
90,368
90,371
90,374
90,379
90,381
90,382
90,384
90,385
90,386
90,388
90,398
90,399
90,400
90,402
90,405
90,409
90,410
90,415
90,416
90,417
90,442
90,451
90,453
90,469
90,470
90,473
90,474
90,475
90,484
90,485
90,487
90,494
90,501
90,507
90,514
90,517
90,555
90,569
90,581
90,582
90,590
90,591
90,592
90,593
90,595
90,600
90,611
90,612
90,616
90,643
90,651
90,663
90,669
90,684
90,694
90,696
90,737
90,738
90,745
90,750
90,751
90,753
90,759
90,774
90,776
90,781
90,797
91,95
91,98
91,104
91,108
91,114
91,126
91,127
91,128
91,129
91,132
91,133
91,134
91,135
91,138
91,141
91,153
91,157
91,159
91,160
91,166
91,177
91,178
91,179
91,182
91,188
91,191
91,199
91,209
91,211
91,212
91,214
91,215
91,218
91,222
91,240
91,241
91,242
91,243
91,250
91,259
91,263
91,274
91,275
91,289
91,295
91,297
91,303
91,304
91,307
91,309
91,311
91,316
91,322
91,323
91,327
91,329
91,330
91,351
91,354
91,359
91,360
91,362
91,368
91,371
91,377
91,379
91,381
91,382
91,383
91,384
91,385
91,386
91,396
91,398
91,399
91,400
91,402
91,405
91,410
91,415
91,416
91,417
91,425
91,436
91,438
91,442
91,451
91,453
91,470
91,473
91,474
91,475
91,477
91,484
91,485
91,487
91,501
91,507
91,517
91,519
91,555
91,569
91,581
91,582
91,590
91,591
91,593
91,596
91,611
91,612
91,616
91,629
91,643
91,651
91,663
91,684
91,693
91,694
91,696
91,697
91,700
91,737
91,745
91,746
91,750
91,751
91,753
91,759
91,774
91,776
91,781
91,786
91,788
91,797
91,804
91,811
92,103
92,175
92,180
92,183
92,225
92,228
92,232
92,235
92,273
92,286
92,294
92,326
92,334
92,335
92,340
92,342
92,346
92,352
92,364
92,441
92,445
92,446
92,447
92,448
92,449
92,450
92,454
92,476
92,479
92,491
92,497
92,504
92,515
92,520
92,530
92,532
92,534
92,545
92,547
92,557
92,558
92,559
92,563
92,564
92,570
92,573
92,574
92,575
92,576
92,617
92,623
92,624
92,625
92,641
92,692
92,702
92,703
92,704
92,705
92,711
92,714
92,721
92,739
92,768
92,795
94,128
94,582
94,769
95,104
95,108
95,114
95,126
95,127
95,128
95,129
95,132
95,133
95,134
95,138
95,141
95,153
95,159
95,160
95,166
95,170
95,177
95,178
95,179
95,182
95,188
95,191
95,199
95,211
95,218
95,222
95,223
95,240
95,241
95,242
95,243
95,250
95,274
95,289
95,295
95,297
95,302
95,303
95,304
95,316
95,322
95,344
95,351
95,354
95,360
95,368
95,379
95,381
95,382
95,384
95,385
95,386
95,387
95,396
95,398
95,399
95,400
95,402
95,405
95,410
95,415
95,416
95,417
95,438
95,442
95,451
95,453
95,470
95,473
95,474
95,475
95,477
95,484
95,485
95,487
95,507
95,514
95,555
95,569
95,581
95,582
95,590
95,591
95,592
95,593
95,596
95,604
95,611
95,612
95,616
95,643
95,651
95,663
95,669
95,684
95,693
95,694
95,737
95,745
95,746
95,750
95,751
95,753
95,774
95,776
95,781
95,797
97,121
97,122
97,139
97,149
97,160
97,170
97,186
97,195
97,246
97,274
97,285
97,302
97,310
97,322
97,337
97,363
97,367
97,374
97,410
97,453
97,469
97,494
97,507
97,514
97,541
97,543
97,544
97,577
97,582
97,593
97,600
97,605
97,633
97,660
97,669
97,698
97,699
97,706
97,712
97,716
97,755
97,756
97,760
97,776
98,104
98,108
98,114
98,116
98,126
98,127
98,128
98,129
98,132
98,133
98,134
98,138
98,141
98,153
98,157
98,159
98,166
98,191
98,197
98,199
98,209
98,211
98,214
98,215
98,218
98,222
98,230
98,240
98,241
98,242
98,243
98,263
98,289
98,297
98,304
98,307
98,316
98,327
98,329
98,330
98,351
98,354
98,359
98,362
98,368
98,371
98,377
98,378
98,379
98,381
98,382
98,383
98,384
98,386
98,396
98,398
98,399
98,400
98,402
98,405
98,415
98,416
98,417
98,436
98,438
98,442
98,451
98,470
98,473
98,474
98,475
98,477
98,482
98,484
98,485
98,496
98,511
98,517
98,519
98,555
98,569
98,571
98,590
98,611
98,612
98,616
98,643
98,651
98,663
98,684
98,693
98,694
98,696
98,697
98,700
98,733
98,745
98,746
98,750
98,751
98,753
98,759
98,780
98,781
98,788
98,790
98,797
98,804
98,807
98,811
98,815
99,123
99,128
99,295
99,361
99,493
99,494
99,495
99,596
100,101
100,105
100,106
100,117
100,119
100,120
100,121
100,122
100,124
100,125
100,154
100,168
100,176
100,185
100,187
100,208
100,254
100,255
100,257
100,261
100,276
100,277
100,285
100,292
100,320
100,341
100,343
100,347
100,356
100,365
100,366
100,373
100,375
100,397
100,404
100,408
100,412
100,420
100,421
100,422
100,424
100,426
100,428
100,429
100,430
100,431
100,433
100,434
100,435
100,439
100,461
100,464
100,467
100,472
100,488
100,490
100,492
100,498
100,505
100,508
100,509
100,524
100,526
100,527
100,589
100,598
100,613
100,628
100,631
100,632
100,667
100,690
100,717
100,720
100,744
100,747
100,762
100,763
100,783
100,792
100,794
100,800
100,801
101,105
101,106
101,119
101,124
101,143
101,151
101,154
101,187
101,202
101,261
101,276
101,287
101,292
101,300
101,320
101,333
101,339
101,348
101,357
101,366
101,373
101,375
101,389
101,390
101,404
101,437
101,439
101,461
101,464
101,467
101,472
101,486
101,488
101,490
101,492
101,498
101,505
101,524
101,527
101,598
101,618
101,633
101,635
101,656
101,667
101,674
101,701
101,720
101,732
101,740
101,741
101,744
101,794
101,799
102,237
102,775
102,788
103,175
103,180
103,183
103,225
103,228
103,231
103,232
103,235
103,271
103,273
103,286
103,294
103,334
103,340
103,342
103,346
103,352
103,364
103,441
103,445
103,447
103,449
103,450
103,454
103,476
103,479
103,489
103,491
103,497
103,503
103,512
103,515
103,518
103,520
103,530
103,532
103,534
103,537
103,545
103,557
103,558
103,559
103,563
103,564
103,570
103,573
103,574
103,575
103,576
103,617
103,623
103,624
103,625
103,641
103,702
103,703
103,704
103,705
103,711
103,714
103,721
103,739
103,768
103,771
103,795
104,108
104,114
104,116
104,126
104,127
104,128
104,129
104,132
104,133
104,134
104,135
104,138
104,141
104,153
104,157
104,159
104,160
104,166
104,177
104,182
104,188
104,191
104,197
104,199
104,209
104,211
104,212
104,214
104,218
104,222
104,230
104,240
104,241
104,242
104,243
104,263
104,275
104,289
104,295
104,297
104,303
104,304
104,307
104,316
104,322
104,327
104,329
104,330
104,351
104,354
104,359
104,360
104,362
104,368
104,371
104,377
104,378
104,379
104,381
104,382
104,383
104,384
104,385
104,386
104,392
104,396
104,398
104,399
104,400
104,402
104,405
104,415
104,416
104,417
104,425
104,436
104,438
104,442
104,451
104,470
104,473
104,474
104,475
104,477
104,482
104,484
104,485
104,487
104,496
104,511
104,517
104,519
104,555
104,569
104,581
104,582
104,590
104,591
104,593
104,611
104,612
104,616
104,643
104,651
104,663
104,684
104,689
104,693
104,694
104,696
104,697
104,700
104,742
104,745
104,746
104,750
104,751
104,753
104,759
104,767
104,776
104,781
104,790
104,797
104,804
104,811
104,815
105,106
105,117
105,119
105,124
105,125
105,143
105,151
105,154
105,176
105,187
105,202
105,261
105,276
105,287
105,292
105,300
105,320
105,332
105,333
105,339
105,343
105,348
105,356
105,357
105,366
105,373
105,375
105,389
105,390
105,404
105,420
105,422
105,429
105,430
105,431
105,434
105,437
105,439
105,461
105,464
105,467
105,472
105,486
105,488
105,490
105,492
105,498
105,505
105,508
105,524
105,527
105,589
105,598
105,618
105,633
105,635
105,656
105,674
105,701
105,717
105,720
105,732
105,740
105,741
105,744
105,762
105,763
105,794
105,799
106,117
106,119
106,120
106,121
106,124
106,125
106,154
106,168
106,176
106,185
106,187
106,208
106,254
106,255
106,257
106,261
106,276
106,285
106,292
106,320
106,341
106,343
106,347
106,356
106,365
106,366
106,373
106,375
106,397
106,404
106,412
106,420
106,421
106,422
106,424
106,426
106,428
106,429
106,430
106,431
106,433
106,434
106,435
106,439
106,461
106,464
106,467
106,472
106,486
106,488
106,490
106,492
106,498
106,505
106,508
106,509
106,524
106,526
106,527
106,589
106,598
106,613
106,628
106,631
106,632
106,690
106,717
106,720
106,744
106,747
106,762
106,763
106,783
106,794
106,800
106,801
108,114
108,116
108,126
108,127
108,128
108,129
108,132
108,133
108,134
108,135
108,138
108,141
108,153
108,157
108,159
108,160
108,166
108,173
108,177
108,182
108,188
108,191
108,197
108,199
108,209
108,211
108,212
108,214
108,218
108,222
108,223
108,230
108,240
108,241
108,242
108,243
108,263
108,289
108,297
108,304
108,307
108,316
108,322
108,324
108,327
108,329
108,330
108,351
108,354
108,359
108,362
108,368
108,371
108,377
108,378
108,379
108,381
108,382
108,383
108,384
108,385
108,386
108,392
108,396
108,398
108,399
108,400
108,402
108,405
108,415
108,416
108,417
108,425
108,436
108,438
108,442
108,451
108,470
108,473
108,474
108,475
108,477
108,482
108,484
108,485
108,487
108,511
108,517
108,519
108,555
108,569
108,571
108,581
108,582
108,590
108,591
108,593
108,611
108,612
108,616
108,643
108,651
108,663
108,684
108,689
108,693
108,694
108,696
108,697
108,700
108,733
108,745
108,746
108,750
108,751
108,753
108,759
108,776
108,780
108,781
108,788
108,797
108,804
108,807
108,811
108,815
110,136
110,137
110,140
110,183
110,268
110,270
110,271
110,272
110,273
110,342
110,364
110,462
110,476
110,478
110,479
110,480
110,489
110,491
110,497
110,500
110,503
110,504
110,512
110,518
110,521
110,525
110,530
110,556
110,564
110,599
110,691
110,714
110,735
110,737
110,738
110,758
110,767
110,771
110,782
110,785
110,790
114,116
114,126
114,127
114,128
114,129
114,132
114,133
114,134
114,135
114,138
114,141
114,153
114,157
114,159
114,166
114,173
114,177
114,182
114,188
114,191
114,197
114,199
114,209
114,211
114,212
114,214
114,215
114,218
114,222
114,230
114,240
114,241
114,242
114,243
114,263
114,289
114,297
114,303
114,304
114,307
114,309
114,316
114,322
114,327
114,329
114,330
114,351
114,354
114,359
114,362
114,368
114,371
114,377
114,378
114,379
114,381
114,382
114,383
114,384
114,385
114,386
114,392
114,396
114,398
114,399
114,400
114,402
114,405
114,415
114,416
114,417
114,436
114,438
114,442
114,451
114,470
114,473
114,474
114,475
114,477
114,482
114,484
114,485
114,487
114,496
114,511
114,517
114,519
114,555
114,569
114,571
114,582
114,590
114,611
114,616
114,643
114,651
114,663
114,684
114,689
114,693
114,694
114,696
114,697
114,733
114,745
114,746
114,750
114,751
114,753
114,759
114,776
114,780
114,781
114,788
114,797
114,804
114,807
114,811
114,815
115,463
115,516
115,529
116,126
116,127
116,129
116,134
116,199
116,204
116,214
116,218
116,240
116,241
116,242
116,270
116,271
116,293
116,316
116,326
116,335
116,354
116,358
116,359
116,368
116,379
116,381
116,382
116,383
116,386
116,398
116,400
116,402
116,405
116,415
116,416
116,417
116,436
116,438
116,442
116,443
116,444
116,445
116,446
116,447
116,448
116,449
116,450
116,475
116,476
116,480
116,485
116,487
116,489
116,496
116,503
116,504
116,511
116,518
116,521
116,525
116,556
116,616
116,641
116,651
116,663
116,686
116,691
116,692
116,693
116,694
116,696
116,697
116,742
116,743
116,745
116,746
116,751
116,753
116,767
116,790
116,797
116,807
116,809
116,810
117,119
117,120
117,121
117,122
117,124
117,125
117,151
117,154
117,168
117,176
117,185
117,187
117,208
117,254
117,255
117,257
117,261
117,276
117,277
117,285
117,292
117,300
117,320
117,341
117,343
117,347
117,348
117,356
117,365
117,366
117,373
117,375
117,397
117,404
117,412
117,413
117,420
117,421
117,422
117,424
117,426
117,428
117,429
117,430
117,431
117,433
117,434
117,435
117,437
117,439
117,461
117,464
117,467
117,472
117,488
117,490
117,492
117,498
117,505
117,508
117,509
117,524
117,526
117,527
117,589
117,598
117,613
117,628
117,631
117,667
117,690
117,717
117,720
117,744
117,747
117,762
117,763
117,783
117,792
117,794
117,800
117,801
119,120
119,124
119,125
119,151
119,154
119,168
119,176
119,185
119,187
119,208
119,254
119,257
119,261
119,276
119,292
119,320
119,341
119,343
119,347
119,356
119,365
119,366
119,373
119,375
119,397
119,404
119,412
119,420
119,421
119,422
119,424
119,426
119,428
119,429
119,430
119,431
119,433
119,434
119,435
119,439
119,461
119,464
119,467
119,472
119,486
119,488
119,490
119,492
119,498
119,505
119,508
119,509
119,524
119,526
119,527
119,589
119,598
119,613
119,628
119,631
119,632
119,667
119,690
119,717
119,720
119,744
119,747
119,762
119,763
119,783
119,792
119,794
119,800
119,801
120,124
120,125
120,151
120,154
120,176
120,185
120,187
120,254
120,255
120,257
120,261
120,276
120,320
120,343
120,347
120,356
120,366
120,373
120,375
120,397
120,404
120,412
120,420
120,421
120,422
120,424
120,426
120,428
120,429
120,430
120,431
120,433
120,434
120,435
120,439
120,461
120,464
120,467
120,471
120,472
120,490
120,498
120,505
120,508
120,509
120,524
120,526
120,527
120,589
120,598
120,613
120,631
120,632
120,690
120,701
120,717
120,744
120,762
120,763
120,783
120,794
120,800
121,122
121,124
121,125
121,139
121,143
121,148
121,149
121,154
121,170
121,175
121,176
121,185
121,186
121,187
121,195
121,231
121,234
121,246
121,254
121,255
121,257
121,274
121,276
121,285
121,291
121,310
121,332
121,341
121,363
121,365
121,366
121,367
121,373
121,374
121,375
121,388
121,389
121,390
121,397
121,404
121,412
121,420
121,421
121,422
121,424
121,426
121,428
121,431
121,433
121,435
121,439
121,453
121,461
121,464
121,467
121,469
121,472
121,490
121,494
121,505
121,507
121,509
121,523
121,526
121,527
121,541
121,543
121,544
121,589
121,598
121,600
121,613
121,618
121,631
121,633
121,635
121,660
121,669
121,690
121,705
121,706
121,712
121,716
121,720
121,744
121,762
121,763
121,794
122,139
122,149
122,154
122,175
122,176
122,186
122,187
122,195
122,234
122,246
122,254
122,257
122,276
122,285
122,291
122,300
122,302
122,310
122,332
122,341
122,363
122,365
122,366
122,367
122,373
122,374
122,375
122,388
122,389
122,390
122,397
122,420
122,426
122,435
122,461
122,464
122,467
122,469
122,472
122,490
122,494
122,507
122,509
122,514
122,523
122,526
122,527
122,543
122,544
122,589
122,598
122,600
122,613
122,618
122,628
122,633
122,635
122,660
122,669
122,705
122,706
122,711
122,712
122,744
122,762
123,177
123,216
123,295
123,297
123,315
123,344
123,360
123,361
123,387
123,391
123,442
123,473
123,493
123,494
123,495
123,643
124,125
124,151
124,154
124,168
124,176
124,185
124,187
124,208
124,254
124,255
124,257
124,261
124,276
124,277
124,285
124,287
124,292
124,300
124,320
124,341
124,343
124,347
124,348
124,356
124,365
124,366
124,373
124,375
124,397
124,404
124,412
124,420
124,421
124,422
124,424
124,426
124,428
124,429
124,430
124,431
124,433
124,434
124,435
124,439
124,461
124,464
124,467
124,472
124,486
124,488
124,490
124,492
124,498
124,505
124,508
124,509
124,524
124,526
124,527
124,589
124,598
124,613
124,628
124,631
124,656
124,690
124,701
124,717
124,720
124,732
124,740
124,744
124,747
124,762
124,763
124,783
124,794
124,800
124,801
125,154
125,168
125,176
125,185
125,187
125,208
125,254
125,255
125,257
125,261
125,276
125,277
125,292
125,320
125,341
125,343
125,347
125,356
125,365
125,366
125,373
125,375
125,397
125,404
125,412
125,420
125,421
125,422
125,424
125,426
125,428
125,429
125,430
125,431
125,433
125,434
125,435
125,439
125,461
125,464
125,467
125,472
125,490
125,498
125,505
125,508
125,509
125,524
125,526
125,527
125,589
125,598
125,613
125,628
125,631
125,667
125,690
125,717
125,720
125,744
125,747
125,762
125,763
125,783
125,794
125,800
125,801
126,127
126,128
126,129
126,132
126,133
126,134
126,135
126,138
126,141
126,153
126,157
126,159
126,160
126,166
126,177
126,178
126,182
126,188
126,191
126,197
126,199
126,209
126,211
126,212
126,214
126,215
126,216
126,218
126,222
126,223
126,230
126,240
126,241
126,242
126,243
126,250
126,263
126,274
126,275
126,289
126,295
126,297
126,304
126,307
126,315
126,316
126,322
126,327
126,329
126,330
126,351
126,354
126,359
126,360
126,362
126,368
126,371
126,377
126,379
126,381
126,382
126,383
126,384
126,385
126,386
126,396
126,398
126,399
126,400
126,402
126,405
126,410
126,415
126,416
126,417
126,425
126,436
126,438
126,442
126,444
126,451
126,453
126,470
126,473
126,474
126,475
126,477
126,484
126,485
126,487
126,496
126,501
126,507
126,511
126,517
126,519
126,555
126,569
126,581
126,582
126,590
126,591
126,593
126,596
126,611
126,612
126,616
126,643
126,651
126,663
126,684
126,689
126,693
126,694
126,696
126,697
126,745
126,746
126,750
126,751
126,753
126,759
126,776
126,781
126,790
126,797
126,804
126,807
126,811
126,815
127,128
127,129
127,132
127,133
127,134
127,135
127,138
127,141
127,153
127,157
127,159
127,160
127,165
127,166
127,177
127,178
127,182
127,188
127,191
127,197
127,199
127,209
127,211
127,212
127,214
127,215
127,218
127,222
127,230
127,240
127,241
127,242
127,243
127,250
127,251
127,259
127,263
127,274
127,275
127,289
127,295
127,297
127,302
127,303
127,304
127,307
127,309
127,316
127,322
127,327
127,329
127,330
127,331
127,351
127,354
127,359
127,360
127,362
127,368
127,371
127,377
127,379
127,381
127,382
127,383
127,384
127,385
127,386
127,387
127,396
127,398
127,399
127,400
127,402
127,405
127,415
127,416
127,417
127,436
127,438
127,442
127,451
127,453
127,470
127,473
127,474
127,475
127,477
127,484
127,485
127,487
127,495
127,507
127,511
127,517
127,519
127,555
127,569
127,578
127,582
127,590
127,591
127,593
127,596
127,611
127,612
127,616
127,643
127,651
127,663
127,684
127,689
127,693
127,694
127,696
127,697
127,745
127,746
127,750
127,751
127,753
127,759
127,774
127,776
127,781
127,797
127,804
127,807
127,811
128,129
128,132
128,133
128,134
128,135
128,138
128,141
128,153
128,157
128,159
128,160
128,166
128,177
128,178
128,179
128,182
128,188
128,191
128,199
128,209
128,211
128,212
128,214
128,218
128,222
128,240
128,241
128,242
128,243
128,250
128,274
128,275
128,289
128,295
128,297
128,302
128,303
128,304
128,307
128,309
128,316
128,322
128,324
128,327
128,329
128,330
128,351
128,354
128,359
128,360
128,362
128,368
128,371
128,377
128,379
128,381
128,382
128,383
128,384
128,385
128,386
128,387
128,391
128,396
128,398
128,399
128,400
128,402
128,405
128,410
128,415
128,416
128,417
128,436
128,438
128,442
128,444
128,451
128,453
128,470
128,473
128,474
128,475
128,477
128,482
128,484
128,485
128,487
128,507
128,511
128,517
128,519
128,555
128,569
128,582
128,590
128,591
128,593
128,596
128,608
128,611
128,612
128,616
128,643
128,651
128,663
128,684
128,689
128,693
128,694
128,696
128,697
128,742
128,745
128,746
128,750
128,751
128,753
128,759
128,767
128,776
128,781
128,786
128,788
128,790
128,797
128,804
128,811
129,132
129,133
129,134
129,135
129,138
129,141
129,153
129,157
129,159
129,160
129,164
129,166
129,177
129,178
129,179
129,182
129,188
129,191
129,197
129,199
129,209
129,211
129,212
129,214
129,215
129,216
129,218
129,222
129,223
129,230
129,240
129,241
129,242
129,243
129,250
129,263
129,274
129,275
129,289
129,295
129,297
129,303
129,304
129,307
129,309
129,315
129,316
129,322
129,327
129,329
129,330
129,331
129,344
129,351
129,354
129,359
129,360
129,362
129,368
129,371
129,377
129,379
129,381
129,382
129,383
129,384
129,385
129,386
129,387
129,391
129,396
129,398
129,399
129,400
129,402
129,405
129,410
129,415
129,416
129,417
129,436
129,438
129,442
129,444
129,451
129,453
129,470
129,473
129,474
129,475
129,477
129,482
129,484
129,485
129,487
129,496
129,501
129,507
129,511
129,517
129,519
129,555
129,569
129,581
129,582
129,590
129,591
129,593
129,596
129,611
129,612
129,616
129,643
129,651
129,663
129,684
129,689
129,693
129,694
129,696
129,697
129,700
129,713
129,742
129,745
129,746
129,750
129,751
129,753
129,759
129,767
129,774
129,776
129,781
129,790
129,797
129,804
129,807
129,811
129,815
131,329
131,663
131,805
131,807
131,808
131,816
132,133
132,134
132,135
132,138
132,141
132,153
132,159
132,160
132,166
132,177
132,182
132,188
132,191
132,209
132,211
132,218
132,222
132,240
132,241
132,242
132,243
132,274
132,289
132,297
132,307
132,322
132,324
132,327
132,329
132,330
132,351
132,354
132,359
132,362
132,368
132,379
132,381
132,382
132,383
132,384
132,385
132,386
132,396
132,398
132,399
132,400
132,402
132,405
132,415
132,416
132,417
132,425
132,442
132,451
132,453
132,470
132,473
132,474
132,475
132,477
132,484
132,519
132,555
132,569
132,582
132,590
132,591
132,593
132,611
132,612
132,616
132,643
132,651
132,663
132,684
132,693
132,694
132,696
132,697
132,745
132,746
132,750
132,751
132,753
132,759
132,781
132,797
133,134
133,135
133,138
133,141
133,153
133,159
133,160
133,166
133,177
133,182
133,188
133,191
133,199
133,214
133,218
133,222
133,223
133,240
133,241
133,242
133,243
133,250
133,251
133,263
133,274
133,289
133,295
133,297
133,303
133,307
133,322
133,327
133,351
133,354
133,359
133,360
133,368
133,377
133,379
133,381
133,382
133,383
133,384
133,385
133,386
133,391
133,396
133,398
133,399
133,400
133,402
133,405
133,410
133,415
133,416
133,417
133,438
133,442
133,444
133,451
133,453
133,470
133,473
133,474
133,475
133,477
133,484
133,485
133,487
133,501
133,511
133,519
133,555
133,569
133,582
133,590
133,593
133,611
133,612
133,616
133,643
133,651
133,663
133,684
133,693
133,694
133,696
133,697
133,745
133,746
133,750
133,751
133,753
133,759
133,776
133,781
133,797
133,811
134,135
134,138
134,141
134,153
134,157
134,159
134,160
134,166
134,173
134,177
134,178
134,179
134,182
134,188
134,191
134,197
134,199
134,209
134,211
134,212
134,214
134,215
134,218
134,222
134,223
134,230
134,240
134,241
134,242
134,243
134,250
134,263
134,274
134,275
134,289
134,295
134,297
134,303
134,304
134,307
134,309
134,315
134,316
134,322
134,327
134,329
134,330
134,331
134,344
134,351
134,354
134,359
134,360
134,362
134,368
134,371
134,377
134,379
134,381
134,382
134,383
134,384
134,385
134,386
134,387
134,391
134,396
134,398
134,399
134,400
134,402
134,405
134,415
134,416
134,417
134,425
134,436
134,438
134,442
134,451
134,453
134,470
134,473
134,474
134,475
134,477
134,482
134,484
134,485
134,487
134,496
134,501
134,511
134,517
134,519
134,555
134,569
134,571
134,581
134,582
134,590
134,591
134,593
134,596
134,611
134,612
134,616
134,643
134,651
134,663
134,684
134,689
134,693
134,694
134,696
134,697
134,700
134,733
134,745
134,746
134,750
134,751
134,753
134,759
134,774
134,776
134,780
134,781
134,790
134,797
134,804
134,805
134,807
134,811
134,815
135,138
135,141
135,153
135,159
135,160
135,165
135,166
135,177
135,178
135,182
135,191
135,197
135,209
135,211
135,212
135,218
135,222
135,240
135,241
135,242
135,243
135,275
135,289
135,295
135,297
135,304
135,307
135,323
135,351
135,354
135,360
135,379
135,381
135,382
135,384
135,385
135,386
135,396
135,398
135,399
135,400
135,402
135,405
135,415
135,416
135,417
135,442
135,451
135,470
135,473
135,474
135,475
135,477
135,484
135,487
135,501
135,519
135,555
135,569
135,582
135,590
135,591
135,593
135,611
135,612
135,616
135,643
135,651
135,663
135,684
135,693
135,694
135,697
135,700
135,745
135,746
135,750
135,751
135,753
135,781
135,797
135,804
136,137
136,140
136,175
136,180
136,183
136,235
136,259
136,268
136,270
136,271
136,272
136,273
136,342
136,364
136,444
136,462
136,476
136,478
136,479
136,480
136,489
136,491
136,497
136,500
136,503
136,504
136,512
136,518
136,521
136,525
136,530
136,532
136,545
136,556
136,557
136,558
136,559
136,563
136,564
136,592
136,596
136,599
136,604
136,691
136,702
136,703
136,704
136,705
136,714
136,721
136,735
136,737
136,738
136,739
136,742
136,743
136,758
136,767
136,771
136,782
136,785
136,790
136,810
137,140
137,180
137,183
137,225
137,235
137,268
137,270
137,271
137,272
137,273
137,352
137,364
137,444
137,462
137,476
137,478
137,479
137,480
137,489
137,491
137,497
137,500
137,503
137,504
137,512
137,518
137,521
137,525
137,556
137,558
137,559
137,599
137,691
137,702
137,703
137,704
137,705
137,721
137,735
137,738
137,739
137,742
137,743
137,758
137,767
137,771
137,782
137,785
137,790
138,141
138,153
138,157
138,159
138,160
138,166
138,177
138,178
138,182
138,188
138,191
138,197
138,199
138,209
138,211
138,212
138,214
138,215
138,218
138,222
138,223
138,230
138,240
138,241
138,242
138,243
138,250
138,274
138,275
138,289
138,295
138,297
138,302
138,303
138,304
138,307
138,309
138,315
138,316
138,322
138,324
138,327
138,329
138,330
138,351
138,354
138,359
138,360
138,362
138,368
138,371
138,377
138,379
138,381
138,382
138,383
138,384
138,385
138,386
138,396
138,398
138,399
138,400
138,402
138,405
138,415
138,416
138,417
138,425
138,436
138,438
138,442
138,451
138,453
138,470
138,473
138,474
138,475
138,477
138,484
138,485
138,487
138,517
138,519
138,555
138,569
138,571
138,581
138,582
138,590
138,591
138,593
138,596
138,611
138,612
138,616
138,643
138,651
138,663
138,684
138,689
138,693
138,694
138,696
138,697
138,700
138,733
138,742
138,745
138,746
138,750
138,751
138,753
138,759
138,776
138,780
138,781
138,788
138,797
138,804
138,811
139,149
139,160
139,170
139,175
139,186
139,195
139,231
139,234
139,246
139,250
139,274
139,285
139,291
139,302
139,310
139,337
139,363
139,367
139,374
139,388
139,409
139,410
139,453
139,469
139,494
139,507
139,514
139,523
139,541
139,543
139,544
139,545
139,592
139,595
139,600
139,618
139,660
139,669
139,705
139,706
139,707
139,712
139,716
139,738
140,180
140,183
140,235
140,268
140,270
140,271
140,272
140,273
140,342
140,358
140,364
140,444
140,462
140,476
140,478
140,479
140,480
140,489
140,491
140,496
140,497
140,500
140,503
140,504
140,512
140,518
140,521
140,525
140,530
140,532
140,534
140,537
140,556
140,557
140,558
140,559
140,564
140,599
140,691
140,702
140,703
140,704
140,705
140,714
140,721
140,735
140,737
140,738
140,739
140,742
140,743
140,758
140,767
140,771
140,782
140,785
140,790
140,810
141,153
141,157
141,159
141,166
141,177
141,182
141,188
141,191
141,199
141,209
141,211
141,212
141,214
141,218
141,222
141,240
141,241
141,242
141,243
141,250
141,259
141,274
141,275
141,289
141,295
141,297
141,302
141,303
141,304
141,307
141,309
141,316
141,322
141,324
141,327
141,330
141,344
141,351
141,354
141,359
141,360
141,362
141,368
141,371
141,377
141,379
141,381
141,382
141,383
141,384
141,385
141,386
141,396
141,398
141,399
141,400
141,402
141,405
141,415
141,416
141,417
141,425
141,438
141,442
141,451
141,453
141,470
141,473
141,474
141,475
141,477
141,484
141,487
141,495
141,501
141,507
141,519
141,555
141,569
141,582
141,590
141,591
141,593
141,596
141,611
141,612
141,616
141,629
141,643
141,651
141,663
141,684
141,689
141,693
141,694
141,696
141,697
141,700
141,745
141,746
141,750
141,751
141,753
141,759
141,776
141,781
141,786
141,788
141,797
141,804
142,636
143,151
143,195
143,202
143,254
143,257
143,285
143,287
143,292
143,300
143,332
143,333
143,348
143,357
143,389
143,390
143,397
143,437
143,439
143,464
143,469
143,472
143,486
143,488
143,492
143,524
143,527
143,598
143,618
143,633
143,635
143,656
143,674
143,701
143,707
143,720
143,732
143,740
143,741
143,799
147,345
147,408
148,149
148,163
148,186
148,195
148,234
148,257
148,285
148,312
148,365
148,380
148,406
148,543
148,544
148,546
148,635
148,660
149,170
149,175
149,186
149,195
149,231
149,234
149,246
149,274
149,285
149,291
149,302
149,310
149,332
149,363
149,365
149,367
149,374
149,388
149,389
149,406
149,453
149,469
149,494
149,507
149,514
149,523
149,543
149,544
149,545
149,600
149,618
149,660
149,669
149,705
149,706
149,707
149,712
149,716
151,154
151,202
151,254
151,261
151,276
151,287
151,292
151,300
151,333
151,348
151,357
151,366
151,375
151,389
151,390
151,404
151,420
151,430
151,437
151,439
151,461
151,464
151,467
151,472
151,486
151,488
151,490
151,492
151,509
151,524
151,527
151,618
151,633
151,635
151,656
151,667
151,674
151,701
151,717
151,720
151,732
151,740
151,741
151,744
151,762
151,763
151,783
151,799
153,157
153,159
153,160
153,166
153,170
153,177
153,179
153,182
153,191
153,199
153,209
153,211
153,214
153,218
153,222
153,223
153,240
153,241
153,242
153,243
153,250
153,251
153,263
153,274
153,289
153,297
153,302
153,307
153,310
153,322
153,324
153,330
153,344
153,351
153,354
153,359
153,368
153,377
153,379
153,381
153,382
153,384
153,385
153,386
153,387
153,396
153,398
153,399
153,400
153,402
153,405
153,409
153,410
153,415
153,416
153,417
153,425
153,442
153,451
153,453
153,470
153,473
153,474
153,475
153,477
153,484
153,485
153,487
153,501
153,507
153,514
153,519
153,555
153,569
153,581
153,582
153,590
153,591
153,592
153,593
153,595
153,604
153,611
153,612
153,616
153,643
153,651
153,663
153,669
153,684
153,689
153,693
153,694
153,696
153,697
153,745
153,746
153,750
153,751
153,753
153,759
153,774
153,776
153,781
153,797
154,168
154,176
154,185
154,187
154,202
154,208
154,234
154,254
154,257
154,261
154,276
154,285
154,292
154,320
154,333
154,341
154,343
154,347
154,356
154,365
154,366
154,373
154,375
154,397
154,404
154,412
154,420
154,421
154,422
154,424
154,426
154,428
154,429
154,430
154,431
154,433
154,434
154,435
154,437
154,439
154,461
154,464
154,467
154,472
154,490
154,492
154,498
154,505
154,508
154,509
154,524
154,526
154,527
154,589
154,598
154,613
154,628
154,631
154,632
154,656
154,667
154,690
154,701
154,717
154,740
154,744
154,747
154,762
154,763
154,783
154,794
154,800
155,246
155,317
155,543
156,338
156,455
156,465
156,510
156,516
156,529
156,540
157,159
157,160
157,166
157,173
157,182
157,197
157,209
157,211
157,212
157,214
157,215
157,218
157,222
157,230
157,240
157,241
157,242
157,243
157,289
157,297
157,304
157,307
157,324
157,327
157,329
157,330
157,351
157,354
157,359
157,362
157,377
157,378
157,379
157,384
157,386
157,392
157,396
157,398
157,399
157,400
157,402
157,405
157,415
157,416
157,417
157,425
157,436
157,442
157,451
157,470
157,473
157,474
157,475
157,477
157,484
157,517
157,519
157,555
157,569
157,571
157,578
157,582
157,590
157,611
157,616
157,643
157,651
157,663
157,684
157,694
157,695
157,696
157,697
157,700
157,733
157,745
157,746
157,750
157,751
157,753
157,759
157,760
157,780
157,781
157,788
157,797
157,804
159,160
159,166
159,170
159,177
159,179
159,182
159,191
159,197
159,199
159,209
159,211
159,212
159,214
159,218
159,222
159,223
159,230
159,240
159,241
159,242
159,243
159,250
159,251
159,263
159,274
159,289
159,297
159,302
159,304
159,307
159,310
159,322
159,327
159,330
159,344
159,351
159,354
159,359
159,368
159,377
159,379
159,381
159,382
159,383
159,384
159,386
159,387
159,396
159,398
159,399
159,400
159,402
159,405
159,409
159,410
159,415
159,416
159,417
159,442
159,451
159,453
159,470
159,473
159,474
159,475
159,477
159,484
159,485
159,487
159,507
159,514
159,519
159,555
159,569
159,581
159,582
159,590
159,591
159,592
159,593
159,595
159,604
159,611
159,612
159,616
159,643
159,651
159,663
159,669
159,684
159,689
159,693
159,694
159,696
159,697
159,745
159,746
159,749
159,750
159,751
159,753
159,759
159,774
159,776
159,781
159,797
159,804
160,166
160,170
160,173
160,179
160,182
160,191
160,199
160,215
160,223
160,240
160,241
160,242
160,243
160,250
160,251
160,263
160,274
160,289
160,297
160,302
160,304
160,307
160,310
160,322
160,337
160,344
160,351
160,362
160,363
160,368
160,371
160,374
160,381
160,382
160,384
160,385
160,386
160,387
160,388
160,396
160,398
160,399
160,400
160,402
160,405
160,409
160,410
160,415
160,416
160,417
160,442
160,451
160,453
160,470
160,473
160,474
160,475
160,484
160,485
160,487
160,494
160,501
160,507
160,514
160,517
160,555
160,577
160,581
160,582
160,590
160,591
160,592
160,593
160,595
160,600
160,611
160,612
160,616
160,643
160,651
160,663
160,669
160,684
160,693
160,694
160,697
160,700
160,737
160,745
160,750
160,751
160,753
160,759
160,760
160,774
160,776
160,781
160,797
162,258
162,310
162,362
162,395
163,254
163,257
163,380
163,397
164,177
164,216
164,295
164,315
164,360
164,384
164,385
164,391
164,470
164,592
164,596
164,600
164,608
164,781
165,275
165,396
165,398
165,477
165,596
166,177
166,178
166,179
166,182
166,188
166,191
166,197
166,199
166,209
166,211
166,212
166,214
166,218
166,222
166,223
166,240
166,241
166,242
166,243
166,250
166,274
166,275
166,289
166,295
166,297
166,303
166,304
166,307
166,309
166,322
166,324
166,327
166,329
166,330
166,351
166,354
166,359
166,360
166,362
166,368
166,371
166,379
166,381
166,382
166,383
166,384
166,385
166,386
166,387
166,396
166,398
166,399
166,400
166,402
166,405
166,410
166,415
166,416
166,417
166,438
166,442
166,451
166,470
166,473
166,474
166,475
166,477
166,484
166,485
166,487
166,517
166,519
166,555
166,569
166,581
166,582
166,590
166,591
166,593
166,611
166,612
166,616
166,643
166,651
166,663
166,684
166,689
166,693
166,694
166,696
166,697
166,742
166,745
166,746
166,750
166,751
166,753
166,759
166,767
166,774
166,776
166,780
166,781
166,788
166,790
166,797
166,804
166,805
166,811
168,176
168,185
168,187
168,208
168,257
168,261
168,276
168,277
168,320
168,343
168,347
168,356
168,366
168,373
168,375
168,397
168,404
168,420
168,421
168,422
168,424
168,428
168,429
168,431
168,433
168,434
168,435
168,439
168,461
168,464
168,467
168,472
168,490
168,498
168,505
168,509
168,527
168,589
168,598
168,628
168,631
168,632
168,690
168,717
168,744
168,762
168,763
168,792
168,794
170,186
170,195
170,274
170,285
170,302
170,310
170,322
170,337
170,344
170,363
170,367
170,374
170,388
170,409
170,410
170,453
170,469
170,494
170,507
170,544
170,582
170,592
170,596
170,600
170,612
170,660
170,669
170,699
170,706
170,707
170,737
170,774
170,776
171,203
171,226
171,308
171,585
171,652
171,666
171,773
172,187
172,320
172,439
172,459
172,619
173,191
173,197
173,209
173,215
173,230
173,242
173,243
173,250
173,263
173,267
173,289
173,304
173,307
173,324
173,327
173,330
173,337
173,351
173,362
173,371
173,384
173,385
173,392
173,416
173,470
173,473
173,501
173,517
173,519
173,571
173,593
173,595
173,616
173,651
173,684
173,694
173,700
173,733
173,745
173,750
173,751
173,760
173,780
173,788
175,180
175,183
175,186
175,195
175,225
175,228
175,231
175,232
175,234
175,235
175,246
175,272
175,285
175,291
175,294
175,334
175,340
175,342
175,352
175,364
175,367
175,494
175,514
175,523
175,530
175,532
175,534
175,537
175,543
175,544
175,545
175,557
175,558
175,559
175,563
175,564
175,570
175,575
175,600
175,618
175,624
175,625
175,660
175,702
175,703
175,704
175,705
175,706
175,711
175,712
175,714
175,721
175,738
175,739
175,758
175,768
175,771
175,782
176,185
176,187
176,208
176,234
176,254
176,255
176,257
176,261
176,276
176,285
176,292
176,320
176,341
176,343
176,347
176,356
176,365
176,366
176,373
176,375
176,397
176,404
176,412
176,420
176,421
176,422
176,424
176,426
176,428
176,429
176,430
176,431
176,433
176,434
176,435
176,439
176,461
176,464
176,467
176,472
176,488
176,490
176,498
176,505
176,508
176,509
176,524
176,526
176,527
176,589
176,598
176,613
176,628
176,631
176,667
176,690
176,717
176,720
176,744
176,747
176,762
176,763
176,783
176,792
176,794
176,800
176,801
177,178
177,179
177,182
177,188
177,191
177,199
177,214
177,216
177,218
177,222
177,240
177,241
177,242
177,243
177,259
177,275
177,289
177,295
177,297
177,315
177,316
177,322
177,329
177,331
177,344
177,351
177,354
177,360
177,368
177,379
177,381
177,382
177,383
177,384
177,385
177,386
177,387
177,391
177,396
177,398
177,399
177,400
177,402
177,405
177,415
177,416
177,417
177,436
177,438
177,442
177,451
177,470
177,473
177,474
177,475
177,477
177,484
177,485
177,487
177,493
177,495
177,511
177,555
177,569
177,582
177,590
177,591
177,593
177,596
177,611
177,612
177,616
177,643
177,663
177,684
177,693
177,694
177,696
177,713
177,745
177,746
177,750
177,751
177,753
177,774
177,776
177,781
177,786
177,797
177,804
177,811
178,179
178,182
178,188
178,191
178,218
178,222
178,240
178,241
178,242
178,243
178,250
178,259
178,297
178,303
178,311
178,322
178,351
178,354
178,382
178,384
178,385
178,386
178,396
178,398
178,399
178,400
178,402
178,438
178,442
178,470
178,473
178,474
178,477
178,555
178,569
178,582
178,590
178,591
178,596
178,608
178,616
178,643
178,694
178,696
178,745
178,746
178,750
178,751
178,753
178,776
178,781
178,786
178,797
179,182
179,220
179,223
179,240
179,241
179,242
179,243
179,274
179,295
179,297
179,313
179,322
179,344
179,351
179,354
179,360
179,386
179,387
179,391
179,396
179,399
179,400
179,402
179,442
179,470
179,473
179,487
179,581
179,582
179,591
179,592
179,593
179,596
179,604
179,612
179,629
179,738
179,745
179,746
179,751
179,753
179,774
179,776
179,781
179,786
180,183
180,225
180,228
180,231
180,232
180,235
180,268
180,270
180,271
180,272
180,273
180,286
180,294
180,326
180,334
180,340
180,342
180,346
180,352
180,364
180,441
180,445
180,449
180,450
180,454
180,462
180,476
180,478
180,479
180,480
180,489
180,491
180,497
180,500
180,503
180,504
180,512
180,515
180,518
180,521
180,525
180,530
180,532
180,534
180,537
180,547
180,556
180,557
180,558
180,559
180,563
180,564
180,570
180,573
180,574
180,575
180,599
180,617
180,623
180,624
180,625
180,641
180,691
180,692
180,702
180,703
180,704
180,705
180,711
180,714
180,721
180,735
180,738
180,739
180,742
180,767
180,768
180,771
180,782
180,785
180,790
180,795
180,810
182,188
182,191
182,199
182,209
182,211
182,212
182,214
182,215
182,218
182,220
182,222
182,223
182,240
182,241
182,242
182,243
182,250
182,259
182,263
182,274
182,289
182,295
182,297
182,303
182,307
182,316
182,322
182,324
182,351
182,354
182,359
182,360
182,368
182,371
182,377
182,379
182,381
182,382
182,383
182,384
182,385
182,386
182,396
182,398
182,399
182,400
182,402
182,405
182,410
182,415
182,416
182,417
182,425
182,436
182,438
182,442
182,451
182,453
182,470
182,473
182,474
182,475
182,477
182,484
182,485
182,487
182,501
182,507
182,514
182,517
182,519
182,555
182,556
182,569
182,581
182,582
182,590
182,591
182,593
182,596
182,611
182,612
182,616
182,629
182,643
182,651
182,663
182,684
182,693
182,694
182,696
182,697
182,745
182,746
182,750
182,751
182,753
182,759
182,776
182,781
182,786
182,788
182,797
182,804
183,225
183,228
183,231
183,232
183,235
183,268
183,270
183,271
183,272
183,273
183,286
183,294
183,334
183,340
183,342
183,346
183,352
183,364
183,441
183,454
183,462
183,476
183,478
183,479
183,480
183,489
183,491
183,497
183,500
183,503
183,504
183,512
183,515
183,518
183,521
183,525
183,530
183,532
183,534
183,537
183,545
183,547
183,557
183,558
183,559
183,563
183,564
183,570
183,573
183,574
183,575
183,617
183,623
183,624
183,625
183,691
183,702
183,703
183,704
183,705
183,706
183,711
183,714
183,721
183,735
183,738
183,739
183,768
183,771
183,782
183,785
183,795
185,187
185,208
185,254
185,255
185,257
185,261
185,276
185,292
185,299
185,320
185,341
185,343
185,347
185,356
185,365
185,366
185,373
185,375
185,397
185,404
185,412
185,420
185,421
185,422
185,424
185,426
185,428
185,429
185,430
185,431
185,433
185,434
185,435
185,439
185,461
185,464
185,467
185,472
185,490
185,498
185,505
185,508
185,509
185,524
185,526
185,527
185,589
185,598
185,613
185,628
185,631
185,632
185,690
185,701
185,717
185,720
185,744
185,747
185,762
185,763
185,783
185,792
185,794
185,800
185,801
186,195
186,231
186,234
186,246
186,274
186,285
186,291
186,302
186,310
186,332
186,363
186,365
186,367
186,374
186,388
186,389
186,410
186,453
186,469
186,494
186,507
186,514
186,523
186,543
186,544
186,545
186,600
186,618
186,660
186,669
186,705
186,706
186,712
186,716
186,752
187,208
187,254
187,255
187,257
187,261
187,276
187,285
187,292
187,320
187,341
187,343
187,347
187,348
187,356
187,365
187,366
187,373
187,375
187,397
187,404
187,412
187,420
187,421
187,422
187,424
187,426
187,428
187,429
187,430
187,431
187,433
187,434
187,435
187,439
187,461
187,464
187,467
187,472
187,486
187,488
187,490
187,492
187,498
187,505
187,508
187,509
187,524
187,526
187,527
187,589
187,598
187,613
187,628
187,631
187,632
187,635
187,688
187,690
187,717
187,720
187,744
187,747
187,762
187,763
187,783
187,794
187,800
187,801
188,191
188,199
188,214
188,218
188,222
188,240
188,241
188,242
188,243
188,275
188,289
188,295
188,297
188,315
188,322
188,331
188,351
188,354
188,359
188,360
188,368
188,371
188,379
188,381
188,382
188,383
188,384
188,385
188,386
188,396
188,398
188,399
188,400
188,402
188,405
188,415
188,416
188,417
188,436
188,438
188,442
188,451
188,470
188,473
188,474
188,475
188,477
188,484
188,485
188,555
188,569
188,582
188,590
188,611
188,612
188,616
188,643
188,651
188,663
188,684
188,693
188,694
188,696
188,713
188,745
188,746
188,750
188,751
188,753
188,781
188,797
188,804
188,811
191,199
191,209
191,211
191,214
191,215
191,218
191,222
191,223
191,240
191,241
191,242
191,243
191,263
191,289
191,295
191,297
191,307
191,316
191,322
191,327
191,330
191,351
191,354
191,359
191,362
191,368
191,371
191,379
191,381
191,382
191,383
191,384
191,385
191,386
191,396
191,398
191,399
191,400
191,402
191,405
191,410
191,415
191,416
191,417
191,436
191,438
191,442
191,451
191,453
191,470
191,473
191,474
191,475
191,477
191,484
191,485
191,487
191,496
191,501
191,517
191,519
191,555
191,569
191,581
191,582
191,590
191,591
191,593
191,611
191,612
191,616
191,643
191,651
191,663
191,684
191,693
191,694
191,695
191,696
191,697
191,745
191,746
191,750
191,751
191,753
191,759
191,776
191,781
191,797
191,804
191,811
192,227
192,458
192,468
192,585
193,789
194,337
194,418
194,469
194,542
194,594
194,598
194,604
194,654
194,698
194,699
194,755
194,756
194,770
194,772
195,231
195,234
195,246
195,274
195,285
195,291
195,302
195,310
195,341
195,365
195,367
195,374
195,388
195,389
195,410
195,453
195,469
195,494
195,507
195,514
195,523
195,543
195,544
195,600
195,618
195,660
195,669
195,705
195,706
195,712
195,716
197,209
197,211
197,212
197,222
197,230
197,240
197,243
197,289
197,296
197,304
197,307
197,324
197,327
197,330
197,351
197,359
197,362
197,377
197,378
197,379
197,381
197,382
197,383
197,392
197,398
197,402
197,405
197,415
197,416
197,417
197,451
197,470
197,473
197,475
197,519
197,569
197,571
197,578
197,591
197,609
197,643
197,651
197,663
197,693
197,694
197,696
197,697
197,700
197,733
197,745
197,751
197,753
197,760
197,780
197,788
199,214
199,215
199,218
199,240
199,241
199,242
199,243
199,250
199,274
199,297
199,316
199,322
199,326
199,329
199,335
199,351
199,354
199,358
199,359
199,368
199,371
199,379
199,381
199,382
199,383
199,384
199,385
199,386
199,396
199,398
199,399
199,400
199,402
199,405
199,410
199,415
199,416
199,417
199,436
199,438
199,442
199,444
199,445
199,447
199,448
199,449
199,450
199,451
199,453
199,470
199,473
199,474
199,475
199,477
199,482
199,484
199,485
199,487
199,496
199,507
199,511
199,517
199,555
199,556
199,569
199,582
199,590
199,591
199,593
199,611
199,612
199,616
199,641
199,643
199,651
199,663
199,684
199,693
199,694
199,696
199,697
199,737
199,742
199,743
199,745
199,746
199,750
199,751
199,753
199,759
199,767
199,776
199,781
199,790
199,797
199,809
199,810
202,287
202,292
202,300
202,333
202,343
202,348
202,357
202,389
202,390
202,404
202,437
202,464
202,486
202,488
202,492
202,524
202,527
202,618
202,633
202,635
202,656
202,667
202,674
202,701
202,717
202,720
202,732
202,740
202,741
202,744
202,799
203,579
203,666
204,286
204,293
204,326
204,335
204,443
204,445
204,447
204,448
204,449
204,450
204,511
204,641
204,686
204,692
204,742
204,767
204,809
206,207
206,246
206,256
206,291
206,363
206,380
206,388
206,543
206,734
207,312
207,380
208,254
208,257
208,261
208,276
208,320
208,343
208,347
208,356
208,366
208,373
208,375
208,397
208,404
208,412
208,420
208,421
208,422
208,428
208,430
208,431
208,433
208,435
208,439
208,461
208,464
208,467
208,472
208,490
208,498
208,505
208,508
208,509
208,527
208,589
208,598
208,628
208,631
208,690
208,717
208,744
208,762
208,763
208,783
208,792
208,794
209,211
209,214
209,218
209,230
209,240
209,241
209,242
209,243
209,289
209,297
209,304
209,307
209,324
209,327
209,329
209,330
209,351
209,354
209,359
209,362
209,368
209,378
209,379
209,381
209,382
209,383
209,384
209,386
209,392
209,396
209,398
209,399
209,400
209,402
209,405
209,415
209,416
209,417
209,425
209,442
209,451
209,470
209,473
209,474
209,475
209,477
209,484
209,517
209,519
209,555
209,569
209,571
209,578
209,582
209,590
209,609
209,611
209,616
209,643
209,651
209,663
209,689
209,693
209,694
209,695
209,696
209,697
209,700
209,733
209,745
209,746
209,750
209,751
209,753
209,759
209,760
209,780
209,781
209,788
209,797
209,804
211,212
211,218
211,222
211,230
211,240
211,241
211,242
211,243
211,275
211,289
211,297
211,304
211,307
211,316
211,322
211,324
211,327
211,329
211,330
211,351
211,354
211,359
211,378
211,379
211,381
211,382
211,383
211,384
211,385
211,386
211,396
211,398
211,399
211,400
211,402
211,416
211,417
211,425
211,438
211,442
211,451
211,470
211,473
211,474
211,475
211,477
211,484
211,519
211,555
211,569
211,571
211,582
211,590
211,591
211,611
211,616
211,643
211,651
211,663
211,684
211,689
211,693
211,694
211,696
211,697
211,700
211,733
211,745
211,746
211,750
211,751
211,753
211,759
211,781
211,797
211,804
212,218
212,240
212,241
212,242
212,243
212,289
212,297
212,307
212,351
212,379
212,381
212,382
212,383
212,384
212,386
212,396
212,398
212,399
212,400
212,402
212,442
212,451
212,470
212,473
212,475
212,477
212,555
212,569
212,582
212,590
212,611
212,616
212,643
212,651
212,663
212,684
212,689
212,693
212,694
212,697
212,745
212,750
212,751
212,753
212,797
212,804
213,372
213,613
214,215
214,218
214,222
214,230
214,240
214,241
214,242
214,243
214,289
214,297
214,304
214,307
214,309
214,316
214,322
214,327
214,329
214,330
214,351
214,354
214,359
214,362
214,368
214,371
214,377
214,379
214,381
214,382
214,383
214,384
214,385
214,386
214,396
214,398
214,399
214,400
214,402
214,405
214,415
214,416
214,417
214,436
214,438
214,442
214,444
214,451
214,470
214,473
214,474
214,475
214,477
214,482
214,484
214,485
214,487
214,496
214,511
214,517
214,519
214,555
214,569
214,582
214,590
214,611
214,612
214,616
214,643
214,651
214,663
214,684
214,689
214,693
214,694
214,696
214,697
214,700
214,733
214,742
214,745
214,746
214,750
214,751
214,753
214,759
214,767
214,780
214,781
214,790
214,797
214,804
214,805
214,807
214,811
214,815
215,218
215,240
215,241
215,242
215,243
215,263
215,351
215,359
215,362
215,371
215,379
215,384
215,385
215,386
215,398
215,399
215,400
215,402
215,405
215,415
215,416
215,417
215,436
215,442
215,470
215,477
215,482
215,484
215,485
215,487
215,496
215,517
215,593
215,595
215,616
215,684
215,694
215,695
215,696
215,697
215,745
215,750
215,751
215,753
215,760
216,218
216,242
216,275
216,295
216,315
216,323
216,360
216,386
216,387
216,391
216,400
216,402
216,746
216,784
218,222
218,240
218,241
218,242
218,243
218,275
218,289
218,295
218,297
218,307
218,316
218,322
218,323
218,327
218,329
218,330
218,351
218,354
218,359
218,360
218,368
218,371
218,379
218,381
218,382
218,383
218,384
218,385
218,386
218,396
218,398
218,399
218,400
218,402
218,405
218,415
218,416
218,417
218,436
218,438
218,442
218,451
218,453
218,470
218,473
218,474
218,475
218,477
218,482
218,484
218,485
218,487
218,496
218,511
218,517
218,519
218,555
218,569
218,581
218,582
218,590
218,591
218,593
218,596
218,611
218,612
218,616
218,643
218,651
218,663
218,684
218,689
218,693
218,694
218,696
218,697
218,745
218,746
218,750
218,751
218,753
218,759
218,776
218,781
218,797
218,804
218,811
218,815
220,259
220,295
220,596
220,600
220,629
221,531
221,535
221,538
221,566
222,240
222,241
222,242
222,243
222,289
222,297
222,303
222,304
222,307
222,309
222,311
222,316
222,322
222,327
222,329
222,330
222,351
222,354
222,359
222,362
222,368
222,371
222,377
222,378
222,379
222,381
222,382
222,383
222,384
222,385
222,386
222,396
222,398
222,399
222,400
222,402
222,405
222,415
222,416
222,417
222,425
222,436
222,438
222,442
222,451
222,470
222,473
222,474
222,475
222,477
222,484
222,487
222,519
222,555
222,569
222,582
222,590
222,591
222,611
222,612
222,616
222,643
222,651
222,663
222,684
222,693
222,694
222,696
222,697
222,700
222,745
222,746
222,750
222,751
222,753
222,759
222,776
222,780
222,781
222,788
222,797
222,804
222,811
223,240
223,242
223,243
223,289
223,297
223,313
223,322
223,330
223,344
223,351
223,386
223,398
223,400
223,402
223,405
223,416
223,417
223,442
223,451
223,470
223,473
223,474
223,475
223,484
223,501
223,514
223,555
223,581
223,582
223,590
223,591
223,593
223,604
223,612
223,616
223,643
223,651
223,663
223,693
223,694
223,745
223,751
223,753
223,759
223,774
223,776
223,781
223,797
224,236
224,566
225,228
225,231
225,232
225,235
225,271
225,273
225,286
225,294
225,334
225,340
225,342
225,346
225,352
225,364
225,441
225,450
225,454
225,476
225,479
225,489
225,491
225,503
225,512
225,515
225,520
225,525
225,530
225,532
225,534
225,537
225,545
225,557
225,558
225,559
225,563
225,564
225,570
225,573
225,574
225,575
225,576
225,617
225,623
225,624
225,625
225,641
225,702
225,703
225,704
225,705
225,711
225,714
225,721
225,739
225,768
225,771
225,782
225,795
226,585
226,666
226,773
228,231
228,232
228,235
228,268
228,271
228,273
228,286
228,294
228,334
228,340
228,342
228,346
228,352
228,364
228,441
228,447
228,449
228,454
228,479
228,480
228,489
228,491
228,497
228,515
228,520
228,530
228,532
228,534
228,537
228,557
228,558
228,559
228,563
228,564
228,570
228,573
228,574
228,575
228,576
228,617
228,623
228,624
228,625
228,691
228,702
228,703
228,704
228,705
228,711
228,714
228,721
228,739
228,768
228,771
228,795
230,240
230,243
230,289
230,296
230,304
230,307
230,324
230,327
230,330
230,351
230,359
230,362
230,378
230,384
230,386
230,392
230,398
230,400
230,402
230,405
230,415
230,416
230,417
230,425
230,451
230,470
230,473
230,475
230,519
230,571
230,578
230,609
230,616
230,643
230,651
230,663
230,694
230,696
230,697
230,700
230,733
230,745
230,751
230,753
230,759
230,760
230,780
230,781
230,788
230,804
231,232
231,235
231,246
231,285
231,291
231,294
231,334
231,340
231,342
231,352
231,364
231,367
231,374
231,469
231,494
231,523
231,530
231,532
231,534
231,543
231,544
231,545
231,557
231,558
231,559
231,563
231,564
231,570
231,573
231,574
231,575
231,576
231,600
231,617
231,623
231,624
231,625
231,660
231,702
231,703
231,704
231,705
231,706
231,711
231,712
231,714
231,721
231,739
231,768
231,795
232,235
232,271
232,273
232,286
232,294
232,334
232,340
232,342
232,346
232,352
232,364
232,441
232,449
232,450
232,454
232,476
232,479
232,489
232,491
232,497
232,503
232,515
232,520
232,530
232,532
232,534
232,537
232,545
232,557
232,558
232,559
232,563
232,564
232,570
232,573
232,574
232,575
232,576
232,617
232,623
232,624
232,625
232,702
232,703
232,704
232,705
232,711
232,714
232,721
232,739
232,768
232,771
232,795
234,246
234,254
234,257
234,285
234,291
234,332
234,333
234,363
234,365
234,366
234,367
234,374
234,389
234,390
234,406
234,426
234,435
234,457
234,469
234,472
234,494
234,509
234,514
234,523
234,526
234,528
234,543
234,544
234,545
234,598
234,600
234,618
234,626
234,660
234,669
234,705
234,706
234,712
234,717
234,734
234,741
234,752
235,268
235,270
235,271
235,272
235,273
235,286
235,294
235,334
235,340
235,342
235,346
235,352
235,364
235,441
235,454
235,462
235,476
235,478
235,479
235,480
235,489
235,491
235,497
235,500
235,503
235,504
235,512
235,518
235,521
235,525
235,530
235,532
235,534
235,537
235,545
235,556
235,557
235,558
235,559
235,563
235,564
235,570
235,574
235,575
235,617
235,623
235,624
235,625
235,641
235,691
235,692
235,702
235,703
235,704
235,705
235,711
235,714
235,721
235,735
235,738
235,739
235,742
235,768
235,771
235,782
235,785
235,790
235,795
236,380
237,321
237,388
239,308
240,241
240,242
240,243
240,250
240,263
240,274
240,275
240,289
240,295
240,297
240,303
240,304
240,307
240,309
240,315
240,316
240,322
240,324
240,327
240,329
240,330
240,331
240,344
240,351
240,354
240,359
240,360
240,362
240,368
240,371
240,377
240,379
240,381
240,382
240,383
240,384
240,385
240,386
240,387
240,391
240,396
240,398
240,399
240,400
240,402
240,405
240,410
240,415
240,416
240,417
240,425
240,436
240,438
240,442
240,451
240,453
240,470
240,473
240,474
240,475
240,477
240,482
240,484
240,485
240,487
240,496
240,501
240,507
240,511
240,517
240,519
240,555
240,569
240,581
240,582
240,590
240,591
240,593
240,596
240,611
240,612
240,616
240,643
240,651
240,663
240,684
240,689
240,693
240,694
240,696
240,697
240,700
240,742
240,745
240,746
240,750
240,751
240,753
240,759
240,767
240,774
240,776
240,781
240,786
240,788
240,790
240,797
240,804
240,807
240,811
240,815
241,242
241,243
241,250
241,263
241,274
241,275
241,289
241,295
241,297
241,303
241,304
241,307
241,309
241,315
241,316
241,322
241,327
241,329
241,330
241,344
241,351
241,354
241,359
241,360
241,362
241,368
241,371
241,377
241,379
241,381
241,382
241,383
241,384
241,385
241,386
241,387
241,391
241,396
241,398
241,399
241,400
241,402
241,405
241,410
241,415
241,416
241,417
241,425
241,436
241,438
241,442
241,451
241,453
241,470
241,473
241,474
241,475
241,477
241,482
241,484
241,485
241,487
241,496
241,501
241,507
241,511
241,517
241,519
241,555
241,569
241,581
241,582
241,590
241,591
241,593
241,596
241,611
241,612
241,616
241,643
241,651
241,663
241,684
241,689
241,693
241,694
241,696
241,697
241,700
241,745
241,746
241,750
241,751
241,753
241,759
241,767
241,774
241,776
241,781
241,790
241,797
241,804
241,811
242,243
242,250
242,263
242,274
242,275
242,289
242,295
242,297
242,307
242,316
242,322
242,327
242,329
242,330
242,331
242,351
242,354
242,359
242,360
242,362
242,368
242,371
242,377
242,379
242,381
242,382
242,383
242,384
242,385
242,386
242,396
242,398
242,399
242,400
242,402
242,405
242,410
242,415
242,416
242,417
242,425
242,436
242,438
242,442
242,451
242,470
242,473
242,474
242,475
242,477
242,482
242,484
242,485
242,487
242,496
242,511
242,517
242,519
242,555
242,569
242,571
242,581
242,582
242,590
242,591
242,593
242,596
242,611
242,612
242,616
242,643
242,651
242,663
242,684
242,689
242,693
242,694
242,696
242,697
242,700
242,745
242,746
242,750
242,751
242,753
242,759
242,776
242,780
242,781
242,797
242,804
242,807
242,811
242,815
243,250
243,263
243,274
243,275
243,289
243,295
243,297
243,303
243,307
243,315
243,316
243,322
243,327
243,329
243,330
243,344
243,351
243,354
243,359
243,360
243,362
243,368
243,371
243,377
243,379
243,381
243,382
243,383
243,384
243,385
243,386
243,391
243,396
243,398
243,399
243,400
243,402
243,405
243,410
243,415
243,416
243,417
243,436
243,438
243,442
243,444
243,451
243,453
243,470
243,473
243,474
243,475
243,477
243,482
243,484
243,485
243,487
243,496
243,501
243,507
243,511
243,517
243,519
243,555
243,569
243,581
243,582
243,590
243,591
243,593
243,611
243,612
243,616
243,643
243,651
243,663
243,684
243,689
243,693
243,694
243,696
243,697
243,733
243,742
243,745
243,746
243,750
243,751
243,753
243,759
243,767
243,774
243,776
243,780
243,781
243,790
243,797
243,804
243,811
246,274
246,285
246,291
246,302
246,332
246,363
246,367
246,374
246,388
246,406
246,453
246,457
246,469
246,494
246,507
246,514
246,523
246,528
246,543
246,544
246,545
246,563
246,600
246,618
246,626
246,660
246,669
246,705
246,706
246,712
246,716
246,752
246,770
249,413
250,263
250,274
250,302
250,303
250,322
250,351
250,354
250,362
250,367
250,371
250,374
250,384
250,385
250,386
250,388
250,396
250,398
250,399
250,400
250,402
250,409
250,410
250,442
250,453
250,470
250,473
250,474
250,475
250,477
250,484
250,501
250,507
250,514
250,517
250,555
250,569
250,582
250,591
250,593
250,595
250,600
250,611
250,612
250,643
250,669
250,684
250,694
250,737
250,745
250,746
250,750
250,751
250,753
250,759
250,776
250,781
250,797
251,474
251,484
251,593
251,643
251,759
251,781
254,257
254,261
254,276
254,277
254,285
254,292
254,300
254,320
254,333
254,341
254,343
254,347
254,348
254,356
254,365
254,366
254,373
254,375
254,389
254,390
254,397
254,404
254,412
254,420
254,421
254,422
254,424
254,426
254,428
254,429
254,430
254,431
254,433
254,435
254,439
254,461
254,464
254,467
254,472
254,490
254,498
254,505
254,508
254,509
254,524
254,526
254,527
254,589
254,598
254,613
254,618
254,631
254,635
254,690
254,707
254,717
254,734
254,744
254,762
254,763
254,783
254,794
254,801
255,260
255,261
255,276
255,320
255,343
255,356
255,366
255,373
255,375
255,404
255,408
255,420
255,422
255,424
255,426
255,428
255,430
255,431
255,435
255,439
255,461
255,464
255,467
255,472
255,490
255,498
255,505
255,508
255,509
255,527
255,589
255,598
255,676
255,690
255,699
255,701
255,725
255,744
255,747
255,762
255,763
255,783
255,794
255,801
256,321
256,413
256,667
256,800
257,261
257,276
257,285
257,292
257,300
257,320
257,333
257,341
257,343
257,347
257,348
257,356
257,365
257,366
257,373
257,375
257,389
257,390
257,397
257,404
257,412
257,420
257,421
257,422
257,424
257,426
257,428
257,429
257,430
257,431
257,433
257,434
257,435
257,439
257,461
257,464
257,467
257,472
257,490
257,492
257,498
257,505
257,508
257,509
257,524
257,526
257,527
257,589
257,598
257,613
257,618
257,628
257,631
257,635
257,656
257,690
257,717
257,720
257,734
257,744
257,747
257,762
257,763
257,783
257,794
257,800
257,801
258,457
258,626
259,260
259,311
259,312
259,354
259,384
259,385
259,596
259,629
259,746
259,786
260,406
260,424
260,538
260,667
260,716
260,725
260,752
260,754
260,755
261,276
261,287
261,292
261,300
261,320
261,341
261,343
261,347
261,348
261,356
261,365
261,366
261,373
261,375
261,397
261,404
261,412
261,420
261,421
261,422
261,424
261,426
261,428
261,429
261,430
261,431
261,433
261,434
261,435
261,437
261,439
261,461
261,464
261,467
261,472
261,486
261,488
261,490
261,492
261,498
261,505
261,508
261,509
261,524
261,526
261,527
261,589
261,598
261,613
261,628
261,631
261,632
261,635
261,656
261,667
261,690
261,701
261,717
261,720
261,732
261,740
261,744
261,747
261,762
261,763
261,783
261,794
261,800
261,801
262,311
262,317
262,648
263,274
263,307
263,351
263,362
263,368
263,371
263,377
263,378
263,379
263,381
263,382
263,384
263,385
263,386
263,396
263,398
263,399
263,400
263,402
263,403
263,405
263,409
263,410
263,415
263,416
263,417
263,442
263,451
263,453
263,470
263,473
263,474
263,475
263,477
263,484
263,501
263,507
263,514
263,517
263,519
263,555
263,593
263,595
263,611
263,643
263,651
263,663
263,684
263,694
263,696
263,745
263,750
263,751
263,753
263,759
263,776
263,781
263,797
263,807
264,757
267,578
267,760
267,788
268,270
268,271
268,272
268,273
268,342
268,346
268,358
268,364
268,441
268,444
268,454
268,462
268,476
268,478
268,479
268,480
268,489
268,491
268,497
268,500
268,503
268,504
268,512
268,518
268,521
268,525
268,530
268,532
268,534
268,537
268,547
268,556
268,557
268,558
268,559
268,564
268,599
268,691
268,702
268,703
268,704
268,714
268,721
268,735
268,738
268,739
268,742
268,743
268,758
268,767
268,771
268,782
268,785
268,790
268,798
268,809
268,810
270,271
270,272
270,273
270,286
270,342
270,358
270,364
270,438
270,444
270,454
270,462
270,476
270,478
270,479
270,480
270,489
270,491
270,496
270,497
270,500
270,503
270,504
270,511
270,512
270,518
270,521
270,525
270,530
270,532
270,534
270,537
270,547
270,556
270,557
270,558
270,559
270,564
270,599
270,641
270,691
270,692
270,702
270,703
270,704
270,714
270,721
270,735
270,737
270,738
270,739
270,742
270,743
270,758
270,767
270,771
270,782
270,785
270,790
270,795
270,809
270,810
271,272
271,273
271,342
271,352
271,358
271,364
271,438
271,444
271,454
271,462
271,476
271,478
271,479
271,480
271,489
271,491
271,496
271,497
271,500
271,503
271,504
271,511
271,512
271,518
271,521
271,525
271,530
271,532
271,534
271,537
271,547
271,556
271,557
271,558
271,559
271,564
271,570
271,574
271,599
271,617
271,623
271,624
271,625
271,691
271,702
271,703
271,704
271,714
271,721
271,735
271,737
271,738
271,739
271,742
271,743
271,758
271,767
271,771
271,782
271,785
271,790
271,795
271,809
271,810
272,273
272,342
272,364
272,444
272,462
272,476
272,478
272,479
272,480
272,489
272,491
272,497
272,500
272,503
272,504
272,512
272,518
272,521
272,525
272,530
272,532
272,556
272,557
272,558
272,559
272,564
272,592
272,596
272,599
272,600
272,691
272,702
272,703
272,704
272,705
272,711
272,714
272,721
272,735
272,737
272,738
272,739
272,742
272,767
272,771
272,782
272,785
272,786
272,790
272,810
273,294
273,352
273,358
273,364
273,444
273,454
273,462
273,476
273,478
273,479
273,480
273,489
273,491
273,497
273,500
273,503
273,504
273,512
273,518
273,521
273,525
273,530
273,532
273,534
273,537
273,547
273,556
273,557
273,558
273,559
273,564
273,570
273,574
273,599
273,617
273,623
273,624
273,625
273,691
273,702
273,703
273,704
273,714
273,721
273,735
273,738
273,739
273,742
273,743
273,758
273,767
273,768
273,771
273,782
273,785
273,790
273,795
273,809
273,810
274,285
274,297
274,302
274,303
274,310
274,322
274,337
274,344
274,351
274,354
274,362
274,363
274,367
274,371
274,374
274,381
274,382
274,384
274,385
274,386
274,387
274,388
274,396
274,398
274,399
274,400
274,402
274,405
274,409
274,410
274,416
274,442
274,451
274,453
274,469
274,470
274,473
274,474
274,475
274,477
274,484
274,485
274,487
274,494
274,501
274,507
274,514
274,517
274,543
274,544
274,555
274,569
274,582
274,590
274,591
274,592
274,593
274,595
274,596
274,600
274,611
274,612
274,643
274,660
274,663
274,669
274,684
274,694
274,706
274,712
274,737
274,738
274,745
274,746
274,751
274,753
274,759
274,760
274,774
274,776
274,781
274,797
275,295
275,297
275,315
275,322
275,344
275,351
275,354
275,360
275,384
275,385
275,386
275,387
275,391
275,396
275,398
275,399
275,400
275,402
275,442
275,470
275,473
275,475
275,477
275,555
275,569
275,582
275,590
275,611
275,616
275,643
275,663
275,684
275,689
275,693
275,694
275,713
275,745
275,746
275,750
275,751
275,753
275,781
275,797
275,811
276,277
276,285
276,287
276,292
276,300
276,320
276,333
276,341
276,343
276,347
276,348
276,356
276,365
276,366
276,373
276,375
276,397
276,404
276,412
276,420
276,421
276,422
276,424
276,426
276,428
276,429
276,430
276,431
276,433
276,434
276,435
276,439
276,461
276,464
276,467
276,472
276,486
276,488
276,490
276,492
276,498
276,505
276,508
276,509
276,524
276,526
276,527
276,589
276,598
276,613
276,628
276,631
276,632
276,635
276,656
276,667
276,690
276,701
276,717
276,720
276,732
276,740
276,744
276,747
276,762
276,763
276,783
276,794
276,800
276,801
277,373
277,375
277,420
277,421
277,431
277,434
277,435
277,461
277,464
277,467
277,490
277,589
277,717
277,740
277,762
285,291
285,300
285,310
285,320
285,332
285,341
285,363
285,365
285,366
285,367
285,373
285,374
285,375
285,388
285,389
285,390
285,397
285,404
285,412
285,420
285,421
285,424
285,426
285,428
285,429
285,431
285,433
285,435
285,439
285,453
285,461
285,464
285,467
285,469
285,472
285,490
285,494
285,505
285,509
285,514
285,523
285,526
285,527
285,543
285,544
285,545
285,589
285,598
285,600
285,613
285,618
285,633
285,635
285,660
285,669
285,690
285,705
285,706
285,712
285,717
285,744
285,747
285,762
285,763
285,794
286,293
286,294
286,326
286,334
286,335
286,340
286,346
286,352
286,358
286,364
286,441
286,443
286,444
286,445
286,446
286,447
286,448
286,449
286,450
286,454
286,476
286,479
286,491
286,520
286,530
286,534
286,547
286,557
286,558
286,559
286,564
286,570
286,573
286,574
286,575
286,617
286,623
286,624
286,625
286,641
286,692
286,702
286,703
286,704
286,721
286,739
286,742
286,743
286,767
286,768
286,785
286,790
286,795
286,809
286,810
287,292
287,300
287,332
287,333
287,348
287,357
287,366
287,389
287,390
287,420
287,424
287,437
287,439
287,461
287,464
287,467
287,472
287,486
287,488
287,490
287,492
287,505
287,524
287,527
287,589
287,598
287,618
287,633
287,635
287,656
287,667
287,674
287,701
287,720
287,732
287,740
287,741
287,762
287,799
289,297
289,304
289,307
289,309
289,316
289,322
289,324
289,327
289,329
289,330
289,351
289,354
289,359
289,362
289,368
289,371
289,377
289,378
289,379
289,381
289,382
289,383
289,384
289,385
289,386
289,392
289,396
289,398
289,399
289,400
289,402
289,405
289,415
289,416
289,417
289,425
289,436
289,438
289,442
289,451
289,470
289,473
289,474
289,475
289,477
289,482
289,484
289,485
289,511
289,517
289,519
289,555
289,569
289,571
289,582
289,590
289,591
289,593
289,611
289,612
289,616
289,643
289,651
289,663
289,684
289,689
289,693
289,694
289,696
289,697
289,700
289,733
289,745
289,746
289,750
289,751
289,753
289,759
289,776
289,780
289,781
289,788
289,797
289,804
289,805
289,807
289,811
289,815
291,302
291,332
291,363
291,367
291,374
291,406
291,453
291,469
291,494
291,514
291,523
291,543
291,544
291,545
291,600
291,618
291,626
291,660
291,669
291,705
291,706
291,711
291,712
291,716
291,752
292,300
292,320
292,333
292,343
292,347
292,348
292,356
292,357
292,366
292,373
292,375
292,389
292,390
292,397
292,404
292,412
292,420
292,421
292,422
292,424
292,428
292,429
292,430
292,431
292,433
292,435
292,437
292,439
292,461
292,464
292,467
292,472
292,486
292,488
292,490
292,492
292,498
292,505
292,508
292,509
292,524
292,526
292,527
292,589
292,598
292,618
292,631
292,633
292,635
292,656
292,667
292,674
292,690
292,701
292,717
292,720
292,732
292,740
292,741
292,744
292,762
292,763
292,783
292,794
292,799
293,326
293,335
293,358
293,443
293,444
293,445
293,446
293,447
293,448
293,449
293,450
293,496
293,511
293,547
293,641
293,686
293,692
293,742
293,743
293,767
293,790
293,798
293,809
293,810
294,326
294,334
294,335
294,340
294,342
294,346
294,352
294,364
294,441
294,445
294,446
294,447
294,448
294,449
294,450
294,454
294,515
294,520
294,530
294,532
294,534
294,545
294,547
294,557
294,558
294,559
294,563
294,564
294,570
294,573
294,574
294,575
294,576
294,617
294,623
294,624
294,625
294,641
294,692
294,702
294,703
294,704
294,705
294,711
294,714
294,721
294,739
294,768
294,795
295,297
295,315
295,322
295,331
295,344
295,351
295,354
295,360
295,368
295,379
295,381
295,383
295,384
295,385
295,386
295,387
295,391
295,396
295,398
295,399
295,400
295,402
295,442
295,451
295,470
295,473
295,474
295,475
295,477
295,484
295,493
295,495
295,555
295,569
295,582
295,590
295,591
295,592
295,596
295,604
295,608
295,611
295,612
295,616
295,629
295,643
295,663
295,684
295,693
295,694
295,745
295,746
295,750
295,751
295,753
295,774
295,781
295,786
295,797
295,811
296,304
296,307
296,392
296,571
296,651
296,695
296,700
297,304
297,307
297,316
297,322
297,327
297,329
297,330
297,344
297,351
297,354
297,359
297,360
297,362
297,368
297,371
297,377
297,379
297,381
297,382
297,383
297,384
297,385
297,386
297,387
297,396
297,398
297,399
297,400
297,402
297,405
297,409
297,410
297,415
297,416
297,417
297,436
297,438
297,442
297,451
297,453
297,470
297,473
297,474
297,475
297,477
297,484
297,485
297,487
297,496
297,507
297,511
297,519
297,555
297,556
297,569
297,581
297,582
297,590
297,591
297,592
297,593
297,604
297,611
297,612
297,616
297,643
297,651
297,663
297,684
297,689
297,693
297,694
297,696
297,697
297,742
297,745
297,746
297,750
297,751
297,753
297,759
297,767
297,774
297,776
297,781
297,790
297,797
297,804
297,811
298,299
298,566
299,345
299,428
299,431
299,676
299,755
299,762
299,800
300,332
300,333
300,348
300,357
300,365
300,366
300,373
300,375
300,389
300,390
300,397
300,404
300,420
300,429
300,430
300,431
300,435
300,437
300,439
300,461
300,464
300,467
300,472
300,486
300,488
300,490
300,492
300,498
300,505
300,524
300,527
300,589
300,598
300,618
300,635
300,656
300,674
300,690
300,701
300,717
300,720
300,732
300,734
300,740
300,741
300,747
300,762
301,515
302,303
302,310
302,322
302,367
302,374
302,385
302,388
302,410
302,453
302,469
302,474
302,477
302,494
302,507
302,514
302,517
302,543
302,544
302,555
302,569
302,581
302,582
302,592
302,593
302,595
302,600
302,612
302,643
302,660
302,669
302,693
302,706
302,737
302,776
303,322
303,351
303,354
303,362
303,381
303,384
303,385
303,396
303,398
303,399
303,402
303,453
303,470
303,473
303,477
303,484
303,507
303,514
303,555
303,569
303,581
303,582
303,611
303,616
303,626
303,663
303,669
303,684
303,693
303,694
303,696
303,706
303,745
303,746
303,750
303,751
303,753
303,776
303,781
303,788
303,797
304,307
304,324
304,327
304,330
304,351
304,359
304,362
304,378
304,382
304,384
304,386
304,392
304,398
304,400
304,402
304,405
304,415
304,416
304,417
304,425
304,451
304,470
304,473
304,474
304,475
304,519
304,555
304,569
304,571
304,582
304,591
304,611
304,616
304,643
304,651
304,663
304,689
304,693
304,694
304,695
304,696
304,697
304,700
304,733
304,745
304,751
304,753
304,759
304,760
304,780
304,781
304,788
304,797
305,459
306,653
307,309
307,316
307,322
307,324
307,327
307,329
307,330
307,351
307,354
307,359
307,362
307,377
307,378
307,379
307,381
307,382
307,383
307,384
307,385
307,386
307,392
307,396
307,398
307,399
307,400
307,402
307,405
307,415
307,416
307,417
307,425
307,442
307,451
307,470
307,473
307,474
307,475
307,477
307,482
307,484
307,517
307,519
307,555
307,569
307,571
307,582
307,590
307,591
307,611
307,612
307,616
307,643
307,651
307,663
307,684
307,689
307,693
307,694
307,696
307,697
307,700
307,733
307,745
307,746
307,750
307,751
307,753
307,759
307,780
307,781
307,788
307,797
307,804
307,805
307,807
309,351
309,384
309,399
309,402
309,405
309,417
309,442
309,451
309,470
309,473
309,475
309,519
309,616
309,643
309,663
309,694
309,745
309,751
309,753
309,774
309,797
309,804
310,312
310,322
310,337
310,363
310,367
310,374
310,388
310,409
310,410
310,453
310,469
310,494
310,507
310,514
310,544
310,591
310,592
310,593
310,600
310,604
310,612
310,626
310,629
310,660
310,669
310,707
311,313
311,591
311,608
311,626
311,629
311,786
312,388
312,626
312,635
313,344
313,582
313,591
313,604
313,629
315,354
315,360
315,387
315,391
315,398
315,400
315,402
315,470
315,473
315,493
315,495
315,604
315,611
315,745
315,750
315,751
315,753
315,797
316,351
316,354
316,358
316,359
316,368
316,371
316,379
316,381
316,382
316,383
316,384
316,386
316,396
316,398
316,399
316,400
316,402
316,405
316,415
316,416
316,417
316,436
316,438
316,442
316,444
316,451
316,470
316,473
316,474
316,475
316,477
316,484
316,485
316,487
316,496
316,511
316,555
316,556
316,611
316,616
316,651
316,663
316,684
316,691
316,694
316,696
316,697
316,742
316,743
316,745
316,746
316,750
316,751
316,753
316,759
316,767
316,781
316,790
316,797
316,804
316,809
317,543
317,648
319,757
320,341
320,343
320,347
320,348
320,356
320,365
320,366
320,373
320,375
320,397
320,404
320,412
320,420
320,421
320,422
320,424
320,426
320,428
320,429
320,430
320,431
320,433
320,434
320,435
320,439
320,461
320,464
320,467
320,472
320,490
320,492
320,498
320,505
320,508
320,509
320,524
320,526
320,527
320,589
320,598
320,613
320,628
320,631
320,632
320,635
320,690
320,717
320,720
320,744
320,747
320,762
320,763
320,783
320,794
320,800
320,801
322,337
322,344
322,351
322,354
322,359
322,360
322,368
322,379
322,381
322,382
322,383
322,384
322,385
322,386
322,387
322,396
322,398
322,399
322,400
322,402
322,405
322,409
322,410
322,415
322,416
322,417
322,425
322,438
322,442
322,444
322,451
322,453
322,470
322,473
322,474
322,475
322,477
322,484
322,485
322,487
322,507
322,514
322,517
322,555
322,556
322,569
322,581
322,582
322,590
322,591
322,592
322,593
322,596
322,600
322,604
322,611
322,612
322,616
322,629
322,643
322,651
322,663
322,669
322,684
322,694
322,696
322,737
322,738
322,745
322,746
322,750
322,751
322,753
322,759
322,774
322,776
322,781
322,797
322,804
324,327
324,330
324,362
324,392
324,398
324,402
324,405
324,416
324,425
324,451
324,470
324,473
324,475
324,517
324,555
324,569
324,571
324,590
324,611
324,612
324,616
324,643
324,651
324,663
324,689
324,693
324,694
324,695
324,700
324,733
324,745
324,751
324,753
324,760
324,780
324,788
325,652
326,335
326,346
326,358
326,441
326,443
326,444
326,445
326,446
326,447
326,448
326,449
326,450
326,454
326,485
326,496
326,511
326,547
326,559
326,574
326,617
326,641
326,686
326,692
326,703
326,742
326,743
326,767
326,768
326,790
326,795
326,809
327,329
327,330
327,351
327,359
327,362
327,377
327,378
327,379
327,381
327,382
327,383
327,384
327,386
327,392
327,398
327,399
327,400
327,402
327,405
327,415
327,416
327,417
327,442
327,451
327,470
327,473
327,474
327,475
327,477
327,484
327,519
327,555
327,569
327,571
327,578
327,590
327,609
327,611
327,616
327,643
327,651
327,663
327,689
327,693
327,694
327,696
327,697
327,700
327,733
327,745
327,746
327,750
327,751
327,753
327,759
327,780
327,781
327,788
327,797
329,330
329,351
329,354
329,359
329,368
329,379
329,381
329,382
329,383
329,384
329,386
329,396
329,398
329,399
329,400
329,402
329,405
329,415
329,416
329,417
329,442
329,444
329,451
329,470
329,473
329,475
329,477
329,482
329,555
329,569
329,590
329,611
329,616
329,643
329,651
329,663
329,684
329,693
329,694
329,696
329,697
329,713
329,745
329,746
329,750
329,751
329,753
329,759
329,780
329,781
329,797
329,803
329,804
329,805
329,807
329,808
329,809
329,811
329,812
329,813
329,815
329,816
329,817
329,820
330,351
330,359
330,362
330,377
330,378
330,379
330,381
330,382
330,383
330,384
330,386
330,392
330,398
330,399
330,400
330,402
330,405
330,415
330,416
330,417
330,425
330,442
330,451
330,470
330,473
330,474
330,475
330,477
330,484
330,519
330,555
330,569
330,571
330,578
330,590
330,609
330,611
330,616
330,643
330,651
330,663
330,684
330,689
330,693
330,694
330,696
330,697
330,700
330,733
330,745
330,746
330,750
330,751
330,753
330,759
330,760
330,780
330,781
330,788
330,797
330,804
330,805
330,807
331,386
331,400
331,402
331,470
331,480
331,590
331,693
331,745
331,746
331,751
331,753
332,333
332,367
332,389
332,390
332,523
332,528
332,543
332,618
332,633
332,635
332,667
332,712
332,734
332,740
333,348
333,357
333,366
333,389
333,390
333,420
333,437
333,439
333,461
333,464
333,467
333,486
333,488
333,490
333,492
333,524
333,527
333,618
333,631
333,633
333,635
333,656
333,667
333,674
333,701
333,720
333,732
333,734
333,740
333,741
333,744
333,799
334,340
334,342
334,346
334,352
334,364
334,441
334,454
334,515
334,530
334,532
334,534
334,537
334,557
334,558
334,559
334,563
334,564
334,570
334,573
334,574
334,575
334,576
334,617
334,623
334,624
334,625
334,702
334,703
334,704
334,705
334,711
334,714
334,721
334,739
334,768
334,771
334,795
335,346
335,358
335,441
335,443
335,444
335,445
335,446
335,447
335,448
335,449
335,450
335,454
335,496
335,511
335,547
335,641
335,686
335,692
335,742
335,743
335,767
335,768
335,790
335,795
335,809
337,367
337,374
337,409
337,410
337,453
337,469
337,494
337,507
337,544
337,577
337,600
337,605
337,612
337,660
337,760
337,776
338,455
338,463
338,465
338,510
338,516
338,529
338,540
339,348
339,390
339,656
339,674
339,732
339,740
339,741
339,808
339,810
340,342
340,346
340,352
340,364
340,441
340,454
340,515
340,520
340,530
340,532
340,534
340,537
340,557
340,558
340,559
340,563
340,564
340,570
340,573
340,574
340,575
340,576
340,617
340,623
340,624
340,625
340,702
340,703
340,704
340,705
340,721
340,739
340,768
340,795
341,343
341,347
341,356
341,365
341,366
341,373
341,375
341,397
341,404
341,412
341,420
341,421
341,422
341,424
341,426
341,428
341,429
341,430
341,431
341,433
341,434
341,435
341,439
341,461
341,464
341,467
341,472
341,490
341,498
341,505
341,508
341,509
341,526
341,527
341,589
341,598
341,613
341,628
341,631
341,690
341,717
341,720
341,741
341,744
341,762
341,763
341,783
341,792
341,794
341,800
341,801
342,352
342,364
342,479
342,480
342,489
342,491
342,497
342,503
342,504
342,512
342,518
342,525
342,530
342,532
342,534
342,537
342,545
342,556
342,557
342,558
342,559
342,563
342,564
342,570
342,574
342,575
342,599
342,617
342,623
342,624
342,625
342,702
342,703
342,704
342,705
342,706
342,711
342,712
342,714
342,721
342,735
342,738
342,739
342,768
342,771
342,782
342,795
343,347
343,356
343,365
343,366
343,373
343,375
343,397
343,404
343,412
343,420
343,421
343,422
343,424
343,426
343,428
343,429
343,430
343,431
343,433
343,434
343,435
343,439
343,461
343,464
343,467
343,472
343,486
343,488
343,490
343,492
343,498
343,505
343,508
343,509
343,524
343,526
343,527
343,589
343,598
343,613
343,628
343,631
343,656
343,690
343,717
343,720
343,732
343,744
343,747
343,762
343,763
343,783
343,794
343,800
343,801
344,351
344,354
344,360
344,386
344,387
344,391
344,398
344,399
344,400
344,402
344,410
344,442
344,453
344,470
344,473
344,474
344,507
344,581
344,582
344,591
344,592
344,593
344,600
344,604
344,612
344,643
344,738
344,745
344,746
344,749
344,751
344,753
344,774
344,776
344,797
345,408
346,352
346,364
346,441
346,443
346,445
346,446
346,447
346,448
346,449
346,450
346,454
346,489
346,497
346,503
346,504
346,515
346,520
346,530
346,532
346,534
346,547
346,557
346,558
346,559
346,563
346,564
346,570
346,573
346,574
346,575
346,617
346,623
346,624
346,625
346,641
346,692
346,702
346,703
346,704
346,714
346,721
346,739
346,742
346,743
346,767
346,768
346,790
346,795
346,809
347,356
347,365
347,366
347,373
347,375
347,397
347,404
347,412
347,420
347,421
347,422
347,424
347,426
347,428
347,429
347,430
347,431
347,433
347,434
347,435
347,439
347,461
347,464
347,467
347,472
347,490
347,492
347,498
347,505
347,508
347,509
347,524
347,526
347,527
347,589
347,598
347,613
347,628
347,631
347,632
347,690
347,717
347,720
347,744
347,747
347,762
347,763
347,783
347,792
347,794
347,800
347,801
348,357
348,366
348,373
348,375
348,389
348,390
348,404
348,420
348,435
348,437
348,439
348,461
348,464
348,467
348,472
348,486
348,488
348,490
348,492
348,498
348,505
348,524
348,527
348,589
348,598
348,618
348,633
348,635
348,656
348,667
348,674
348,701
348,720
348,732
348,734
348,740
348,741
348,744
348,762
348,763
348,799
351,354
351,359
351,360
351,362
351,368
351,371
351,377
351,379
351,381
351,382
351,383
351,384
351,385
351,386
351,387
351,391
351,396
351,398
351,399
351,400
351,402
351,405
351,410
351,415
351,416
351,417
351,436
351,438
351,442
351,451
351,453
351,470
351,473
351,474
351,475
351,477
351,482
351,484
351,485
351,487
351,501
351,507
351,511
351,517
351,519
351,555
351,569
351,581
351,582
351,590
351,591
351,593
351,595
351,596
351,611
351,612
351,616
351,629
351,643
351,651
351,663
351,684
351,689
351,693
351,694
351,696
351,697
351,700
351,745
351,746
351,750
351,751
351,753
351,759
351,774
351,776
351,781
351,788
351,797
351,804
351,807
351,811
352,364
352,441
352,454
352,476
352,512
352,515
352,520
352,525
352,530
352,532
352,534
352,537
352,545
352,557
352,558
352,559
352,563
352,564
352,570
352,573
352,574
352,575
352,576
352,617
352,623
352,624
352,625
352,702
352,703
352,704
352,705
352,711
352,714
352,721
352,739
352,768
352,771
352,795
354,359
354,360
354,368
354,371
354,379
354,381
354,382
354,383
354,384
354,385
354,386
354,387
354,391
354,396
354,398
354,399
354,400
354,402
354,405
354,415
354,416
354,417
354,436
354,438
354,442
354,444
354,451
354,470
354,473
354,474
354,475
354,477
354,484
354,485
354,487
354,511
354,519
354,555
354,569
354,581
354,582
354,590
354,591
354,593
354,596
354,611
354,612
354,616
354,643
354,651
354,663
354,684
354,693
354,694
354,696
354,697
354,713
354,742
354,745
354,746
354,750
354,751
354,753
354,759
354,767
354,776
354,781
354,786
354,788
354,790
354,797
354,804
354,811
356,365
356,366
356,373
356,375
356,397
356,404
356,412
356,420
356,421
356,422
356,424
356,426
356,428
356,429
356,430
356,431
356,433
356,434
356,435
356,439
356,461
356,464
356,467
356,472
356,490
356,492
356,498
356,505
356,508
356,509
356,524
356,526
356,527
356,589
356,598
356,613
356,628
356,631
356,632
356,667
356,690
356,717
356,720
356,744
356,747
356,762
356,763
356,783
356,792
356,794
356,800
356,801
357,389
357,390
357,437
357,486
357,488
357,492
357,524
357,618
357,633
357,635
357,656
357,667
357,674
357,701
357,720
357,732
357,740
357,741
357,744
357,799
358,368
358,383
358,436
358,438
358,443
358,444
358,445
358,446
358,447
358,448
358,449
358,450
358,476
358,478
358,479
358,480
358,485
358,489
358,491
358,496
358,497
358,500
358,503
358,504
358,511
358,512
358,518
358,521
358,525
358,547
358,556
358,641
358,686
358,691
358,692
358,735
358,742
358,743
358,767
358,785
358,790
358,798
358,809
358,810
358,811
358,813
358,815
358,817
359,362
359,368
359,371
359,377
359,378
359,379
359,381
359,382
359,383
359,384
359,385
359,386
359,396
359,398
359,399
359,400
359,402
359,405
359,415
359,416
359,417
359,436
359,438
359,442
359,451
359,470
359,473
359,474
359,475
359,477
359,482
359,484
359,485
359,487
359,496
359,511
359,517
359,519
359,555
359,569
359,582
359,590
359,591
359,611
359,612
359,616
359,643
359,651
359,663
359,693
359,694
359,696
359,697
359,700
359,733
359,745
359,746
359,750
359,751
359,753
359,759
359,780
359,781
359,797
359,804
359,807
359,811
359,815
360,379
360,381
360,382
360,384
360,385
360,386
360,387
360,391
360,396
360,398
360,399
360,400
360,402
360,405
360,416
360,442
360,470
360,473
360,474
360,475
360,484
360,493
360,495
360,555
360,590
360,592
360,596
360,600
360,608
360,612
360,616
360,643
360,663
360,684
360,694
360,745
360,746
360,750
360,751
360,753
360,774
360,781
360,786
360,797
361,493
361,495
362,368
362,371
362,377
362,379
362,381
362,382
362,383
362,384
362,385
362,386
362,392
362,398
362,399
362,400
362,402
362,405
362,410
362,415
362,416
362,417
362,442
362,451
362,453
362,470
362,473
362,474
362,475
362,484
362,501
362,507
362,517
362,519
362,555
362,569
362,571
362,578
362,582
362,590
362,591
362,593
362,595
362,609
362,611
362,616
362,643
362,651
362,663
362,684
362,693
362,694
362,696
362,697
362,700
362,733
362,745
362,750
362,751
362,753
362,759
362,760
362,780
362,781
362,788
362,797
363,367
363,374
363,388
363,453
363,469
363,494
363,507
363,543
363,544
363,592
363,600
363,618
363,660
363,669
363,706
363,707
363,770
364,441
364,454
364,462
364,476
364,478
364,479
364,480
364,489
364,491
364,497
364,500
364,503
364,504
364,512
364,515
364,518
364,521
364,525
364,530
364,532
364,534
364,537
364,547
364,556
364,557
364,558
364,559
364,563
364,564
364,570
364,573
364,574
364,575
364,617
364,623
364,624
364,625
364,691
364,702
364,703
364,704
364,705
364,706
364,711
364,714
364,721
364,735
364,738
364,739
364,767
364,768
364,782
364,785
364,795
365,366
365,373
365,375
365,390
365,397
365,404
365,412
365,420
365,421
365,422
365,424
365,428
365,429
365,430
365,431
365,433
365,434
365,435
365,439
365,461
365,464
365,467
365,472
365,490
365,498
365,505
365,508
365,509
365,526
365,527
365,544
365,589
365,598
365,613
365,660
365,667
365,690
365,717
365,744
365,747
365,762
365,763
365,783
365,794
365,800
366,373
366,375
366,397
366,404
366,412
366,420
366,421
366,422
366,424
366,426
366,428
366,429
366,430
366,431
366,433
366,434
366,435
366,439
366,461
366,464
366,467
366,472
366,486
366,488
366,490
366,492
366,498
366,505
366,508
366,509
366,524
366,526
366,527
366,589
366,598
366,613
366,628
366,631
366,656
366,667
366,690
366,701
366,717
366,720
366,732
366,740
366,744
366,747
366,762
366,763
366,783
366,794
366,800
366,801
367,374
367,388
367,395
367,409
367,410
367,453
367,469
367,494
367,507
367,514
367,523
367,543
367,544
367,592
367,600
367,608
367,618
367,626
367,660
367,669
367,705
367,706
367,712
367,716
367,738
367,776
368,371
368,377
368,379
368,381
368,382
368,383
368,384
368,385
368,386
368,396
368,398
368,399
368,400
368,402
368,405
368,415
368,416
368,417
368,436
368,438
368,442
368,444
368,451
368,470
368,473
368,474
368,475
368,477
368,484
368,485
368,487
368,496
368,511
368,517
368,519
368,555
368,569
368,582
368,590
368,593
368,611
368,612
368,616
368,643
368,651
368,663
368,684
368,686
368,693
368,694
368,696
368,697
368,742
368,745
368,746
368,750
368,751
368,753
368,759
368,767
368,776
368,781
368,790
368,797
368,804
368,807
368,809
368,810
368,811
368,813
368,815
369,370
371,377
371,379
371,381
371,382
371,383
371,384
371,385
371,386
371,396
371,398
371,399
371,400
371,402
371,405
371,410
371,415
371,416
371,417
371,436
371,438
371,442
371,453
371,470
371,473
371,474
371,475
371,477
371,485
371,487
371,496
371,507
371,511
371,517
371,519
371,555
371,582
371,590
371,591
371,593
371,595
371,611
371,612
371,616
371,643
371,651
371,663
371,684
371,693
371,694
371,696
371,697
371,745
371,746
371,750
371,751
371,753
371,759
371,776
371,781
371,790
371,797
371,804
372,380
372,395
372,526
372,760
373,375
373,397
373,404
373,412
373,420
373,421
373,422
373,424
373,426
373,428
373,429
373,430
373,431
373,433
373,434
373,435
373,439
373,461
373,464
373,467
373,472
373,486
373,488
373,490
373,492
373,498
373,505
373,508
373,509
373,524
373,526
373,527
373,589
373,598
373,613
373,628
373,631
373,632
373,656
373,667
373,690
373,701
373,717
373,720
373,732
373,740
373,744
373,747
373,762
373,763
373,783
373,794
373,800
373,801
374,388
374,409
374,410
374,453
374,469
374,494
374,507
374,514
374,523
374,541
374,543
374,544
374,592
374,595
374,600
374,618
374,660
374,669
374,699
374,705
374,706
374,707
374,712
374,716
374,755
374,776
375,397
375,404
375,412
375,413
375,420
375,421
375,422
375,424
375,426
375,428
375,429
375,430
375,431
375,433
375,434
375,435
375,439
375,461
375,464
375,467
375,472
375,488
375,490
375,492
375,498
375,505
375,508
375,509
375,524
375,526
375,527
375,589
375,598
375,613
375,628
375,631
375,667
375,690
375,701
375,717
375,720
375,744
375,747
375,762
375,763
375,783
375,792
375,794
375,800
375,801
377,378
377,379
377,381
377,382
377,383
377,384
377,386
377,392
377,399
377,400
377,402
377,405
377,415
377,416
377,417
377,442
377,451
377,470
377,473
377,474
377,475
377,477
377,484
377,511
377,519
377,569
377,616
377,643
377,651
377,663
377,694
377,696
377,697
377,733
377,745
377,750
377,751
377,753
377,759
377,780
377,781
377,797
377,807
378,379
378,381
378,405
378,416
378,417
378,470
378,475
378,519
378,578
378,643
378,651
378,663
378,694
378,696
378,697
378,700
378,733
378,759
378,780
378,807
379,381
379,382
379,383
379,384
379,385
379,386
379,396
379,398
379,399
379,400
379,402
379,405
379,410
379,415
379,416
379,417
379,436
379,438
379,442
379,444
379,451
379,470
379,473
379,474
379,475
379,477
379,482
379,484
379,485
379,487
379,496
379,507
379,511
379,517
379,519
379,555
379,569
379,582
379,590
379,591
379,593
379,611
379,612
379,616
379,643
379,651
379,663
379,684
379,686
379,689
379,693
379,694
379,696
379,697
379,733
379,742
379,745
379,746
379,750
379,751
379,753
379,759
379,767
379,776
379,781
379,790
379,797
379,804
379,807
379,811
379,815
380,388
380,483
380,707
380,723
381,382
381,383
381,384
381,385
381,386
381,396
381,398
381,399
381,400
381,402
381,405
381,410
381,415
381,416
381,417
381,436
381,438
381,442
381,444
381,451
381,453
381,470
381,473
381,474
381,475
381,477
381,482
381,484
381,485
381,487
381,496
381,511
381,517
381,519
381,555
381,569
381,582
381,590
381,591
381,593
381,611
381,612
381,616
381,643
381,651
381,663
381,684
381,689
381,693
381,694
381,696
381,697
381,742
381,745
381,746
381,750
381,751
381,753
381,759
381,767
381,776
381,781
381,790
381,797
381,804
381,807
381,811
381,815
382,383
382,384
382,385
382,386
382,396
382,398
382,399
382,400
382,402
382,405
382,410
382,415
382,416
382,417
382,436
382,438
382,442
382,451
382,453
382,470
382,473
382,474
382,475
382,477
382,484
382,485
382,487
382,496
382,501
382,507
382,511
382,517
382,519
382,555
382,569
382,582
382,590
382,591
382,593
382,611
382,612
382,616
382,643
382,651
382,663
382,684
382,686
382,693
382,694
382,696
382,697
382,742
382,743
382,745
382,746
382,750
382,751
382,753
382,759
382,767
382,776
382,781
382,790
382,797
382,804
382,807
382,811
383,384
383,385
383,386
383,396
383,398
383,399
383,400
383,402
383,405
383,415
383,416
383,417
383,436
383,438
383,442
383,451
383,470
383,473
383,474
383,475
383,477
383,484
383,485
383,487
383,496
383,511
383,517
383,519
383,555
383,569
383,582
383,590
383,611
383,616
383,643
383,651
383,663
383,684
383,686
383,693
383,694
383,696
383,697
383,742
383,745
383,746
383,750
383,751
383,753
383,759
383,767
383,781
383,790
383,797
383,804
383,807
383,811
383,813
383,815
384,385
384,386
384,387
384,396
384,398
384,399
384,400
384,402
384,405
384,410
384,415
384,416
384,417
384,425
384,436
384,438
384,442
384,451
384,453
384,470
384,473
384,474
384,475
384,477
384,484
384,485
384,487
384,501
384,507
384,514
384,517
384,519
384,555
384,569
384,571
384,578
384,581
384,582
384,590
384,591
384,593
384,595
384,596
384,611
384,612
384,616
384,643
384,651
384,663
384,669
384,684
384,689
384,693
384,694
384,695
384,696
384,697
384,700
384,745
384,746
384,750
384,751
384,753
384,759
384,774
384,776
384,781
384,786
384,788
384,797
384,804
384,811
385,386
385,388
385,395
385,396
385,398
385,399
385,400
385,402
385,405
385,410
385,415
385,416
385,417
385,436
385,438
385,442
385,451
385,453
385,470
385,473
385,474
385,475
385,477
385,484
385,485
385,487
385,501
385,507
385,514
385,517
385,555
385,569
385,582
385,590
385,591
385,593
385,595
385,596
385,600
385,608
385,611
385,612
385,616
385,643
385,651
385,663
385,669
385,684
385,693
385,694
385,696
385,697
385,745
385,746
385,750
385,751
385,753
385,760
385,776
385,781
385,786
385,797
386,391
386,396
386,398
386,399
386,400
386,402
386,405
386,410
386,415
386,416
386,417
386,436
386,438
386,442
386,451
386,453
386,470
386,473
386,474
386,475
386,477
386,482
386,484
386,485
386,487
386,496
386,501
386,507
386,511
386,517
386,519
386,555
386,569
386,571
386,581
386,582
386,590
386,591
386,593
386,596
386,611
386,612
386,616
386,643
386,651
386,663
386,684
386,689
386,693
386,694
386,696
386,697
386,700
386,745
386,746
386,750
386,751
386,753
386,759
386,774
386,776
386,780
386,781
386,790
386,797
386,804
386,807
386,811
386,815
387,391
387,396
387,399
387,400
387,402
387,442
387,470
387,473
387,474
387,477
387,582
387,592
387,593
387,596
387,604
387,612
387,643
387,694
387,745
387,746
387,749
387,751
387,753
387,774
387,797
388,410
388,453
388,469
388,494
388,507
388,543
388,544
388,592
388,593
388,595
388,600
388,626
388,660
388,669
388,706
388,738
388,786
389,390
389,397
389,437
389,469
389,486
389,488
389,492
389,543
389,598
389,618
389,633
389,635
389,656
389,674
389,701
389,720
389,732
389,734
389,740
389,741
390,397
390,437
390,486
390,488
390,492
390,526
390,527
390,613
390,618
390,633
390,635
390,656
390,667
390,674
390,701
390,720
390,732
390,734
390,740
390,741
391,398
391,399
391,400
391,402
391,442
391,470
391,473
391,474
391,484
391,592
391,643
391,745
391,746
391,751
391,753
391,774
391,784
391,797
392,425
392,475
392,571
392,607
392,616
392,651
392,663
392,697
392,700
392,733
392,759
392,780
395,600
395,608
395,626
396,398
396,399
396,400
396,402
396,405
396,415
396,416
396,417
396,436
396,438
396,442
396,444
396,451
396,453
396,470
396,473
396,474
396,475
396,477
396,484
396,485
396,487
396,511
396,519
396,555
396,569
396,582
396,590
396,591
396,596
396,608
396,611
396,612
396,616
396,643
396,651
396,663
396,669
396,684
396,693
396,694
396,696
396,697
396,745
396,746
396,750
396,751
396,753
396,759
396,776
396,781
396,786
396,797
396,804
396,811
397,404
397,412
397,420
397,421
397,422
397,424
397,426
397,428
397,429
397,430
397,431
397,433
397,434
397,435
397,439
397,461
397,464
397,467
397,472
397,490
397,498
397,505
397,508
397,509
397,524
397,526
397,527
397,589
397,598
397,613
397,628
397,631
397,635
397,690
397,717
397,720
397,744
397,747
397,762
397,763
397,783
397,794
397,800
397,801
398,399
398,400
398,402
398,405
398,410
398,415
398,416
398,417
398,436
398,438
398,442
398,451
398,453
398,470
398,473
398,474
398,475
398,477
398,482
398,484
398,485
398,487
398,496
398,507
398,511
398,517
398,519
398,555
398,569
398,581
398,582
398,590
398,591
398,593
398,596
398,611
398,612
398,616
398,643
398,651
398,663
398,684
398,689
398,693
398,694
398,696
398,697
398,700
398,745
398,746
398,750
398,751
398,753
398,759
398,774
398,776
398,781
398,797
398,804
398,811
398,815
399,400
399,402
399,405
399,410
399,415
399,416
399,417
399,436
399,438
399,442
399,444
399,451
399,453
399,470
399,473
399,474
399,475
399,477
399,484
399,485
399,487
399,496
399,507
399,511
399,517
399,519
399,555
399,569
399,582
399,590
399,591
399,592
399,593
399,596
399,611
399,612
399,616
399,629
399,643
399,651
399,663
399,684
399,689
399,693
399,694
399,696
399,697
399,745
399,746
399,750
399,751
399,753
399,759
399,774
399,776
399,781
399,786
399,797
399,804
399,811
400,402
400,405
400,410
400,415
400,416
400,417
400,436
400,438
400,442
400,444
400,451
400,453
400,470
400,473
400,474
400,475
400,477
400,482
400,484
400,485
400,487
400,496
400,501
400,507
400,511
400,517
400,519
400,555
400,569
400,581
400,582
400,590
400,591
400,593
400,596
400,611
400,612
400,616
400,643
400,651
400,663
400,684
400,689
400,693
400,694
400,696
400,697
400,700
400,742
400,745
400,746
400,750
400,751
400,753
400,759
400,767
400,774
400,776
400,781
400,786
400,790
400,797
400,804
400,811
402,405
402,410
402,415
402,416
402,417
402,425
402,436
402,438
402,442
402,451
402,453
402,470
402,473
402,474
402,475
402,477
402,482
402,484
402,485
402,487
402,496
402,501
402,507
402,511
402,517
402,519
402,555
402,569
402,581
402,582
402,590
402,591
402,593
402,596
402,611
402,612
402,616
402,643
402,651
402,663
402,684
402,689
402,693
402,694
402,696
402,697
402,700
402,745
402,746
402,750
402,751
402,753
402,759
402,774
402,776
402,781
402,797
402,804
402,807
402,811
402,815
403,405
403,415
403,416
403,417
403,484
404,412
404,420
404,421
404,422
404,424
404,426
404,428
404,429
404,430
404,431
404,433
404,434
404,435
404,437
404,439
404,461
404,464
404,467
404,472
404,486
404,488
404,490
404,492
404,498
404,505
404,508
404,509
404,524
404,526
404,527
404,589
404,598
404,613
404,628
404,631
404,635
404,656
404,667
404,690
404,701
404,717
404,720
404,732
404,740
404,744
404,747
404,762
404,763
404,783
404,794
404,800
404,801
405,410
405,415
405,416
405,417
405,436
405,438
405,442
405,451
405,453
405,470
405,473
405,474
405,475
405,477
405,482
405,484
405,485
405,487
405,496
405,501
405,507
405,511
405,517
405,519
405,555
405,569
405,582
405,590
405,591
405,593
405,595
405,611
405,612
405,616
405,643
405,651
405,663
405,684
405,693
405,694
405,696
405,697
405,700
405,733
405,742
405,745
405,746
405,750
405,751
405,753
405,759
405,767
405,776
405,780
405,781
405,788
405,790
405,797
405,804
405,807
405,811
405,815
406,413
408,413
408,763
409,410
409,453
409,469
409,474
409,501
409,507
409,517
409,592
409,593
409,595
409,600
409,612
409,669
409,738
409,774
409,776
409,781
410,415
410,416
410,417
410,438
410,442
410,453
410,469
410,470
410,473
410,474
410,477
410,484
410,485
410,487
410,494
410,501
410,507
410,514
410,517
410,544
410,555
410,582
410,590
410,591
410,592
410,593
410,595
410,600
410,612
410,643
410,660
410,669
410,706
410,738
410,745
410,753
410,759
410,776
410,781
410,797
412,420
412,421
412,422
412,424
412,426
412,428
412,429
412,430
412,431
412,433
412,434
412,435
412,439
412,461
412,464
412,467
412,472
412,490
412,492
412,498
412,505
412,508
412,509
412,524
412,526
412,527
412,589
412,598
412,613
412,631
412,633
412,690
412,717
412,720
412,744
412,747
412,762
412,763
412,783
412,794
412,800
412,801
413,509
413,538
415,416
415,417
415,436
415,438
415,442
415,451
415,470
415,473
415,474
415,475
415,477
415,484
415,485
415,487
415,496
415,501
415,507
415,511
415,517
415,519
415,555
415,569
415,582
415,590
415,591
415,593
415,611
415,612
415,616
415,643
415,651
415,663
415,684
415,693
415,694
415,696
415,697
415,700
415,733
415,742
415,745
415,746
415,750
415,751
415,753
415,759
415,767
415,776
415,780
415,781
415,790
415,797
415,804
415,807
415,811
416,417
416,436
416,438
416,442
416,451
416,453
416,470
416,473
416,474
416,475
416,477
416,482
416,484
416,485
416,487
416,496
416,501
416,507
416,511
416,517
416,519
416,555
416,569
416,582
416,590
416,591
416,593
416,595
416,611
416,612
416,616
416,643
416,651
416,663
416,684
416,693
416,694
416,696
416,697
416,700
416,733
416,742
416,745
416,746
416,750
416,751
416,753
416,759
416,767
416,776
416,780
416,781
416,788
416,790
416,797
416,804
416,807
416,811
416,815
417,436
417,438
417,442
417,451
417,470
417,473
417,474
417,475
417,477
417,484
417,485
417,487
417,496
417,501
417,507
417,511
417,517
417,519
417,555
417,569
417,581
417,582
417,590
417,591
417,593
417,611
417,612
417,616
417,643
417,651
417,663
417,684
417,693
417,694
417,696
417,697
417,700
417,733
417,742
417,745
417,746
417,750
417,751
417,753
417,759
417,767
417,776
417,780
417,781
417,788
417,790
417,797
417,804
417,807
417,811
417,815
418,531
418,542
418,577
418,594
418,598
418,654
418,698
418,699
418,755
418,756
418,772
420,421
420,422
420,424
420,426
420,428
420,429
420,430
420,431
420,433
420,434
420,435
420,439
420,461
420,464
420,467
420,472
420,486
420,488
420,490
420,492
420,498
420,505
420,508
420,509
420,524
420,526
420,527
420,589
420,598
420,613
420,628
420,631
420,632
420,656
420,667
420,690
420,717
420,720
420,732
420,740
420,744
420,747
420,762
420,763
420,783
420,794
420,800
420,801
421,422
421,424
421,426
421,428
421,429
421,430
421,431
421,433
421,434
421,435
421,437
421,439
421,461
421,464
421,467
421,472
421,488
421,490
421,492
421,498
421,505
421,508
421,509
421,524
421,526
421,527
421,589
421,598
421,613
421,628
421,631
421,667
421,690
421,717
421,720
421,744
421,747
421,762
421,763
421,783
421,794
421,800
421,801
422,424
422,426
422,428
422,429
422,430
422,431
422,433
422,434
422,435
422,439
422,461
422,464
422,467
422,472
422,490
422,492
422,498
422,505
422,508
422,509
422,524
422,526
422,527
422,589
422,598
422,613
422,628
422,631
422,667
422,690
422,717
422,720
422,744
422,747
422,762
422,763
422,783
422,794
422,800
422,801
424,426
424,428
424,429
424,430
424,431
424,433
424,434
424,435
424,439
424,461
424,464
424,467
424,472
424,490
424,492
424,498
424,505
424,508
424,509
424,524
424,526
424,527
424,589
424,598
424,613
424,631
424,667
424,690
424,701
424,717
424,744
424,747
424,762
424,763
424,783
424,792
424,794
424,800
424,801
425,451
425,470
425,473
425,474
425,475
425,555
425,569
425,571
425,590
425,612
425,616
425,689
425,694
425,700
425,733
425,745
425,751
425,753
425,759
425,780
426,428
426,429
426,430
426,431
426,433
426,434
426,435
426,439
426,461
426,464
426,467
426,472
426,490
426,498
426,505
426,508
426,509
426,526
426,527
426,541
426,589
426,598
426,613
426,628
426,631
426,690
426,701
426,717
426,720
426,744
426,747
426,762
426,763
426,783
426,794
426,800
426,801
428,429
428,430
428,431
428,433
428,434
428,435
428,439
428,461
428,464
428,467
428,472
428,490
428,492
428,498
428,505
428,508
428,509
428,524
428,526
428,527
428,589
428,598
428,613
428,628
428,631
428,632
428,690
428,701
428,717
428,720
428,744
428,747
428,762
428,763
428,783
428,792
428,794
428,800
428,801
429,430
429,431
429,433
429,434
429,435
429,439
429,461
429,464
429,467
429,472
429,490
429,492
429,498
429,505
429,508
429,509
429,524
429,526
429,527
429,589
429,598
429,613
429,628
429,631
429,667
429,690
429,717
429,720
429,740
429,744
429,747
429,762
429,763
429,783
429,794
429,800
429,801
430,431
430,433
430,434
430,435
430,439
430,461
430,464
430,467
430,472
430,486
430,488
430,490
430,492
430,498
430,505
430,508
430,509
430,524
430,526
430,527
430,589
430,598
430,613
430,628
430,631
430,632
430,656
430,667
430,690
430,717
430,720
430,744
430,747
430,762
430,763
430,783
430,794
430,800
430,801
431,433
431,434
431,435
431,439
431,461
431,464
431,467
431,472
431,490
431,492
431,498
431,505
431,508
431,509
431,524
431,526
431,527
431,589
431,598
431,613
431,628
431,631
431,632
431,667
431,690
431,717
431,720
431,744
431,747
431,762
431,763
431,783
431,792
431,794
431,800
431,801
433,434
433,435
433,439
433,461
433,464
433,467
433,472
433,490
433,492
433,498
433,505
433,508
433,509
433,524
433,526
433,527
433,589
433,598
433,613
433,631
433,632
433,667
433,690
433,717
433,720
433,744
433,747
433,762
433,763
433,783
433,792
433,794
433,800
433,801
434,435
434,439
434,461
434,464
434,467
434,472
434,490
434,498
434,505
434,508
434,509
434,524
434,526
434,527
434,589
434,598
434,613
434,631
434,690
434,717
434,720
434,740
434,744
434,747
434,762
434,763
434,783
434,794
434,801
435,439
435,461
435,464
435,467
435,472
435,490
435,492
435,498
435,505
435,508
435,509
435,524
435,526
435,527
435,589
435,598
435,613
435,628
435,631
435,690
435,701
435,717
435,720
435,740
435,744
435,747
435,762
435,763
435,783
435,794
435,800
435,801
436,438
436,442
436,444
436,451
436,470
436,473
436,474
436,475
436,477
436,484
436,485
436,487
436,496
436,500
436,511
436,555
436,556
436,590
436,611
436,616
436,651
436,684
436,691
436,694
436,696
436,697
436,742
436,743
436,745
436,746
436,750
436,751
436,753
436,759
436,767
436,781
436,790
436,797
436,804
436,809
436,810
437,439
437,461
437,467
437,486
437,488
437,492
437,509
437,524
437,527
437,618
437,633
437,635
437,656
437,667
437,674
437,701
437,720
437,732
437,734
437,740
437,741
437,799
438,442
438,444
438,451
438,470
438,473
438,474
438,475
438,477
438,484
438,485
438,487
438,489
438,491
438,496
438,504
438,511
438,518
438,521
438,555
438,556
438,569
438,582
438,590
438,611
438,616
438,651
438,663
438,686
438,693
438,694
438,696
438,697
438,735
438,742
438,743
438,745
438,746
438,750
438,751
438,753
438,759
438,767
438,781
438,790
438,797
438,804
438,809
438,811
439,461
439,464
439,467
439,472
439,486
439,488
439,490
439,492
439,498
439,505
439,508
439,509
439,524
439,526
439,527
439,589
439,598
439,613
439,628
439,631
439,632
439,635
439,656
439,667
439,690
439,701
439,717
439,720
439,732
439,740
439,744
439,747
439,762
439,763
439,783
439,792
439,794
439,800
439,801
441,443
441,445
441,446
441,447
441,448
441,449
441,450
441,454
441,515
441,520
441,530
441,532
441,534
441,547
441,557
441,558
441,559
441,563
441,564
441,570
441,573
441,574
441,575
441,617
441,623
441,624
441,625
441,641
441,692
441,702
441,703
441,714
441,721
441,739
441,742
441,743
441,767
441,768
441,790
441,795
441,809
442,451
442,453
442,470
442,473
442,474
442,475
442,477
442,484
442,485
442,487
442,495
442,496
442,501
442,507
442,511
442,517
442,519
442,555
442,569
442,581
442,582
442,590
442,591
442,593
442,596
442,611
442,612
442,616
442,643
442,651
442,663
442,684
442,689
442,693
442,694
442,696
442,697
442,742
442,745
442,746
442,750
442,751
442,753
442,759
442,767
442,774
442,776
442,781
442,790
442,797
442,804
442,807
442,811
442,815
443,444
443,445
443,446
443,447
443,448
443,449
443,450
443,511
443,547
443,641
443,692
443,742
443,743
443,767
443,795
443,809
444,445
444,446
444,447
444,448
444,449
444,450
444,462
444,476
444,477
444,478
444,479
444,480
444,485
444,487
444,489
444,491
444,496
444,497
444,500
444,503
444,504
444,511
444,512
444,518
444,521
444,525
444,556
444,559
444,582
444,599
444,641
444,691
444,692
444,696
444,702
444,735
444,738
444,742
444,743
444,745
444,746
444,751
444,753
444,767
444,781
444,782
444,785
444,790
444,797
444,804
444,809
444,810
444,811
445,446
445,447
445,448
445,449
445,450
445,454
445,485
445,496
445,511
445,547
445,558
445,559
445,574
445,617
445,623
445,641
445,686
445,692
445,702
445,703
445,742
445,743
445,767
445,768
445,790
445,795
445,809
446,447
446,448
446,449
446,450
446,454
446,511
446,547
446,641
446,686
446,692
446,768
446,809
447,448
447,449
447,450
447,454
447,485
447,496
447,511
447,547
447,559
447,574
447,617
447,641
447,686
447,692
447,742
447,743
447,767
447,768
447,790
447,795
447,809
448,449
448,450
448,454
448,496
448,511
448,547
448,559
448,574
448,641
448,686
448,692
448,742
448,743
448,767
448,768
448,790
448,795
448,809
449,450
449,454
449,485
449,496
449,511
449,530
449,547
449,556
449,558
449,559
449,574
449,617
449,623
449,641
449,686
449,692
449,702
449,703
449,742
449,743
449,767
449,768
449,790
449,795
449,809
449,810
450,454
450,485
450,511
450,530
450,547
450,559
450,574
450,617
450,641
450,686
450,692
450,742
450,743
450,767
450,768
450,790
450,795
450,809
450,810
451,453
451,470
451,473
451,474
451,475
451,477
451,484
451,485
451,501
451,507
451,517
451,519
451,555
451,569
451,581
451,582
451,590
451,591
451,593
451,595
451,611
451,612
451,616
451,643
451,651
451,663
451,684
451,689
451,693
451,694
451,696
451,697
451,700
451,733
451,745
451,746
451,750
451,751
451,753
451,759
451,776
451,780
451,781
451,788
451,797
451,804
451,807
451,811
453,469
453,470
453,473
453,474
453,475
453,477
453,484
453,485
453,487
453,494
453,501
453,507
453,514
453,517
453,543
453,544
453,581
453,582
453,590
453,591
453,592
453,593
453,595
453,596
453,600
453,611
453,612
453,643
453,660
453,663
453,669
453,684
453,694
453,706
453,712
453,737
453,738
453,745
453,751
453,753
453,759
453,760
453,774
453,776
453,781
454,476
454,479
454,480
454,489
454,491
454,497
454,500
454,503
454,504
454,512
454,515
454,518
454,521
454,525
454,530
454,532
454,534
454,537
454,545
454,547
454,557
454,558
454,559
454,564
454,570
454,573
454,574
454,575
454,617
454,623
454,624
454,625
454,641
454,691
454,692
454,702
454,703
454,704
454,714
454,739
454,768
454,785
454,790
454,795
454,810
455,510
455,529
457,626
457,754
458,585
459,775
461,464
461,467
461,472
461,486
461,488
461,490
461,492
461,498
461,505
461,508
461,509
461,524
461,526
461,527
461,589
461,598
461,613
461,628
461,631
461,632
461,635
461,656
461,667
461,690
461,701
461,717
461,720
461,732
461,740
461,744
461,747
461,762
461,763
461,783
461,792
461,794
461,800
461,801
462,476
462,478
462,479
462,480
462,489
462,491
462,497
462,500
462,503
462,504
462,512
462,518
462,521
462,525
462,530
462,532
462,534
462,556
462,557
462,558
462,559
462,564
462,599
462,624
462,691
462,702
462,703
462,704
462,714
462,721
462,735
462,737
462,738
462,739
462,742
462,743
462,758
462,767
462,771
462,782
462,785
462,790
462,810
463,529
463,533
464,467
464,472
464,486
464,488
464,490
464,492
464,498
464,505
464,508
464,509
464,524
464,526
464,527
464,589
464,598
464,613
464,628
464,631
464,632
464,656
464,667
464,690
464,701
464,717
464,720
464,732
464,740
464,744
464,747
464,762
464,763
464,783
464,792
464,794
464,800
464,801
465,510
465,516
465,529
467,472
467,486
467,488
467,490
467,492
467,498
467,505
467,508
467,509
467,524
467,526
467,527
467,589
467,598
467,613
467,628
467,631
467,632
467,656
467,667
467,690
467,701
467,717
467,720
467,732
467,740
467,744
467,747
467,762
467,763
467,783
467,792
467,794
467,800
467,801
469,494
469,507
469,514
469,523
469,541
469,543
469,544
469,592
469,600
469,618
469,633
469,660
469,669
469,699
469,705
469,706
469,707
469,712
469,725
469,738
469,755
469,756
470,473
470,474
470,475
470,477
470,482
470,484
470,485
470,487
470,495
470,501
470,507
470,511
470,517
470,519
470,555
470,569
470,581
470,582
470,590
470,591
470,593
470,595
470,596
470,611
470,612
470,616
470,643
470,651
470,663
470,684
470,689
470,693
470,694
470,696
470,697
470,700
470,733
470,745
470,746
470,750
470,751
470,753
470,759
470,774
470,776
470,780
470,781
470,790
470,797
470,804
470,807
470,811
470,815
471,744
472,486
472,488
472,490
472,492
472,498
472,505
472,508
472,509
472,524
472,526
472,527
472,589
472,598
472,613
472,628
472,631
472,633
472,635
472,656
472,690
472,701
472,717
472,720
472,732
472,740
472,744
472,747
472,762
472,763
472,783
472,794
472,800
472,801
473,474
473,475
473,477
473,482
473,484
473,485
473,487
473,501
473,507
473,517
473,519
473,555
473,569
473,581
473,582
473,590
473,591
473,593
473,596
473,604
473,611
473,612
473,616
473,643
473,651
473,663
473,684
473,689
473,693
473,694
473,696
473,697
473,700
473,733
473,742
473,745
473,746
473,750
473,751
473,753
473,759
473,774
473,776
473,780
473,781
473,790
473,797
473,804
473,807
473,811
474,475
474,477
474,484
474,485
474,487
474,501
474,507
474,517
474,519
474,555
474,569
474,571
474,582
474,590
474,591
474,592
474,593
474,595
474,596
474,611
474,612
474,616
474,643
474,651
474,663
474,684
474,689
474,693
474,694
474,695
474,696
474,697
474,700
474,745
474,746
474,750
474,751
474,753
474,759
474,774
474,776
474,780
474,781
474,797
474,804
474,807
474,811
475,477
475,482
475,484
475,485
475,487
475,496
475,507
475,511
475,517
475,519
475,555
475,569
475,571
475,581
475,582
475,590
475,591
475,593
475,611
475,612
475,616
475,643
475,651
475,663
475,684
475,689
475,693
475,694
475,696
475,697
475,700
475,733
475,745
475,746
475,750
475,751
475,753
475,759
475,774
475,776
475,780
475,781
475,788
475,797
475,804
475,807
475,811
475,815
476,478
476,479
476,480
476,489
476,491
476,497
476,500
476,503
476,504
476,512
476,518
476,521
476,525
476,530
476,532
476,534
476,537
476,547
476,556
476,557
476,558
476,559
476,564
476,570
476,574
476,599
476,617
476,624
476,625
476,641
476,691
476,702
476,703
476,704
476,714
476,721
476,735
476,738
476,739
476,742
476,743
476,758
476,767
476,771
476,782
476,785
476,790
476,795
476,809
476,810
477,484
477,485
477,487
477,507
477,514
477,517
477,519
477,555
477,569
477,582
477,590
477,593
477,596
477,608
477,611
477,612
477,616
477,643
477,651
477,663
477,669
477,684
477,689
477,693
477,694
477,696
477,697
477,745
477,746
477,750
477,751
477,753
477,759
477,776
477,781
477,786
477,788
477,797
477,804
478,479
478,480
478,489
478,491
478,497
478,500
478,503
478,504
478,512
478,518
478,521
478,525
478,530
478,532
478,534
478,537
478,556
478,557
478,558
478,559
478,564
478,599
478,691
478,702
478,703
478,704
478,721
478,735
478,737
478,738
478,739
478,742
478,743
478,758
478,767
478,771
478,782
478,785
478,790
478,809
478,810
479,480
479,489
479,491
479,497
479,500
479,503
479,504
479,512
479,518
479,521
479,525
479,530
479,532
479,534
479,537
479,547
479,556
479,557
479,558
479,559
479,564
479,570
479,574
479,575
479,599
479,617
479,624
479,625
479,691
479,702
479,703
479,704
479,714
479,721
479,735
479,738
479,739
479,742
479,743
479,758
479,767
479,771
479,782
479,785
479,790
479,795
479,798
479,809
479,810
480,489
480,491
480,496
480,497
480,500
480,503
480,504
480,511
480,512
480,518
480,521
480,525
480,530
480,532
480,534
480,537
480,547
480,556
480,557
480,558
480,559
480,564
480,599
480,691
480,692
480,702
480,703
480,704
480,714
480,721
480,735
480,738
480,739
480,742
480,743
480,758
480,767
480,771
480,782
480,785
480,790
480,809
480,810
482,485
482,487
482,651
482,694
482,696
482,697
482,745
482,751
482,753
482,781
482,797
482,804
482,805
482,808
483,723
484,485
484,487
484,501
484,507
484,514
484,519
484,555
484,569
484,582
484,590
484,591
484,593
484,595
484,611
484,612
484,616
484,643
484,651
484,663
484,684
484,689
484,693
484,694
484,696
484,697
484,745
484,746
484,750
484,751
484,753
484,759
484,776
484,781
484,786
484,797
484,804
484,811
485,487
485,496
485,507
485,511
485,517
485,555
485,556
485,569
485,582
485,590
485,591
485,593
485,611
485,612
485,616
485,643
485,651
485,663
485,684
485,693
485,694
485,696
485,697
485,737
485,742
485,743
485,745
485,746
485,750
485,751
485,753
485,759
485,767
485,776
485,781
485,790
485,797
486,488
486,490
486,492
486,498
486,505
486,524
486,527
486,589
486,598
486,613
486,618
486,631
486,633
486,635
486,656
486,674
486,701
486,720
486,732
486,740
486,741
486,744
486,799
487,496
487,507
487,511
487,514
487,555
487,556
487,582
487,591
487,593
487,596
487,611
487,612
487,616
487,643
487,651
487,684
487,693
487,694
487,696
487,697
487,737
487,742
487,743
487,745
487,746
487,750
487,751
487,753
487,759
487,767
487,776
487,781
487,786
487,790
487,797
488,490
488,492
488,505
488,508
488,509
488,524
488,527
488,589
488,598
488,613
488,618
488,631
488,633
488,635
488,656
488,674
488,701
488,717
488,720
488,732
488,740
488,741
488,744
488,762
488,763
488,799
489,491
489,496
489,497
489,500
489,503
489,504
489,511
489,512
489,518
489,521
489,525
489,530
489,532
489,534
489,537
489,547
489,556
489,557
489,558
489,559
489,564
489,574
489,599
489,625
489,691
489,702
489,703
489,704
489,714
489,721
489,735
489,737
489,738
489,739
489,742
489,743
489,758
489,767
489,768
489,771
489,782
489,785
489,790
489,795
489,809
489,810
490,492
490,498
490,505
490,508
490,509
490,524
490,526
490,527
490,589
490,598
490,613
490,628
490,631
490,632
490,656
490,667
490,690
490,701
490,717
490,720
490,732
490,740
490,744
490,747
490,762
490,763
490,783
490,792
490,794
490,800
490,801
491,496
491,497
491,500
491,503
491,504
491,511
491,512
491,518
491,521
491,525
491,530
491,532
491,534
491,537
491,547
491,556
491,557
491,558
491,559
491,564
491,574
491,599
491,617
491,624
491,625
491,641
491,691
491,692
491,702
491,703
491,704
491,714
491,721
491,735
491,738
491,739
491,742
491,743
491,758
491,767
491,771
491,782
491,785
491,790
491,795
491,809
491,810
492,498
492,505
492,508
492,509
492,524
492,527
492,589
492,598
492,613
492,618
492,628
492,631
492,633
492,635
492,656
492,667
492,674
492,690
492,701
492,717
492,720
492,732
492,740
492,741
492,744
492,762
492,763
492,794
492,799
493,495
494,495
494,507
494,514
494,523
494,543
494,544
494,545
494,592
494,595
494,600
494,608
494,618
494,660
494,669
494,705
494,706
494,712
494,716
494,755
494,776
495,569
496,497
496,500
496,503
496,504
496,511
496,518
496,521
496,525
496,556
496,641
496,651
496,686
496,691
496,692
496,694
496,696
496,697
496,742
496,743
496,745
496,746
496,750
496,751
496,753
496,767
496,785
496,790
496,797
496,809
496,810
496,811
497,500
497,503
497,504
497,511
497,512
497,518
497,521
497,525
497,530
497,532
497,534
497,537
497,547
497,556
497,557
497,558
497,559
497,564
497,574
497,599
497,691
497,702
497,703
497,704
497,714
497,721
497,735
497,738
497,739
497,742
497,743
497,758
497,767
497,768
497,771
497,782
497,785
497,790
497,795
497,809
497,810
498,505
498,508
498,509
498,524
498,526
498,527
498,589
498,598
498,613
498,631
498,656
498,690
498,701
498,717
498,720
498,732
498,740
498,744
498,747
498,762
498,763
498,783
498,794
498,800
498,801
500,503
500,504
500,512
500,518
500,521
500,525
500,530
500,532
500,534
500,537
500,547
500,556
500,557
500,558
500,559
500,564
500,599
500,691
500,702
500,703
500,704
500,721
500,735
500,737
500,738
500,739
500,742
500,743
500,758
500,767
500,771
500,782
500,785
500,790
500,809
500,810
501,507
501,514
501,517
501,591
501,593
501,595
501,612
501,626
501,643
501,663
501,684
501,694
501,745
501,751
501,753
501,759
501,776
501,781
501,797
502,510
502,516
503,504
503,511
503,512
503,518
503,521
503,525
503,530
503,532
503,534
503,537
503,547
503,556
503,557
503,558
503,559
503,564
503,599
503,691
503,702
503,703
503,704
503,714
503,721
503,735
503,738
503,739
503,742
503,743
503,758
503,767
503,768
503,771
503,782
503,785
503,790
503,795
503,809
503,810
504,511
504,512
504,518
504,521
504,525
504,530
504,532
504,534
504,537
504,547
504,556
504,557
504,558
504,559
504,564
504,599
504,641
504,691
504,692
504,702
504,703
504,704
504,714
504,721
504,735
504,738
504,739
504,742
504,743
504,758
504,767
504,771
504,782
504,785
504,790
504,809
504,810
505,508
505,509
505,524
505,526
505,527
505,589
505,598
505,613
505,628
505,631
505,656
505,667
505,690
505,701
505,717
505,720
505,732
505,740
505,744
505,747
505,762
505,763
505,783
505,794
505,800
505,801
506,510
507,514
507,517
507,543
507,544
507,555
507,569
507,581
507,582
507,591
507,592
507,593
507,595
507,600
507,611
507,612
507,643
507,660
507,663
507,669
507,684
507,693
507,706
507,712
507,737
507,745
507,750
507,751
507,753
507,759
507,774
507,776
507,781
507,788
507,797
508,509
508,524
508,526
508,527
508,589
508,598
508,613
508,631
508,690
508,717
508,740
508,744
508,747
508,762
508,763
508,783
508,794
508,800
508,801
509,524
509,526
509,527
509,589
509,598
509,613
509,628
509,631
509,667
509,688
509,690
509,701
509,717
509,720
509,744
509,747
509,762
509,763
509,783
509,794
509,800
509,801
510,516
510,529
510,540
510,754
511,512
511,518
511,521
511,525
511,547
511,556
511,616
511,641
511,651
511,686
511,691
511,692
511,693
511,694
511,696
511,697
511,742
511,743
511,745
511,746
511,750
511,751
511,753
511,767
511,781
511,785
511,790
511,797
511,807
511,809
511,810
511,811
511,815
512,518
512,521
512,525
512,530
512,532
512,534
512,537
512,556
512,557
512,558
512,559
512,564
512,599
512,624
512,691
512,692
512,702
512,703
512,704
512,714
512,721
512,735
512,738
512,739
512,742
512,743
512,758
512,767
512,771
512,782
512,785
512,790
512,795
512,810
514,517
514,523
514,543
514,544
514,581
514,582
514,591
514,592
514,593
514,595
514,600
514,612
514,626
514,660
514,669
514,705
514,706
514,712
514,776
514,786
515,520
515,530
515,557
515,558
515,564
515,570
515,573
515,574
515,575
515,617
515,623
515,624
515,625
515,691
515,702
515,703
515,768
516,529
516,540
517,569
517,590
517,591
517,593
517,595
517,612
517,616
517,651
517,663
517,684
517,694
517,696
517,697
517,733
517,745
517,750
517,751
517,753
517,760
517,776
517,788
517,804
518,521
518,525
518,530
518,532
518,534
518,537
518,547
518,556
518,557
518,558
518,559
518,564
518,599
518,625
518,691
518,702
518,703
518,704
518,714
518,721
518,735
518,737
518,738
518,739
518,742
518,743
518,758
518,767
518,771
518,782
518,785
518,790
518,795
518,809
518,810
519,555
519,569
519,571
519,582
519,590
519,591
519,609
519,611
519,616
519,643
519,651
519,663
519,684
519,693
519,694
519,696
519,697
519,700
519,733
519,745
519,746
519,750
519,751
519,753
519,759
519,780
519,781
519,797
519,804
519,807
519,815
520,570
520,573
520,574
520,575
520,617
520,623
520,625
520,768
520,795
520,798
521,525
521,530
521,532
521,534
521,537
521,547
521,556
521,557
521,558
521,559
521,564
521,599
521,691
521,692
521,702
521,703
521,704
521,714
521,721
521,735
521,738
521,739
521,742
521,743
521,758
521,767
521,771
521,782
521,785
521,790
521,809
521,810
522,801
523,543
523,544
523,545
523,563
523,600
523,618
523,626
523,660
523,669
523,705
523,706
523,712
523,716
524,527
524,589
524,598
524,618
524,631
524,633
524,635
524,656
524,667
524,690
524,701
524,717
524,720
524,732
524,740
524,741
524,744
524,747
524,762
524,763
524,783
524,794
524,799
524,800
525,530
525,532
525,534
525,537
525,547
525,556
525,557
525,558
525,559
525,564
525,599
525,641
525,691
525,692
525,702
525,703
525,704
525,714
525,721
525,735
525,737
525,738
525,739
525,742
525,743
525,758
525,767
525,771
525,782
525,785
525,790
525,809
525,810
526,527
526,589
526,598
526,613
526,618
526,628
526,631
526,633
526,667
526,690
526,717
526,720
526,744
526,762
526,763
526,783
526,794
526,800
527,589
527,598
527,613
527,628
527,631
527,632
527,635
527,656
527,667
527,690
527,701
527,717
527,720
527,732
527,740
527,741
527,744
527,747
527,762
527,763
527,783
527,792
527,794
527,800
527,801
528,536
528,543
528,716
528,755
528,770
529,533
529,540
529,793
530,532
530,534
530,537
530,545
530,556
530,557
530,558
530,559
530,563
530,564
530,570
530,573
530,574
530,575
530,576
530,599
530,617
530,623
530,624
530,625
530,691
530,702
530,703
530,704
530,705
530,706
530,711
530,714
530,721
530,735
530,738
530,739
530,767
530,768
530,771
530,782
530,785
530,790
530,795
530,810
531,535
531,699
531,755
531,756
532,534
532,537
532,545
532,556
532,557
532,558
532,559
532,563
532,564
532,570
532,573
532,574
532,575
532,617
532,623
532,624
532,625
532,691
532,702
532,703
532,704
532,705
532,706
532,711
532,713
532,714
532,721
532,735
532,738
532,739
532,768
532,771
532,782
532,785
532,795
534,537
534,556
534,557
534,558
534,559
534,563
534,564
534,570
534,573
534,574
534,575
534,617
534,623
534,624
534,625
534,691
534,702
534,703
534,704
534,705
534,711
534,714
534,721
534,735
534,738
534,739
534,768
534,782
534,785
534,795
535,538
537,547
537,557
537,558
537,559
537,564
537,570
537,574
537,575
537,617
537,623
537,624
537,625
537,702
537,703
537,704
537,705
537,711
537,713
537,714
537,721
537,735
537,739
537,782
537,785
537,795
541,600
541,613
541,660
541,699
541,756
542,654
542,698
542,755
542,756
542,772
543,544
543,545
543,600
543,618
543,626
543,660
543,669
543,705
543,706
543,712
543,716
543,752
544,545
544,592
544,595
544,600
544,618
544,660
544,669
544,705
544,706
544,712
544,716
545,547
545,557
545,563
545,564
545,618
545,624
545,660
545,704
545,705
545,706
545,711
545,712
545,714
545,721
545,739
545,768
547,558
547,559
547,641
547,691
547,692
547,702
547,703
547,742
547,743
547,767
547,768
547,785
547,790
547,809
555,556
555,569
555,581
555,582
555,590
555,591
555,593
555,611
555,612
555,616
555,643
555,651
555,663
555,684
555,689
555,693
555,694
555,696
555,697
555,700
555,742
555,745
555,746
555,750
555,751
555,753
555,759
555,767
555,776
555,781
555,788
555,790
555,797
555,804
555,811
556,558
556,559
556,564
556,599
556,612
556,641
556,691
556,692
556,702
556,703
556,735
556,738
556,739
556,742
556,743
556,758
556,767
556,782
556,785
556,790
556,797
556,809
556,810
557,558
557,559
557,563
557,564
557,570
557,573
557,574
557,575
557,599
557,617
557,623
557,624
557,625
557,691
557,702
557,703
557,704
557,705
557,706
557,711
557,714
557,721
557,735
557,737
557,738
557,739
557,768
557,771
557,782
557,785
557,790
557,795
557,810
558,559
558,563
558,564
558,570
558,573
558,574
558,575
558,617
558,623
558,624
558,625
558,691
558,702
558,703
558,704
558,705
558,711
558,714
558,721
558,735
558,738
558,739
558,742
558,767
558,768
558,771
558,782
558,785
558,790
558,795
558,810
559,563
559,564
559,570
559,573
559,574
559,575
559,617
559,623
559,624
559,625
559,641
559,691
559,692
559,702
559,703
559,704
559,705
559,711
559,714
559,721
559,735
559,738
559,739
559,742
559,743
559,767
559,768
559,771
559,782
559,785
559,790
559,795
559,809
559,810
563,564
563,570
563,573
563,574
563,575
563,576
563,617
563,623
563,624
563,625
563,660
563,702
563,703
563,704
563,705
563,706
563,711
563,712
563,714
563,721
563,739
563,768
563,795
564,570
564,573
564,574
564,575
564,599
564,617
564,623
564,624
564,625
564,691
564,702
564,703
564,704
564,705
564,706
564,711
564,714
564,721
564,735
564,738
564,739
564,768
564,771
564,782
564,785
564,790
564,795
564,810
566,755
569,582
569,590
569,591
569,593
569,611
569,612
569,616
569,643
569,651
569,663
569,684
569,689
569,693
569,694
569,696
569,697
569,700
569,742
569,745
569,746
569,750
569,751
569,753
569,759
569,776
569,781
569,797
569,804
569,811
570,573
570,574
570,575
570,576
570,617
570,623
570,624
570,625
570,702
570,703
570,704
570,705
570,711
570,714
570,721
570,739
570,768
570,795
571,578
571,590
571,616
571,643
571,651
571,663
571,689
571,693
571,694
571,695
571,697
571,700
571,733
571,745
571,751
571,760
571,780
571,788
573,574
573,575
573,576
573,617
573,623
573,624
573,625
573,702
573,703
573,704
573,711
573,714
573,721
573,739
573,768
573,795
574,575
574,576
574,617
574,623
574,624
574,625
574,641
574,702
574,703
574,704
574,705
574,711
574,714
574,721
574,739
574,768
574,795
575,576
575,617
575,623
575,624
575,625
575,702
575,703
575,704
575,705
575,711
575,714
575,721
575,739
575,768
575,795
576,617
576,623
576,624
576,625
576,711
576,768
576,795
577,591
577,605
577,755
577,802
577,803
578,700
578,760
581,582
581,590
581,591
581,593
581,611
581,612
581,643
581,651
581,663
581,694
581,745
581,750
581,751
581,753
581,774
581,776
581,797
582,590
582,591
582,592
582,593
582,596
582,604
582,611
582,612
582,616
582,629
582,643
582,651
582,663
582,684
582,693
582,694
582,696
582,745
582,746
582,750
582,751
582,753
582,759
582,774
582,776
582,781
582,786
582,790
582,797
582,804
585,773
589,598
589,613
589,628
589,631
589,632
589,656
589,667
589,690
589,717
589,720
589,732
589,740
589,744
589,747
589,762
589,763
589,783
589,792
589,794
589,800
589,801
590,591
590,593
590,611
590,612
590,616
590,643
590,651
590,663
590,684
590,689
590,693
590,694
590,696
590,697
590,745
590,746
590,750
590,751
590,753
590,759
590,776
590,780
590,781
590,797
590,804
590,811
591,592
591,593
591,604
591,605
591,611
591,612
591,616
591,643
591,651
591,663
591,669
591,684
591,693
591,694
591,745
591,746
591,750
591,751
591,753
591,774
591,776
591,781
591,788
591,797
592,593
592,596
592,600
592,604
592,608
592,612
592,629
592,643
592,660
592,669
592,707
592,737
592,738
592,774
592,776
592,786
593,595
593,600
593,604
593,611
593,612
593,616
593,643
593,663
593,669
593,684
593,693
593,694
593,737
593,738
593,745
593,746
593,750
593,751
593,753
593,759
593,774
593,776
593,781
593,797
594,755
595,600
595,643
595,660
595,663
595,669
595,684
595,759
595,760
596,600
596,608
596,684
596,694
596,735
596,737
596,738
596,746
596,751
596,776
596,781
596,786
597,602
597,752
598,613
598,628
598,631
598,633
598,656
598,690
598,698
598,717
598,720
598,740
598,741
598,744
598,747
598,755
598,762
598,763
598,772
598,783
598,794
598,800
598,801
599,691
599,702
599,703
599,735
599,737
599,738
599,742
599,743
599,758
599,767
599,771
599,782
599,785
599,790
599,810
600,608
600,612
600,618
600,660
600,669
600,705
600,706
600,707
600,712
600,716
600,737
600,738
600,776
600,786
602,769
604,612
604,629
604,749
604,774
605,698
605,803
608,776
608,786
609,700
609,780
609,805
610,619
611,612
611,616
611,643
611,651
611,663
611,684
611,689
611,693
611,694
611,696
611,697
611,700
611,745
611,746
611,750
611,751
611,753
611,759
611,776
611,781
611,797
611,804
611,811
612,616
612,643
612,651
612,663
612,669
612,684
612,693
612,694
612,745
612,746
612,750
612,751
612,753
612,759
612,774
612,776
612,781
612,797
612,804
613,628
613,631
613,633
613,690
613,717
613,720
613,744
613,762
613,763
613,783
613,794
613,800
613,801
616,643
616,651
616,663
616,684
616,689
616,693
616,694
616,696
616,697
616,700
616,733
616,742
616,745
616,746
616,750
616,751
616,753
616,759
616,767
616,776
616,781
616,788
616,790
616,797
616,804
616,811
616,815
617,623
617,624
617,625
617,702
617,703
617,704
617,714
617,721
617,739
617,768
617,795
618,633
618,635
618,656
618,660
618,667
618,674
618,701
618,705
618,706
618,712
618,720
618,732
618,734
618,740
618,741
619,649
623,624
623,625
623,702
623,703
623,704
623,711
623,714
623,721
623,739
623,768
623,771
623,795
624,625
624,702
624,703
624,704
624,705
624,711
624,714
624,721
624,739
624,768
624,795
625,702
625,703
625,704
625,711
625,714
625,721
625,739
625,768
625,771
625,795
626,629
626,669
626,705
626,706
626,712
628,631
628,690
628,717
628,720
628,744
628,762
628,763
628,792
628,794
629,781
631,690
631,717
631,720
631,744
631,762
631,763
631,783
631,792
631,794
631,800
631,801
632,717
632,744
632,762
632,763
632,783
632,794
633,635
633,656
633,667
633,674
633,701
633,720
633,732
633,734
633,740
633,741
633,755
635,656
635,667
635,701
635,707
635,732
635,734
635,740
635,741
636,650
641,686
641,691
641,692
641,702
641,703
641,742
641,743
641,767
641,768
641,790
641,795
641,809
641,810
643,651
643,663
643,669
643,684
643,689
643,693
643,694
643,696
643,697
643,700
643,733
643,737
643,745
643,746
643,750
643,751
643,753
643,759
643,774
643,776
643,781
643,788
643,797
643,804
643,811
651,663
651,684
651,689
651,693
651,694
651,696
651,697
651,733
651,745
651,746
651,750
651,751
651,753
651,759
651,776
651,780
651,781
651,797
651,804
651,807
651,811
651,815
652,666
654,698
654,716
654,770
656,674
656,690
656,701
656,720
656,732
656,740
656,741
656,744
656,762
656,799
660,669
660,698
660,705
660,706
660,707
660,712
660,716
660,755
660,756
663,669
663,684
663,689
663,693
663,694
663,696
663,697
663,700
663,733
663,745
663,746
663,750
663,751
663,753
663,759
663,776
663,780
663,781
663,788
663,797
663,804
663,807
663,811
666,773
667,690
667,701
667,717
667,734
667,740
667,741
667,762
667,763
667,783
667,794
667,800
669,706
669,712
669,716
669,776
674,701
674,732
674,740
674,741
684,689
684,693
684,694
684,696
684,697
684,745
684,746
684,750
684,751
684,753
684,759
684,760
684,781
684,797
684,804
686,742
686,743
686,767
686,790
686,809
689,693
689,694
689,696
689,733
689,745
689,746
689,750
689,751
689,753
689,759
689,781
689,797
689,804
690,717
690,720
690,744
690,747
690,762
690,763
690,783
690,792
690,794
690,800
690,801
691,702
691,703
691,721
691,735
691,738
691,739
691,742
691,743
691,758
691,767
691,771
691,782
691,785
691,790
691,809
691,810
692,742
692,743
692,767
692,768
692,790
692,809
692,810
693,694
693,696
693,697
693,700
693,745
693,746
693,750
693,751
693,753
693,759
693,776
693,780
693,781
693,788
693,797
693,804
694,696
694,697
694,700
694,733
694,745
694,746
694,750
694,751
694,753
694,759
694,774
694,776
694,780
694,781
694,788
694,790
694,797
694,804
694,807
694,811
694,815
695,700
695,750
695,760
695,788
696,697
696,733
696,745
696,746
696,750
696,751
696,753
696,759
696,780
696,781
696,788
696,790
696,797
696,804
696,807
696,811
696,815
697,700
697,733
697,745
697,746
697,750
697,751
697,753
697,759
697,780
697,781
697,790
697,797
697,804
697,807
697,811
697,815
698,699
698,755
698,770
698,772
699,716
699,755
699,756
699,770
700,733
700,745
700,751
700,753
700,759
700,788
700,797
701,720
701,732
701,740
701,741
701,744
701,747
701,763
701,794
701,799
702,703
702,704
702,705
702,711
702,713
702,714
702,721
702,735
702,738
702,739
702,742
702,743
702,767
702,768
702,782
702,785
702,790
702,795
702,809
702,810
703,704
703,705
703,711
703,713
703,714
703,721
703,735
703,738
703,739
703,742
703,767
703,768
703,771
703,782
703,785
703,790
703,795
703,809
703,810
704,705
704,706
704,711
704,714
704,721
704,735
704,738
704,739
704,768
704,771
704,782
704,795
705,706
705,711
705,712
705,714
705,721
705,735
705,738
705,739
705,768
705,771
705,782
706,711
706,712
706,714
706,721
706,738
706,739
706,776
711,712
711,714
711,721
711,738
711,739
711,768
711,771
711,782
711,795
713,745
713,746
713,781
713,811
714,721
714,735
714,738
714,739
714,768
714,782
714,785
714,795
716,755
716,756
716,770
717,720
717,740
717,744
717,747
717,762
717,763
717,783
717,792
717,794
717,800
717,801
720,732
720,740
720,741
720,744
720,762
720,763
720,794
720,799
721,735
721,738
721,739
721,758
721,768
721,771
721,782
721,785
721,795
732,740
732,741
732,744
732,762
732,799
733,745
733,750
733,751
733,753
733,759
733,760
733,780
733,788
733,804
734,741
735,737
735,738
735,739
735,742
735,743
735,758
735,767
735,771
735,782
735,785
735,786
735,790
735,810
737,738
737,742
737,743
737,767
737,782
737,786
737,790
738,739
738,742
738,743
738,767
738,771
738,782
738,785
738,786
738,790
738,810
739,758
739,768
739,771
739,782
739,785
739,795
740,741
740,744
740,762
740,799
741,799
742,743
742,750
742,758
742,767
742,782
742,785
742,790
742,795
742,797
742,809
742,810
743,758
743,767
743,782
743,785
743,790
743,809
743,810
744,747
744,762
744,763
744,783
744,792
744,794
744,800
744,801
745,746
745,750
745,751
745,753
745,759
745,774
745,776
745,780
745,781
745,790
745,797
745,804
745,807
745,811
745,815
746,750
746,751
746,753
746,759
746,774
746,776
746,781
746,788
746,790
746,797
746,804
746,807
746,811
746,815
747,762
747,763
747,783
747,794
747,800
749,774
750,751
750,753
750,759
750,774
750,776
750,780
750,781
750,790
750,797
750,804
750,811
751,753
751,759
751,774
751,776
751,780
751,781
751,797
751,804
751,807
751,811
751,815
753,759
753,774
753,776
753,781
753,797
753,804
753,807
753,811
753,815
755,756
755,770
755,802
756,770
758,767
758,771
758,782
758,785
758,790
759,780
759,781
759,797
759,804
759,807
760,788
762,763
762,783
762,794
762,800
762,801
763,783
763,792
763,794
763,800
763,801
767,782
767,785
767,790
767,797
767,809
767,810
768,795
769,786
771,782
771,785
774,776
774,781
774,784
774,797
775,783
775,789
775,792
775,800
776,781
776,788
776,797
780,781
780,788
780,797
780,804
780,805
780,807
780,811
781,786
781,788
781,797
781,804
781,807
781,811
781,815
782,785
782,790
782,795
782,810
783,792
783,794
783,800
783,801
785,790
785,795
785,809
785,810
786,797
788,797
788,804
789,793
790,795
790,797
790,809
790,810
790,811
791,793
792,794
792,800
792,801
794,800
794,801
797,804
797,807
797,809
797,811
797,815
798,809
800,801
801,808
802,803
802,804
802,805
803,804
803,805
803,808
804,805
804,807
804,808
804,811
804,812
804,813
804,815
804,816
804,817
804,820
805,807
805,808
805,811
805,812
805,813
805,815
805,816
805,817
805,820
807,808
807,809
807,811
807,813
807,815
808,811
808,812
808,813
808,816
808,817
809,810
809,811
810,811
811,812
811,813
811,815
811,816
811,817
811,820
812,813
812,815
812,816
812,817
812,820
813,815
813,816
813,817
813,820
815,816
815,817
815,820
816,817
816,820
817,820
