"from","to","weight"
"José Manuel GARCÍA-MARGALLO Y MARFIL (ESP-EPP)","Lena DÜPONT (DEU-EPP)",1
"José Manuel GARCÍA-MARGALLO Y MARFIL (ESP-EPP)","Javier ZARZALEJOS (ESP-EPP)",1
"Rainer WIELAND (DEU-EPP)","Niclas HERBST (DEU-EPP)",1
"Angelika NIEBLER (DEU-EPP)","Andreas SCHWAB (DEU-EPP)",1
"Angelika NIEBLER (DEU-EPP)","Lukas MANDL (AUT-EPP)",1
"Angelika NIEBLER (DEU-EPP)","Marlene MORTLER (DEU-EPP)",1
"Angelika NIEBLER (DEU-EPP)","Alexander ALEXANDROV YORDANOV (BGR-EPP)",1
"Antonius MANDERS (NLD-EPP)","Ralf SEEKATZ (DEU-EPP)",1
"Sergio BERLATO (ITA-ECR)","Adam BIELAN (POL-ECR)",1
"Sergio BERLATO (ITA-ECR)","Jacek SARYUSZ-WOLSKI (POL-ECR)",1
"Sergio BERLATO (ITA-ECR)","Anna FOTYGA (POL-ECR)",1
"Sergio BERLATO (ITA-ECR)","Ryszard CZARNECKI (POL-ECR)",1
"Sergio BERLATO (ITA-ECR)","Marco CAMPOMENOSI (ITA-ID)",1
"Sergio BERLATO (ITA-ECR)","Ryszard Antoni LEGUTKO (POL-ECR)",1
"Sergio BERLATO (ITA-ECR)","Tomasz Piotr PORĘBA (POL-ECR)",1
"Sergio BERLATO (ITA-ECR)","Carlo FIDANZA (ITA-ECR)",1
"Sergio BERLATO (ITA-ECR)","Angel DZHAMBAZKI (BGR-ECR)",1
"Sergio BERLATO (ITA-ECR)","Jadwiga WIŚNIEWSKA (POL-ECR)",1
"Sergio BERLATO (ITA-ECR)","Kosma ZŁOTOWSKI (POL-ECR)",1
"Sergio BERLATO (ITA-ECR)","Karol KARSKI (POL-ECR)",1
"Sergio BERLATO (ITA-ECR)","Zdzisław KRASNODĘBSKI (POL-ECR)",1
"Sergio BERLATO (ITA-ECR)","Jörg MEUTHEN (DEU-ID)",1
"Sergio BERLATO (ITA-ECR)","Lars Patrick BERG (DEU-ECR)",1
"Sergio BERLATO (ITA-ECR)","Joachim Stanisław BRUDZIŃSKI (POL-ECR)",1
"Sergio BERLATO (ITA-ECR)","Patryk JAKI (POL-ECR)",1
"Sergio BERLATO (ITA-ECR)","Krzysztof JURGIEL (POL-ECR)",1
"Sergio BERLATO (ITA-ECR)","Beata KEMPA (POL-ECR)",1
"Sergio BERLATO (ITA-ECR)","Izabela-Helena KLOC (POL-ECR)",1
"Sergio BERLATO (ITA-ECR)","Joanna KOPCIŃSKA (POL-ECR)",1
"Sergio BERLATO (ITA-ECR)","Elżbieta KRUK (POL-ECR)",1
"Sergio BERLATO (ITA-ECR)","Alexandr VONDRA (CZE-ECR)",1
"Sergio BERLATO (ITA-ECR)","Beata MAZUREK (POL-ECR)",1
"Sergio BERLATO (ITA-ECR)","Andżelika Anna MOŻDŻANOWSKA (POL-ECR)",1
"Sergio BERLATO (ITA-ECR)","Elżbieta RAFALSKA (POL-ECR)",1
"Sergio BERLATO (ITA-ECR)","Bogdan RZOŃCA (POL-ECR)",1
"Sergio BERLATO (ITA-ECR)","Beata SZYDŁO (POL-ECR)",1
"Sergio BERLATO (ITA-ECR)","Grzegorz TOBISZOWSKI (POL-ECR)",1
"Sergio BERLATO (ITA-ECR)","Witold Jan WASZCZYKOWSKI (POL-ECR)",1
"Sergio BERLATO (ITA-ECR)","Anna ZALEWSKA (POL-ECR)",1
"Sergio BERLATO (ITA-ECR)","Pietro FIOCCHI (ITA-ECR)",1
"Sergio BERLATO (ITA-ECR)","Bert-Jan RUISSEN (NLD-ECR)",1
"Sergio BERLATO (ITA-ECR)","Nicola PROCACCINI (ITA-ECR)",1
"Sergio BERLATO (ITA-ECR)","Raffaele STANCANELLI (ITA-ECR)",1
"Sergio BERLATO (ITA-ECR)","Jorge BUXADÉ VILLALBA (ESP-ECR)",1
"Sergio BERLATO (ITA-ECR)","Hermann TERTSCH (ESP-ECR)",1
"Sergio BERLATO (ITA-ECR)","Andrey SLABAKOV (BGR-ECR)",1
"Sergio BERLATO (ITA-ECR)","Mazaly AGUILAR (ESP-ECR)",1
"Sergio BERLATO (ITA-ECR)","Emmanouil FRAGKOS (GRC-ECR)",1
"Sergio BERLATO (ITA-ECR)","Vincenzo SOFO (ITA-ECR)",1
"Sergio BERLATO (ITA-ECR)","Dominik TARCZYŃSKI (POL-ECR)",1
"Sergio BERLATO (ITA-ECR)","Margarita DE LA PISA CARRIÓN (ESP-ECR)",1
"Sergio BERLATO (ITA-ECR)","Ladislav ILČIĆ (HRV-ECR)",1
"Brice HORTEFEUX (FRA-EPP)","Anne SANDER (FRA-EPP)",1
"Brice HORTEFEUX (FRA-EPP)","Nadine MORANO (FRA-EPP)",1
"Brice HORTEFEUX (FRA-EPP)","Evžen TOŠENOVSKÝ (CZE-ECR)",1
"Brice HORTEFEUX (FRA-EPP)","Arnaud DANJEAN (FRA-EPP)",1
"Brice HORTEFEUX (FRA-EPP)","Geoffroy DIDIER (FRA-EPP)",1
"Brice HORTEFEUX (FRA-EPP)","François-Xavier BELLAMY (FRA-EPP)",1
"Brice HORTEFEUX (FRA-EPP)","Nathalie COLIN-OESTERLÉ (FRA-EPP)",1
"Brice HORTEFEUX (FRA-EPP)","Veronika VRECIONOVÁ (CZE-ECR)",1
"Jan ZAHRADIL (CZE-ECR)","Adam BIELAN (POL-ECR)",1
"Jan ZAHRADIL (CZE-ECR)","Anna FOTYGA (POL-ECR)",1
"Jan ZAHRADIL (CZE-ECR)","Ryszard CZARNECKI (POL-ECR)",1
"Jan ZAHRADIL (CZE-ECR)","Evžen TOŠENOVSKÝ (CZE-ECR)",1
"Jan ZAHRADIL (CZE-ECR)","Ryszard Antoni LEGUTKO (POL-ECR)",1
"Jan ZAHRADIL (CZE-ECR)","Tomasz Piotr PORĘBA (POL-ECR)",1
"Jan ZAHRADIL (CZE-ECR)","Angel DZHAMBAZKI (BGR-ECR)",1
"Jan ZAHRADIL (CZE-ECR)","Jadwiga WIŚNIEWSKA (POL-ECR)",1
"Jan ZAHRADIL (CZE-ECR)","Kosma ZŁOTOWSKI (POL-ECR)",1
"Jan ZAHRADIL (CZE-ECR)","Zdzisław KRASNODĘBSKI (POL-ECR)",1
"Jan ZAHRADIL (CZE-ECR)","Geert BOURGEOIS (BEL-ECR)",1
"Jan ZAHRADIL (CZE-ECR)","Assita KANKO (BEL-ECR)",1
"Jan ZAHRADIL (CZE-ECR)","Beata KEMPA (POL-ECR)",1
"Jan ZAHRADIL (CZE-ECR)","Izabela-Helena KLOC (POL-ECR)",1
"Jan ZAHRADIL (CZE-ECR)","Joanna KOPCIŃSKA (POL-ECR)",1
"Jan ZAHRADIL (CZE-ECR)","Elżbieta KRUK (POL-ECR)",1
"Jan ZAHRADIL (CZE-ECR)","François-Xavier BELLAMY (FRA-EPP)",1
"Jan ZAHRADIL (CZE-ECR)","Alexandr VONDRA (CZE-ECR)",1
"Jan ZAHRADIL (CZE-ECR)","Beata MAZUREK (POL-ECR)",1
"Jan ZAHRADIL (CZE-ECR)","Andżelika Anna MOŻDŻANOWSKA (POL-ECR)",1
"Jan ZAHRADIL (CZE-ECR)","Elżbieta RAFALSKA (POL-ECR)",1
"Jan ZAHRADIL (CZE-ECR)","Bogdan RZOŃCA (POL-ECR)",1
"Jan ZAHRADIL (CZE-ECR)","Veronika VRECIONOVÁ (CZE-ECR)",1
"Jan ZAHRADIL (CZE-ECR)","Beata SZYDŁO (POL-ECR)",1
"Jan ZAHRADIL (CZE-ECR)","Grzegorz TOBISZOWSKI (POL-ECR)",1
"Jan ZAHRADIL (CZE-ECR)","Witold Jan WASZCZYKOWSKI (POL-ECR)",1
"Jan ZAHRADIL (CZE-ECR)","Anna ZALEWSKA (POL-ECR)",1
"Jan ZAHRADIL (CZE-ECR)","Eugen JURZYCA (SVK-ECR)",1
"Jan ZAHRADIL (CZE-ECR)","Bert-Jan RUISSEN (NLD-ECR)",1
"Jan ZAHRADIL (CZE-ECR)","Dominik TARCZYŃSKI (POL-ECR)",1
"Jan ZAHRADIL (CZE-ECR)","Ladislav ILČIĆ (HRV-ECR)",1
"Adam BIELAN (POL-ECR)","Jacek SARYUSZ-WOLSKI (POL-ECR)",1
"Adam BIELAN (POL-ECR)","Anna FOTYGA (POL-ECR)",1
"Adam BIELAN (POL-ECR)","Ryszard CZARNECKI (POL-ECR)",1
"Adam BIELAN (POL-ECR)","Zbigniew KUŹMIUK (POL-ECR)",1
"Adam BIELAN (POL-ECR)","Ryszard Antoni LEGUTKO (POL-ECR)",1
"Adam BIELAN (POL-ECR)","Tomasz Piotr PORĘBA (POL-ECR)",1
"Adam BIELAN (POL-ECR)","Carlo FIDANZA (ITA-ECR)",1
"Adam BIELAN (POL-ECR)","Angel DZHAMBAZKI (BGR-ECR)",1
"Adam BIELAN (POL-ECR)","Jadwiga WIŚNIEWSKA (POL-ECR)",1
"Adam BIELAN (POL-ECR)","Kosma ZŁOTOWSKI (POL-ECR)",1
"Adam BIELAN (POL-ECR)","Karol KARSKI (POL-ECR)",1
"Adam BIELAN (POL-ECR)","Zdzisław KRASNODĘBSKI (POL-ECR)",1
"Adam BIELAN (POL-ECR)","Joachim Stanisław BRUDZIŃSKI (POL-ECR)",1
"Adam BIELAN (POL-ECR)","Patryk JAKI (POL-ECR)",1
"Adam BIELAN (POL-ECR)","Krzysztof JURGIEL (POL-ECR)",1
"Adam BIELAN (POL-ECR)","Beata KEMPA (POL-ECR)",1
"Adam BIELAN (POL-ECR)","Izabela-Helena KLOC (POL-ECR)",1
"Adam BIELAN (POL-ECR)","Joanna KOPCIŃSKA (POL-ECR)",1
"Adam BIELAN (POL-ECR)","Elżbieta KRUK (POL-ECR)",1
"Adam BIELAN (POL-ECR)","Alexandr VONDRA (CZE-ECR)",1
"Adam BIELAN (POL-ECR)","Beata MAZUREK (POL-ECR)",1
"Adam BIELAN (POL-ECR)","Andżelika Anna MOŻDŻANOWSKA (POL-ECR)",1
"Adam BIELAN (POL-ECR)","Elżbieta RAFALSKA (POL-ECR)",1
"Adam BIELAN (POL-ECR)","Bogdan RZOŃCA (POL-ECR)",1
"Adam BIELAN (POL-ECR)","Beata SZYDŁO (POL-ECR)",1
"Adam BIELAN (POL-ECR)","Grzegorz TOBISZOWSKI (POL-ECR)",1
"Adam BIELAN (POL-ECR)","Witold Jan WASZCZYKOWSKI (POL-ECR)",1
"Adam BIELAN (POL-ECR)","Anna ZALEWSKA (POL-ECR)",1
"Adam BIELAN (POL-ECR)","Pietro FIOCCHI (ITA-ECR)",1
"Adam BIELAN (POL-ECR)","Bert-Jan RUISSEN (NLD-ECR)",1
"Adam BIELAN (POL-ECR)","Nicola PROCACCINI (ITA-ECR)",1
"Adam BIELAN (POL-ECR)","Raffaele STANCANELLI (ITA-ECR)",1
"Adam BIELAN (POL-ECR)","Hermann TERTSCH (ESP-ECR)",1
"Adam BIELAN (POL-ECR)","Vincenzo SOFO (ITA-ECR)",1
"Adam BIELAN (POL-ECR)","Dominik TARCZYŃSKI (POL-ECR)",1
"Anne SANDER (FRA-EPP)","Nadine MORANO (FRA-EPP)",1
"Anne SANDER (FRA-EPP)","Arnaud DANJEAN (FRA-EPP)",1
"Anne SANDER (FRA-EPP)","François-Xavier BELLAMY (FRA-EPP)",1
"Anne SANDER (FRA-EPP)","Nathalie COLIN-OESTERLÉ (FRA-EPP)",1
"Lefteris CHRISTOFOROU (CYP-EPP)","Ismail ERTUG (DEU-SD)",1
"Lefteris CHRISTOFOROU (CYP-EPP)","Michal ŠIMEČKA (SVK-RENEW)",1
"Lefteris CHRISTOFOROU (CYP-EPP)","Eleonora EVI (ITA-GREEN_EFA)",1
"Lefteris CHRISTOFOROU (CYP-EPP)","Simona BONAFÈ (ITA-SD)",1
"Lefteris CHRISTOFOROU (CYP-EPP)","Krzysztof HETMAN (POL-EPP)",1
"Lefteris CHRISTOFOROU (CYP-EPP)","Jytte GUTELAND (SWE-SD)",1
"Lefteris CHRISTOFOROU (CYP-EPP)","Christophe HANSEN (LUX-EPP)",1
"Lefteris CHRISTOFOROU (CYP-EPP)","Loucas FOURLAS (CYP-EPP)",1
"Lefteris CHRISTOFOROU (CYP-EPP)","Bartosz ARŁUKOWICZ (POL-EPP)",1
"Lefteris CHRISTOFOROU (CYP-EPP)","Radosław SIKORSKI (POL-EPP)",1
"Lefteris CHRISTOFOROU (CYP-EPP)","Søren GADE (DNK-RENEW)",1
"Lefteris CHRISTOFOROU (CYP-EPP)","Pierfrancesco MAJORINO (ITA-SD)",1
"Lefteris CHRISTOFOROU (CYP-EPP)","Simone SCHMIEDTBAUER (AUT-EPP)",1
"Lefteris CHRISTOFOROU (CYP-EPP)","Adriana MALDONADO LÓPEZ (ESP-SD)",1
"Lefteris CHRISTOFOROU (CYP-EPP)","Álvaro AMARO (PRT-EPP)",1
"Lefteris CHRISTOFOROU (CYP-EPP)","Luisa REGIMENTI (ITA-ID)",1
"Lefteris CHRISTOFOROU (CYP-EPP)","Andrea CAROPPO (ITA-EPP)",1
"Daniel CASPARY (DEU-EPP)","Aušra SEIBUTYTĖ (LTU-EPP)",1
"Andreas SCHWAB (DEU-EPP)","Jarosław KALINOWSKI (POL-EPP)",1
"Andreas SCHWAB (DEU-EPP)","Christine SCHNEIDER (DEU-EPP)",1
"Andreas SCHWAB (DEU-EPP)","Vasile BLAGA (ROU-EPP)",1
"Markus PIEPER (DEU-EPP)","Cristian-Silviu BUŞOI (ROU-EPP)",1
"Markus PIEPER (DEU-EPP)","Angelika WINZIG (AUT-EPP)",1
"Manfred WEBER (DEU-EPP)","Ralf SEEKATZ (DEU-EPP)",1
"Ljudmila NOVAK (SVN-EPP)","Antonio LÓPEZ-ISTÚRIZ WHITE (ESP-EPP)",1
"Ljudmila NOVAK (SVN-EPP)","Sabine VERHEYEN (DEU-EPP)",1
"Ljudmila NOVAK (SVN-EPP)","Pablo ARIAS ECHEVERRÍA (ESP-EPP)",1
"Ljudmila NOVAK (SVN-EPP)","Juan Ignacio ZOIDO ÁLVAREZ (ESP-EPP)",1
"Ljudmila NOVAK (SVN-EPP)","Isabel BENJUMEA BENJUMEA (ESP-EPP)",1
"Ljudmila NOVAK (SVN-EPP)","Lídia PEREIRA (PRT-EPP)",1
"Ljudmila NOVAK (SVN-EPP)","Aušra SEIBUTYTĖ (LTU-EPP)",1
"Ljudmila NOVAK (SVN-EPP)","Liudas MAŽYLIS (LTU-EPP)",1
"Ljudmila NOVAK (SVN-EPP)","Andrius KUBILIUS (LTU-EPP)",1
"Jacek SARYUSZ-WOLSKI (POL-ECR)","Anna FOTYGA (POL-ECR)",1
"Jacek SARYUSZ-WOLSKI (POL-ECR)","Ryszard CZARNECKI (POL-ECR)",1
"Jacek SARYUSZ-WOLSKI (POL-ECR)","Ryszard Antoni LEGUTKO (POL-ECR)",1
"Jacek SARYUSZ-WOLSKI (POL-ECR)","Tomasz Piotr PORĘBA (POL-ECR)",1
"Jacek SARYUSZ-WOLSKI (POL-ECR)","Angel DZHAMBAZKI (BGR-ECR)",1
"Jacek SARYUSZ-WOLSKI (POL-ECR)","Jadwiga WIŚNIEWSKA (POL-ECR)",1
"Jacek SARYUSZ-WOLSKI (POL-ECR)","Kosma ZŁOTOWSKI (POL-ECR)",1
"Jacek SARYUSZ-WOLSKI (POL-ECR)","Zdzisław KRASNODĘBSKI (POL-ECR)",1
"Jacek SARYUSZ-WOLSKI (POL-ECR)","Patryk JAKI (POL-ECR)",1
"Jacek SARYUSZ-WOLSKI (POL-ECR)","Krzysztof JURGIEL (POL-ECR)",1
"Jacek SARYUSZ-WOLSKI (POL-ECR)","Beata KEMPA (POL-ECR)",1
"Jacek SARYUSZ-WOLSKI (POL-ECR)","Izabela-Helena KLOC (POL-ECR)",1
"Jacek SARYUSZ-WOLSKI (POL-ECR)","Joanna KOPCIŃSKA (POL-ECR)",1
"Jacek SARYUSZ-WOLSKI (POL-ECR)","Elżbieta KRUK (POL-ECR)",1
"Jacek SARYUSZ-WOLSKI (POL-ECR)","Beata MAZUREK (POL-ECR)",1
"Jacek SARYUSZ-WOLSKI (POL-ECR)","Andżelika Anna MOŻDŻANOWSKA (POL-ECR)",1
"Jacek SARYUSZ-WOLSKI (POL-ECR)","Elżbieta RAFALSKA (POL-ECR)",1
"Jacek SARYUSZ-WOLSKI (POL-ECR)","Bogdan RZOŃCA (POL-ECR)",1
"Jacek SARYUSZ-WOLSKI (POL-ECR)","Beata SZYDŁO (POL-ECR)",1
"Jacek SARYUSZ-WOLSKI (POL-ECR)","Grzegorz TOBISZOWSKI (POL-ECR)",1
"Jacek SARYUSZ-WOLSKI (POL-ECR)","Witold Jan WASZCZYKOWSKI (POL-ECR)",1
"Jacek SARYUSZ-WOLSKI (POL-ECR)","Anna ZALEWSKA (POL-ECR)",1
"Jacek SARYUSZ-WOLSKI (POL-ECR)","Andrey SLABAKOV (BGR-ECR)",1
"Jacek SARYUSZ-WOLSKI (POL-ECR)","Dominik TARCZYŃSKI (POL-ECR)",1
"Jacek SARYUSZ-WOLSKI (POL-ECR)","Margarita DE LA PISA CARRIÓN (ESP-ECR)",1
"Jacek SARYUSZ-WOLSKI (POL-ECR)","Ladislav ILČIĆ (HRV-ECR)",1
"Anna FOTYGA (POL-ECR)","Ryszard CZARNECKI (POL-ECR)",1
"Anna FOTYGA (POL-ECR)","Zbigniew KUŹMIUK (POL-ECR)",1
"Anna FOTYGA (POL-ECR)","Evžen TOŠENOVSKÝ (CZE-ECR)",1
"Anna FOTYGA (POL-ECR)","Ryszard Antoni LEGUTKO (POL-ECR)",1
"Anna FOTYGA (POL-ECR)","Tomasz Piotr PORĘBA (POL-ECR)",1
"Anna FOTYGA (POL-ECR)","Carlo FIDANZA (ITA-ECR)",1
"Anna FOTYGA (POL-ECR)","Angel DZHAMBAZKI (BGR-ECR)",1
"Anna FOTYGA (POL-ECR)","Jadwiga WIŚNIEWSKA (POL-ECR)",1
"Anna FOTYGA (POL-ECR)","Kosma ZŁOTOWSKI (POL-ECR)",1
"Anna FOTYGA (POL-ECR)","Karol KARSKI (POL-ECR)",1
"Anna FOTYGA (POL-ECR)","Zdzisław KRASNODĘBSKI (POL-ECR)",1
"Anna FOTYGA (POL-ECR)","Jörg MEUTHEN (DEU-ID)",1
"Anna FOTYGA (POL-ECR)","Assita KANKO (BEL-ECR)",1
"Anna FOTYGA (POL-ECR)","Lars Patrick BERG (DEU-ECR)",1
"Anna FOTYGA (POL-ECR)","Joachim Stanisław BRUDZIŃSKI (POL-ECR)",1
"Anna FOTYGA (POL-ECR)","Patryk JAKI (POL-ECR)",1
"Anna FOTYGA (POL-ECR)","Krzysztof JURGIEL (POL-ECR)",1
"Anna FOTYGA (POL-ECR)","Beata KEMPA (POL-ECR)",1
"Anna FOTYGA (POL-ECR)","Izabela-Helena KLOC (POL-ECR)",1
"Anna FOTYGA (POL-ECR)","Joanna KOPCIŃSKA (POL-ECR)",1
"Anna FOTYGA (POL-ECR)","Elżbieta KRUK (POL-ECR)",1
"Anna FOTYGA (POL-ECR)","Alexandr VONDRA (CZE-ECR)",1
"Anna FOTYGA (POL-ECR)","Beata MAZUREK (POL-ECR)",1
"Anna FOTYGA (POL-ECR)","Andżelika Anna MOŻDŻANOWSKA (POL-ECR)",1
"Anna FOTYGA (POL-ECR)","Elżbieta RAFALSKA (POL-ECR)",1
"Anna FOTYGA (POL-ECR)","Bogdan RZOŃCA (POL-ECR)",1
"Anna FOTYGA (POL-ECR)","Veronika VRECIONOVÁ (CZE-ECR)",1
"Anna FOTYGA (POL-ECR)","Beata SZYDŁO (POL-ECR)",1
"Anna FOTYGA (POL-ECR)","Grzegorz TOBISZOWSKI (POL-ECR)",1
"Anna FOTYGA (POL-ECR)","Witold Jan WASZCZYKOWSKI (POL-ECR)",1
"Anna FOTYGA (POL-ECR)","Anna ZALEWSKA (POL-ECR)",1
"Anna FOTYGA (POL-ECR)","Pietro FIOCCHI (ITA-ECR)",1
"Anna FOTYGA (POL-ECR)","Bert-Jan RUISSEN (NLD-ECR)",1
"Anna FOTYGA (POL-ECR)","Nicola PROCACCINI (ITA-ECR)",1
"Anna FOTYGA (POL-ECR)","Raffaele STANCANELLI (ITA-ECR)",1
"Anna FOTYGA (POL-ECR)","Jorge BUXADÉ VILLALBA (ESP-ECR)",1
"Anna FOTYGA (POL-ECR)","Hermann TERTSCH (ESP-ECR)",1
"Anna FOTYGA (POL-ECR)","Andrey SLABAKOV (BGR-ECR)",1
"Anna FOTYGA (POL-ECR)","Mazaly AGUILAR (ESP-ECR)",1
"Anna FOTYGA (POL-ECR)","Vincenzo SOFO (ITA-ECR)",1
"Anna FOTYGA (POL-ECR)","Dominik TARCZYŃSKI (POL-ECR)",1
"Anna FOTYGA (POL-ECR)","Margarita DE LA PISA CARRIÓN (ESP-ECR)",1
"Anna FOTYGA (POL-ECR)","Ladislav ILČIĆ (HRV-ECR)",1
"Ryszard CZARNECKI (POL-ECR)","Zbigniew KUŹMIUK (POL-ECR)",1
"Ryszard CZARNECKI (POL-ECR)","Waldemar TOMASZEWSKI (LTU-ECR)",1
"Ryszard CZARNECKI (POL-ECR)","Evžen TOŠENOVSKÝ (CZE-ECR)",1
"Ryszard CZARNECKI (POL-ECR)","Ryszard Antoni LEGUTKO (POL-ECR)",1
"Ryszard CZARNECKI (POL-ECR)","Tomasz Piotr PORĘBA (POL-ECR)",1
"Ryszard CZARNECKI (POL-ECR)","Carlo FIDANZA (ITA-ECR)",1
"Ryszard CZARNECKI (POL-ECR)","Angel DZHAMBAZKI (BGR-ECR)",1
"Ryszard CZARNECKI (POL-ECR)","Jadwiga WIŚNIEWSKA (POL-ECR)",1
"Ryszard CZARNECKI (POL-ECR)","Kosma ZŁOTOWSKI (POL-ECR)",1
"Ryszard CZARNECKI (POL-ECR)","Karol KARSKI (POL-ECR)",1
"Ryszard CZARNECKI (POL-ECR)","Zdzisław KRASNODĘBSKI (POL-ECR)",1
"Ryszard CZARNECKI (POL-ECR)","Assita KANKO (BEL-ECR)",1
"Ryszard CZARNECKI (POL-ECR)","Joachim Stanisław BRUDZIŃSKI (POL-ECR)",1
"Ryszard CZARNECKI (POL-ECR)","Patryk JAKI (POL-ECR)",1
"Ryszard CZARNECKI (POL-ECR)","Krzysztof JURGIEL (POL-ECR)",1
"Ryszard CZARNECKI (POL-ECR)","Beata KEMPA (POL-ECR)",1
"Ryszard CZARNECKI (POL-ECR)","Izabela-Helena KLOC (POL-ECR)",1
"Ryszard CZARNECKI (POL-ECR)","Joanna KOPCIŃSKA (POL-ECR)",1
"Ryszard CZARNECKI (POL-ECR)","Elżbieta KRUK (POL-ECR)",1
"Ryszard CZARNECKI (POL-ECR)","Alexandr VONDRA (CZE-ECR)",1
"Ryszard CZARNECKI (POL-ECR)","Beata MAZUREK (POL-ECR)",1
"Ryszard CZARNECKI (POL-ECR)","Andżelika Anna MOŻDŻANOWSKA (POL-ECR)",1
"Ryszard CZARNECKI (POL-ECR)","Elżbieta RAFALSKA (POL-ECR)",1
"Ryszard CZARNECKI (POL-ECR)","Bogdan RZOŃCA (POL-ECR)",1
"Ryszard CZARNECKI (POL-ECR)","Veronika VRECIONOVÁ (CZE-ECR)",1
"Ryszard CZARNECKI (POL-ECR)","Beata SZYDŁO (POL-ECR)",1
"Ryszard CZARNECKI (POL-ECR)","Grzegorz TOBISZOWSKI (POL-ECR)",1
"Ryszard CZARNECKI (POL-ECR)","Witold Jan WASZCZYKOWSKI (POL-ECR)",1
"Ryszard CZARNECKI (POL-ECR)","Anna ZALEWSKA (POL-ECR)",1
"Ryszard CZARNECKI (POL-ECR)","Pietro FIOCCHI (ITA-ECR)",1
"Ryszard CZARNECKI (POL-ECR)","Bert-Jan RUISSEN (NLD-ECR)",1
"Ryszard CZARNECKI (POL-ECR)","Raffaele STANCANELLI (ITA-ECR)",1
"Ryszard CZARNECKI (POL-ECR)","Andrey SLABAKOV (BGR-ECR)",1
"Ryszard CZARNECKI (POL-ECR)","Dominik TARCZYŃSKI (POL-ECR)",1
"Ryszard CZARNECKI (POL-ECR)","Ladislav ILČIĆ (HRV-ECR)",1
"Zbigniew KUŹMIUK (POL-ECR)","Ryszard Antoni LEGUTKO (POL-ECR)",1
"Zbigniew KUŹMIUK (POL-ECR)","Tomasz Piotr PORĘBA (POL-ECR)",1
"Zbigniew KUŹMIUK (POL-ECR)","Carlo FIDANZA (ITA-ECR)",1
"Zbigniew KUŹMIUK (POL-ECR)","Jean-François JALKH (FRA-ID)",1
"Zbigniew KUŹMIUK (POL-ECR)","Angel DZHAMBAZKI (BGR-ECR)",1
"Zbigniew KUŹMIUK (POL-ECR)","Jadwiga WIŚNIEWSKA (POL-ECR)",1
"Zbigniew KUŹMIUK (POL-ECR)","Kosma ZŁOTOWSKI (POL-ECR)",1
"Zbigniew KUŹMIUK (POL-ECR)","Karol KARSKI (POL-ECR)",1
"Zbigniew KUŹMIUK (POL-ECR)","Zdzisław KRASNODĘBSKI (POL-ECR)",1
"Zbigniew KUŹMIUK (POL-ECR)","Joachim Stanisław BRUDZIŃSKI (POL-ECR)",1
"Zbigniew KUŹMIUK (POL-ECR)","Beata KEMPA (POL-ECR)",1
"Zbigniew KUŹMIUK (POL-ECR)","Izabela-Helena KLOC (POL-ECR)",1
"Zbigniew KUŹMIUK (POL-ECR)","Joanna KOPCIŃSKA (POL-ECR)",1
"Zbigniew KUŹMIUK (POL-ECR)","Elżbieta KRUK (POL-ECR)",1
"Zbigniew KUŹMIUK (POL-ECR)","Beata MAZUREK (POL-ECR)",1
"Zbigniew KUŹMIUK (POL-ECR)","Elżbieta RAFALSKA (POL-ECR)",1
"Zbigniew KUŹMIUK (POL-ECR)","Bogdan RZOŃCA (POL-ECR)",1
"Zbigniew KUŹMIUK (POL-ECR)","Beata SZYDŁO (POL-ECR)",1
"Zbigniew KUŹMIUK (POL-ECR)","Grzegorz TOBISZOWSKI (POL-ECR)",1
"Zbigniew KUŹMIUK (POL-ECR)","Witold Jan WASZCZYKOWSKI (POL-ECR)",1
"Zbigniew KUŹMIUK (POL-ECR)","Anna ZALEWSKA (POL-ECR)",1
"Zbigniew KUŹMIUK (POL-ECR)","Nicola PROCACCINI (ITA-ECR)",1
"Zbigniew KUŹMIUK (POL-ECR)","Raffaele STANCANELLI (ITA-ECR)",1
"Zbigniew KUŹMIUK (POL-ECR)","Vincenzo SOFO (ITA-ECR)",1
"Zbigniew KUŹMIUK (POL-ECR)","Dominik TARCZYŃSKI (POL-ECR)",1
"Pilar del CASTILLO VERA (ESP-EPP)","Elissavet VOZEMBERG-VRIONIDI (GRC-EPP)",1
"Antonio LÓPEZ-ISTÚRIZ WHITE (ESP-EPP)","Francisco José MILLÁN MON (ESP-EPP)",1
"Antonio LÓPEZ-ISTÚRIZ WHITE (ESP-EPP)","Pablo ARIAS ECHEVERRÍA (ESP-EPP)",1
"Antonio LÓPEZ-ISTÚRIZ WHITE (ESP-EPP)","Gabriel MATO (ESP-EPP)",1
"Antonio LÓPEZ-ISTÚRIZ WHITE (ESP-EPP)","Javier ZARZALEJOS (ESP-EPP)",1
"Antonio LÓPEZ-ISTÚRIZ WHITE (ESP-EPP)","Juan Ignacio ZOIDO ÁLVAREZ (ESP-EPP)",1
"Antonio LÓPEZ-ISTÚRIZ WHITE (ESP-EPP)","Isabel BENJUMEA BENJUMEA (ESP-EPP)",1
"Antonio LÓPEZ-ISTÚRIZ WHITE (ESP-EPP)","Dolors MONTSERRAT (ESP-EPP)",1
"Antonio LÓPEZ-ISTÚRIZ WHITE (ESP-EPP)","Leopoldo LÓPEZ GIL (ESP-EPP)",1
"Francisco José MILLÁN MON (ESP-EPP)","Pablo ARIAS ECHEVERRÍA (ESP-EPP)",1
"Francisco José MILLÁN MON (ESP-EPP)","Rosa ESTARÀS FERRAGUT (ESP-EPP)",1
"Francisco José MILLÁN MON (ESP-EPP)","Gabriel MATO (ESP-EPP)",1
"Francisco José MILLÁN MON (ESP-EPP)","Javier ZARZALEJOS (ESP-EPP)",1
"Francisco José MILLÁN MON (ESP-EPP)","Juan Ignacio ZOIDO ÁLVAREZ (ESP-EPP)",1
"Francisco José MILLÁN MON (ESP-EPP)","Isabel BENJUMEA BENJUMEA (ESP-EPP)",1
"Francisco José MILLÁN MON (ESP-EPP)","Leopoldo LÓPEZ GIL (ESP-EPP)",1
"Roberts ZĪLE (LVA-ECR)","Karol KARSKI (POL-ECR)",1
"Roberts ZĪLE (LVA-ECR)","Raffaele STANCANELLI (ITA-ECR)",1
"Marco CAMPOMENOSI (ITA-ID)","Georg MAYER (AUT-ID)",1
"Marco CAMPOMENOSI (ITA-ID)","Catherine GRISET (FRA-ID)",1
"Marco CAMPOMENOSI (ITA-ID)","Alessandro PANZA (ITA-ID)",1
"Marco CAMPOMENOSI (ITA-ID)","Paolo BORCHIA (ITA-ID)",1
"Marco CAMPOMENOSI (ITA-ID)","Gilles LEBRETON (FRA-ID)",1
"Marco CAMPOMENOSI (ITA-ID)","Nicolas BAY (FRA-ID)",1
"Marco CAMPOMENOSI (ITA-ID)","Marco ZANNI (ITA-ID)",1
"Marco CAMPOMENOSI (ITA-ID)","Gerolf ANNEMANS (BEL-ID)",1
"Marco CAMPOMENOSI (ITA-ID)","Harald VILIMSKY (AUT-ID)",1
"Marco CAMPOMENOSI (ITA-ID)","Angelo CIOCCA (ITA-ID)",1
"Marco CAMPOMENOSI (ITA-ID)","Tom VANDENDRIESSCHE (BEL-ID)",1
"Marco CAMPOMENOSI (ITA-ID)","France JAMET (FRA-ID)",1
"Marco CAMPOMENOSI (ITA-ID)","Danilo Oscar LANCINI (ITA-ID)",1
"Marco CAMPOMENOSI (ITA-ID)","Assita KANKO (BEL-ECR)",1
"Marco CAMPOMENOSI (ITA-ID)","Jaak MADISON (EST-ID)",1
"Marco CAMPOMENOSI (ITA-ID)","Ivan DAVID (CZE-ID)",1
"Marco CAMPOMENOSI (ITA-ID)","Silvia SARDONE (ITA-ID)",1
"Marco CAMPOMENOSI (ITA-ID)","Isabella TOVAGLIERI (ITA-ID)",1
"Marco CAMPOMENOSI (ITA-ID)","Gianna GANCIA (ITA-ID)",1
"Marco CAMPOMENOSI (ITA-ID)","Stefania ZAMBELLI (ITA-ID)",1
"Marco CAMPOMENOSI (ITA-ID)","Gianantonio DA RE (ITA-ID)",1
"Marco CAMPOMENOSI (ITA-ID)","Alessandra BASSO (ITA-ID)",1
"Marco CAMPOMENOSI (ITA-ID)","Elena LIZZI (ITA-ID)",1
"Marco CAMPOMENOSI (ITA-ID)","Rosanna CONTE (ITA-ID)",1
"Marco CAMPOMENOSI (ITA-ID)","Thierry MARIANI (FRA-ID)",1
"Marco CAMPOMENOSI (ITA-ID)","Hervé JUVIN (FRA-ID)",1
"Marco CAMPOMENOSI (ITA-ID)","Virginie JORON (FRA-ID)",1
"Marco CAMPOMENOSI (ITA-ID)","Jean-Paul GARRAUD (FRA-ID)",1
"Marco CAMPOMENOSI (ITA-ID)","Aurélia BEIGNEUX (FRA-ID)",1
"Marco CAMPOMENOSI (ITA-ID)","Philippe OLIVIER (FRA-ID)",1
"Marco CAMPOMENOSI (ITA-ID)","André ROUGÉ (FRA-ID)",1
"Marco CAMPOMENOSI (ITA-ID)","Mathilde ANDROUËT (FRA-ID)",1
"Marco CAMPOMENOSI (ITA-ID)","Susanna CECCARDI (ITA-ID)",1
"Marco CAMPOMENOSI (ITA-ID)","Antonio Maria RINALDI (ITA-ID)",1
"Marco CAMPOMENOSI (ITA-ID)","Anna BONFRISCO (ITA-ID)",1
"Marco CAMPOMENOSI (ITA-ID)","Massimo CASANOVA (ITA-ID)",1
"Marco CAMPOMENOSI (ITA-ID)","Valentino GRANT (ITA-ID)",1
"Marco CAMPOMENOSI (ITA-ID)","Annalisa TARDINO (ITA-ID)",1
"Marco CAMPOMENOSI (ITA-ID)","Matteo ADINOLFI (ITA-ID)",1
"Marco CAMPOMENOSI (ITA-ID)","Roman HAIDER (AUT-ID)",1
"Marco CAMPOMENOSI (ITA-ID)","Margarita DE LA PISA CARRIÓN (ESP-ECR)",1
"Marco CAMPOMENOSI (ITA-ID)","Jean-Lin LACAPELLE (FRA-ID)",1
"Esther DE LANGE (NLD-EPP)","Paulo RANGEL (PRT-EPP)",1
"Esther DE LANGE (NLD-EPP)","Helmut GEUKING (DEU-EPP)",1
"Cristian-Silviu BUŞOI (ROU-EPP)","Lena DÜPONT (DEU-EPP)",1
"Georg MAYER (AUT-ID)","Catherine GRISET (FRA-ID)",1
"Georg MAYER (AUT-ID)","Gilles LEBRETON (FRA-ID)",1
"Georg MAYER (AUT-ID)","Gerolf ANNEMANS (BEL-ID)",1
"Georg MAYER (AUT-ID)","Harald VILIMSKY (AUT-ID)",1
"Georg MAYER (AUT-ID)","Tom VANDENDRIESSCHE (BEL-ID)",1
"Georg MAYER (AUT-ID)","France JAMET (FRA-ID)",1
"Georg MAYER (AUT-ID)","Jörg MEUTHEN (DEU-ID)",1
"Georg MAYER (AUT-ID)","Filip DE MAN (BEL-ID)",1
"Georg MAYER (AUT-ID)","Jaak MADISON (EST-ID)",1
"Georg MAYER (AUT-ID)","Ivan DAVID (CZE-ID)",1
"Georg MAYER (AUT-ID)","Teuvo HAKKARAINEN (FIN-ID)",1
"Georg MAYER (AUT-ID)","Alessandra BASSO (ITA-ID)",1
"Georg MAYER (AUT-ID)","Thierry MARIANI (FRA-ID)",1
"Georg MAYER (AUT-ID)","Hervé JUVIN (FRA-ID)",1
"Georg MAYER (AUT-ID)","Virginie JORON (FRA-ID)",1
"Georg MAYER (AUT-ID)","Aurélia BEIGNEUX (FRA-ID)",1
"Georg MAYER (AUT-ID)","Mathilde ANDROUËT (FRA-ID)",1
"Georg MAYER (AUT-ID)","Susanna CECCARDI (ITA-ID)",1
"Georg MAYER (AUT-ID)","Anna BONFRISCO (ITA-ID)",1
"Georg MAYER (AUT-ID)","Roman HAIDER (AUT-ID)",1
"Georg MAYER (AUT-ID)","Jean-Lin LACAPELLE (FRA-ID)",1
"Iuliu WINKLER (ROU-EPP)","Massimiliano SALINI (ITA-EPP)",1
"Nicolae ŞTEFĂNUȚĂ (ROU-RENEW)","Yannick JADOT (FRA-GREEN_EFA)",1
"Nicolae ŞTEFĂNUȚĂ (ROU-RENEW)","Michal ŠIMEČKA (SVK-RENEW)",1
"Nicolae ŞTEFĂNUȚĂ (ROU-RENEW)","Ernest URTASUN (ESP-GREEN_EFA)",1
"Nicolae ŞTEFĂNUȚĂ (ROU-RENEW)","Erik BERGKVIST (SWE-SD)",1
"Nicolae ŞTEFĂNUȚĂ (ROU-RENEW)","Véronique TRILLET-LENOIR (FRA-RENEW)",1
"Nicolae ŞTEFĂNUȚĂ (ROU-RENEW)","Adriana MALDONADO LÓPEZ (ESP-SD)",1
"Nadine MORANO (FRA-EPP)","Arnaud DANJEAN (FRA-EPP)",1
"Nadine MORANO (FRA-EPP)","François-Xavier BELLAMY (FRA-EPP)",1
"Nadine MORANO (FRA-EPP)","Nathalie COLIN-OESTERLÉ (FRA-EPP)",1
"Catherine GRISET (FRA-ID)","Alessandro PANZA (ITA-ID)",1
"Catherine GRISET (FRA-ID)","Paolo BORCHIA (ITA-ID)",1
"Catherine GRISET (FRA-ID)","Gilles LEBRETON (FRA-ID)",1
"Catherine GRISET (FRA-ID)","Nicolas BAY (FRA-ID)",1
"Catherine GRISET (FRA-ID)","Jean-François JALKH (FRA-ID)",1
"Catherine GRISET (FRA-ID)","Dominique BILDE (FRA-ID)",1
"Catherine GRISET (FRA-ID)","Marco ZANNI (ITA-ID)",1
"Catherine GRISET (FRA-ID)","Harald VILIMSKY (AUT-ID)",1
"Catherine GRISET (FRA-ID)","Jordan BARDELLA (FRA-ID)",1
"Catherine GRISET (FRA-ID)","Gunnar BECK (DEU-ID)",1
"Catherine GRISET (FRA-ID)","Annika BRUNA (FRA-ID)",1
"Catherine GRISET (FRA-ID)","France JAMET (FRA-ID)",1
"Catherine GRISET (FRA-ID)","Danilo Oscar LANCINI (ITA-ID)",1
"Catherine GRISET (FRA-ID)","Sylvia LIMMER (DEU-ID)",1
"Catherine GRISET (FRA-ID)","Bernhard ZIMNIOK (DEU-ID)",1
"Catherine GRISET (FRA-ID)","Jaak MADISON (EST-ID)",1
"Catherine GRISET (FRA-ID)","Beata SZYDŁO (POL-ECR)",1
"Catherine GRISET (FRA-ID)","Isabella TOVAGLIERI (ITA-ID)",1
"Catherine GRISET (FRA-ID)","Teuvo HAKKARAINEN (FIN-ID)",1
"Catherine GRISET (FRA-ID)","Alessandra BASSO (ITA-ID)",1
"Catherine GRISET (FRA-ID)","Elena LIZZI (ITA-ID)",1
"Catherine GRISET (FRA-ID)","Jérôme RIVIÈRE (FRA-ID)",1
"Catherine GRISET (FRA-ID)","Thierry MARIANI (FRA-ID)",1
"Catherine GRISET (FRA-ID)","Hervé JUVIN (FRA-ID)",1
"Catherine GRISET (FRA-ID)","Virginie JORON (FRA-ID)",1
"Catherine GRISET (FRA-ID)","Jean-Paul GARRAUD (FRA-ID)",1
"Catherine GRISET (FRA-ID)","Aurélia BEIGNEUX (FRA-ID)",1
"Catherine GRISET (FRA-ID)","Philippe OLIVIER (FRA-ID)",1
"Catherine GRISET (FRA-ID)","André ROUGÉ (FRA-ID)",1
"Catherine GRISET (FRA-ID)","Mathilde ANDROUËT (FRA-ID)",1
"Catherine GRISET (FRA-ID)","Robert ROOS (NLD-ECR)",1
"Catherine GRISET (FRA-ID)","Bert-Jan RUISSEN (NLD-ECR)",1
"Catherine GRISET (FRA-ID)","Susanna CECCARDI (ITA-ID)",1
"Catherine GRISET (FRA-ID)","Antonio Maria RINALDI (ITA-ID)",1
"Catherine GRISET (FRA-ID)","Anna BONFRISCO (ITA-ID)",1
"Catherine GRISET (FRA-ID)","Matteo ADINOLFI (ITA-ID)",1
"Catherine GRISET (FRA-ID)","Jorge BUXADÉ VILLALBA (ESP-ECR)",1
"Catherine GRISET (FRA-ID)","Hermann TERTSCH (ESP-ECR)",1
"Catherine GRISET (FRA-ID)","Roman HAIDER (AUT-ID)",1
"Catherine GRISET (FRA-ID)","Jean-Lin LACAPELLE (FRA-ID)",1
"Waldemar TOMASZEWSKI (LTU-ECR)","Carlo FIDANZA (ITA-ECR)",1
"Waldemar TOMASZEWSKI (LTU-ECR)","Patryk JAKI (POL-ECR)",1
"Waldemar TOMASZEWSKI (LTU-ECR)","Beata KEMPA (POL-ECR)",1
"Waldemar TOMASZEWSKI (LTU-ECR)","Beata MAZUREK (POL-ECR)",1
"Waldemar TOMASZEWSKI (LTU-ECR)","Grzegorz TOBISZOWSKI (POL-ECR)",1
"Waldemar TOMASZEWSKI (LTU-ECR)","Nicola PROCACCINI (ITA-ECR)",1
"Waldemar TOMASZEWSKI (LTU-ECR)","Raffaele STANCANELLI (ITA-ECR)",1
"Evžen TOŠENOVSKÝ (CZE-ECR)","Kosma ZŁOTOWSKI (POL-ECR)",1
"Evžen TOŠENOVSKÝ (CZE-ECR)","Geert BOURGEOIS (BEL-ECR)",1
"Evžen TOŠENOVSKÝ (CZE-ECR)","Assita KANKO (BEL-ECR)",1
"Evžen TOŠENOVSKÝ (CZE-ECR)","Joanna KOPCIŃSKA (POL-ECR)",1
"Evžen TOŠENOVSKÝ (CZE-ECR)","Elżbieta KRUK (POL-ECR)",1
"Evžen TOŠENOVSKÝ (CZE-ECR)","François-Xavier BELLAMY (FRA-EPP)",1
"Evžen TOŠENOVSKÝ (CZE-ECR)","Alexandr VONDRA (CZE-ECR)",1
"Evžen TOŠENOVSKÝ (CZE-ECR)","Elżbieta RAFALSKA (POL-ECR)",1
"Evžen TOŠENOVSKÝ (CZE-ECR)","Bogdan RZOŃCA (POL-ECR)",1
"Evžen TOŠENOVSKÝ (CZE-ECR)","Veronika VRECIONOVÁ (CZE-ECR)",1
"Evžen TOŠENOVSKÝ (CZE-ECR)","Grzegorz TOBISZOWSKI (POL-ECR)",1
"Evžen TOŠENOVSKÝ (CZE-ECR)","Witold Jan WASZCZYKOWSKI (POL-ECR)",1
"Evžen TOŠENOVSKÝ (CZE-ECR)","Anna ZALEWSKA (POL-ECR)",1
"Evžen TOŠENOVSKÝ (CZE-ECR)","Bert-Jan RUISSEN (NLD-ECR)",1
"Yannick JADOT (FRA-GREEN_EFA)","Michèle RIVASI (FRA-GREEN_EFA)",1
"Yannick JADOT (FRA-GREEN_EFA)","Ismail ERTUG (DEU-SD)",1
"Yannick JADOT (FRA-GREEN_EFA)","Michal ŠIMEČKA (SVK-RENEW)",1
"Yannick JADOT (FRA-GREEN_EFA)","Eric ANDRIEU (FRA-SD)",1
"Yannick JADOT (FRA-GREEN_EFA)","Eleonora EVI (ITA-GREEN_EFA)",1
"Yannick JADOT (FRA-GREEN_EFA)","Simona BONAFÈ (ITA-SD)",1
"Yannick JADOT (FRA-GREEN_EFA)","Ernest URTASUN (ESP-GREEN_EFA)",1
"Yannick JADOT (FRA-GREEN_EFA)","Erik BERGKVIST (SWE-SD)",1
"Yannick JADOT (FRA-GREEN_EFA)","Nicola BEER (DEU-RENEW)",1
"Yannick JADOT (FRA-GREEN_EFA)","Bartosz ARŁUKOWICZ (POL-EPP)",1
"Yannick JADOT (FRA-GREEN_EFA)","Stéphane SÉJOURNÉ (FRA-RENEW)",1
"Yannick JADOT (FRA-GREEN_EFA)","Pierfrancesco MAJORINO (ITA-SD)",1
"Yannick JADOT (FRA-GREEN_EFA)","Véronique TRILLET-LENOIR (FRA-RENEW)",1
"Yannick JADOT (FRA-GREEN_EFA)","Sira REGO (ESP-GUE_NGL)",1
"Yannick JADOT (FRA-GREEN_EFA)","Adriana MALDONADO LÓPEZ (ESP-SD)",1
"Michèle RIVASI (FRA-GREEN_EFA)","Michal ŠIMEČKA (SVK-RENEW)",1
"Michèle RIVASI (FRA-GREEN_EFA)","Eleonora EVI (ITA-GREEN_EFA)",1
"Michèle RIVASI (FRA-GREEN_EFA)","Ernest URTASUN (ESP-GREEN_EFA)",1
"Michèle RIVASI (FRA-GREEN_EFA)","Stéphane SÉJOURNÉ (FRA-RENEW)",1
"Michèle RIVASI (FRA-GREEN_EFA)","Pierfrancesco MAJORINO (ITA-SD)",1
"Arnaud DANJEAN (FRA-EPP)","François-Xavier BELLAMY (FRA-EPP)",1
"Arnaud DANJEAN (FRA-EPP)","Nathalie COLIN-OESTERLÉ (FRA-EPP)",1
"Sabine VERHEYEN (DEU-EPP)","Christian DOLESCHAL (DEU-EPP)",1
"Sabine VERHEYEN (DEU-EPP)","Juan Ignacio ZOIDO ÁLVAREZ (ESP-EPP)",1
"Sabine VERHEYEN (DEU-EPP)","Liudas MAŽYLIS (LTU-EPP)",1
"Axel VOSS (DEU-EPP)","Sandra KALNIETE (LVA-EPP)",1
"Jarosław KALINOWSKI (POL-EPP)","Adam JARUBAS (POL-EPP)",1
"Herbert DORFMANN (ITA-EPP)","Christian DOLESCHAL (DEU-EPP)",1
"Herbert DORFMANN (ITA-EPP)","Liudas MAŽYLIS (LTU-EPP)",1
"Ryszard Antoni LEGUTKO (POL-ECR)","Tomasz Piotr PORĘBA (POL-ECR)",1
"Ryszard Antoni LEGUTKO (POL-ECR)","Carlo FIDANZA (ITA-ECR)",1
"Ryszard Antoni LEGUTKO (POL-ECR)","Angel DZHAMBAZKI (BGR-ECR)",1
"Ryszard Antoni LEGUTKO (POL-ECR)","Jadwiga WIŚNIEWSKA (POL-ECR)",1
"Ryszard Antoni LEGUTKO (POL-ECR)","Kosma ZŁOTOWSKI (POL-ECR)",1
"Ryszard Antoni LEGUTKO (POL-ECR)","Karol KARSKI (POL-ECR)",1
"Ryszard Antoni LEGUTKO (POL-ECR)","Zdzisław KRASNODĘBSKI (POL-ECR)",1
"Ryszard Antoni LEGUTKO (POL-ECR)","Joachim Stanisław BRUDZIŃSKI (POL-ECR)",1
"Ryszard Antoni LEGUTKO (POL-ECR)","Patryk JAKI (POL-ECR)",1
"Ryszard Antoni LEGUTKO (POL-ECR)","Beata KEMPA (POL-ECR)",1
"Ryszard Antoni LEGUTKO (POL-ECR)","Izabela-Helena KLOC (POL-ECR)",1
"Ryszard Antoni LEGUTKO (POL-ECR)","Joanna KOPCIŃSKA (POL-ECR)",1
"Ryszard Antoni LEGUTKO (POL-ECR)","Elżbieta KRUK (POL-ECR)",1
"Ryszard Antoni LEGUTKO (POL-ECR)","Beata MAZUREK (POL-ECR)",1
"Ryszard Antoni LEGUTKO (POL-ECR)","Andżelika Anna MOŻDŻANOWSKA (POL-ECR)",1
"Ryszard Antoni LEGUTKO (POL-ECR)","Elżbieta RAFALSKA (POL-ECR)",1
"Ryszard Antoni LEGUTKO (POL-ECR)","Bogdan RZOŃCA (POL-ECR)",1
"Ryszard Antoni LEGUTKO (POL-ECR)","Beata SZYDŁO (POL-ECR)",1
"Ryszard Antoni LEGUTKO (POL-ECR)","Grzegorz TOBISZOWSKI (POL-ECR)",1
"Ryszard Antoni LEGUTKO (POL-ECR)","Witold Jan WASZCZYKOWSKI (POL-ECR)",1
"Ryszard Antoni LEGUTKO (POL-ECR)","Anna ZALEWSKA (POL-ECR)",1
"Ryszard Antoni LEGUTKO (POL-ECR)","Pietro FIOCCHI (ITA-ECR)",1
"Ryszard Antoni LEGUTKO (POL-ECR)","Bert-Jan RUISSEN (NLD-ECR)",1
"Ryszard Antoni LEGUTKO (POL-ECR)","Nicola PROCACCINI (ITA-ECR)",1
"Ryszard Antoni LEGUTKO (POL-ECR)","Raffaele STANCANELLI (ITA-ECR)",1
"Ryszard Antoni LEGUTKO (POL-ECR)","Vincenzo SOFO (ITA-ECR)",1
"Ryszard Antoni LEGUTKO (POL-ECR)","Dominik TARCZYŃSKI (POL-ECR)",1
"Tomasz Piotr PORĘBA (POL-ECR)","Carlo FIDANZA (ITA-ECR)",1
"Tomasz Piotr PORĘBA (POL-ECR)","Angel DZHAMBAZKI (BGR-ECR)",1
"Tomasz Piotr PORĘBA (POL-ECR)","Jadwiga WIŚNIEWSKA (POL-ECR)",1
"Tomasz Piotr PORĘBA (POL-ECR)","Kosma ZŁOTOWSKI (POL-ECR)",1
"Tomasz Piotr PORĘBA (POL-ECR)","Karol KARSKI (POL-ECR)",1
"Tomasz Piotr PORĘBA (POL-ECR)","Zdzisław KRASNODĘBSKI (POL-ECR)",1
"Tomasz Piotr PORĘBA (POL-ECR)","Joachim Stanisław BRUDZIŃSKI (POL-ECR)",1
"Tomasz Piotr PORĘBA (POL-ECR)","Patryk JAKI (POL-ECR)",1
"Tomasz Piotr PORĘBA (POL-ECR)","Krzysztof JURGIEL (POL-ECR)",1
"Tomasz Piotr PORĘBA (POL-ECR)","Beata KEMPA (POL-ECR)",1
"Tomasz Piotr PORĘBA (POL-ECR)","Izabela-Helena KLOC (POL-ECR)",1
"Tomasz Piotr PORĘBA (POL-ECR)","Joanna KOPCIŃSKA (POL-ECR)",1
"Tomasz Piotr PORĘBA (POL-ECR)","Elżbieta KRUK (POL-ECR)",1
"Tomasz Piotr PORĘBA (POL-ECR)","Beata MAZUREK (POL-ECR)",1
"Tomasz Piotr PORĘBA (POL-ECR)","Andżelika Anna MOŻDŻANOWSKA (POL-ECR)",1
"Tomasz Piotr PORĘBA (POL-ECR)","Elżbieta RAFALSKA (POL-ECR)",1
"Tomasz Piotr PORĘBA (POL-ECR)","Bogdan RZOŃCA (POL-ECR)",1
"Tomasz Piotr PORĘBA (POL-ECR)","Beata SZYDŁO (POL-ECR)",1
"Tomasz Piotr PORĘBA (POL-ECR)","Grzegorz TOBISZOWSKI (POL-ECR)",1
"Tomasz Piotr PORĘBA (POL-ECR)","Witold Jan WASZCZYKOWSKI (POL-ECR)",1
"Tomasz Piotr PORĘBA (POL-ECR)","Anna ZALEWSKA (POL-ECR)",1
"Tomasz Piotr PORĘBA (POL-ECR)","Pietro FIOCCHI (ITA-ECR)",1
"Tomasz Piotr PORĘBA (POL-ECR)","Bert-Jan RUISSEN (NLD-ECR)",1
"Tomasz Piotr PORĘBA (POL-ECR)","Nicola PROCACCINI (ITA-ECR)",1
"Tomasz Piotr PORĘBA (POL-ECR)","Raffaele STANCANELLI (ITA-ECR)",1
"Tomasz Piotr PORĘBA (POL-ECR)","Hermann TERTSCH (ESP-ECR)",1
"Tomasz Piotr PORĘBA (POL-ECR)","Andrey SLABAKOV (BGR-ECR)",1
"Tomasz Piotr PORĘBA (POL-ECR)","Vincenzo SOFO (ITA-ECR)",1
"Tomasz Piotr PORĘBA (POL-ECR)","Dominik TARCZYŃSKI (POL-ECR)",1
"Pablo ARIAS ECHEVERRÍA (ESP-EPP)","Gabriel MATO (ESP-EPP)",1
"Pablo ARIAS ECHEVERRÍA (ESP-EPP)","Javier ZARZALEJOS (ESP-EPP)",1
"Pablo ARIAS ECHEVERRÍA (ESP-EPP)","Juan Ignacio ZOIDO ÁLVAREZ (ESP-EPP)",1
"Pablo ARIAS ECHEVERRÍA (ESP-EPP)","Isabel BENJUMEA BENJUMEA (ESP-EPP)",1
"Peter van DALEN (NLD-EPP)","Krzysztof HETMAN (POL-EPP)",1
"Peter van DALEN (NLD-EPP)","Esteban GONZÁLEZ PONS (ESP-EPP)",1
"Peter van DALEN (NLD-EPP)","Christophe HANSEN (LUX-EPP)",1
"Peter van DALEN (NLD-EPP)","Erik BERGKVIST (SWE-SD)",1
"Peter van DALEN (NLD-EPP)","Bartosz ARŁUKOWICZ (POL-EPP)",1
"Peter van DALEN (NLD-EPP)","Agnès EVREN (FRA-EPP)",1
"Peter van DALEN (NLD-EPP)","Simone SCHMIEDTBAUER (AUT-EPP)",1
"Peter van DALEN (NLD-EPP)","Álvaro AMARO (PRT-EPP)",1
"Carlo FIDANZA (ITA-ECR)","Angel DZHAMBAZKI (BGR-ECR)",1
"Carlo FIDANZA (ITA-ECR)","Jadwiga WIŚNIEWSKA (POL-ECR)",1
"Carlo FIDANZA (ITA-ECR)","Kosma ZŁOTOWSKI (POL-ECR)",1
"Carlo FIDANZA (ITA-ECR)","Karol KARSKI (POL-ECR)",1
"Carlo FIDANZA (ITA-ECR)","Zdzisław KRASNODĘBSKI (POL-ECR)",1
"Carlo FIDANZA (ITA-ECR)","Patryk JAKI (POL-ECR)",1
"Carlo FIDANZA (ITA-ECR)","Beata KEMPA (POL-ECR)",1
"Carlo FIDANZA (ITA-ECR)","Izabela-Helena KLOC (POL-ECR)",1
"Carlo FIDANZA (ITA-ECR)","Joanna KOPCIŃSKA (POL-ECR)",1
"Carlo FIDANZA (ITA-ECR)","Elżbieta KRUK (POL-ECR)",1
"Carlo FIDANZA (ITA-ECR)","Beata MAZUREK (POL-ECR)",1
"Carlo FIDANZA (ITA-ECR)","Andżelika Anna MOŻDŻANOWSKA (POL-ECR)",1
"Carlo FIDANZA (ITA-ECR)","Elżbieta RAFALSKA (POL-ECR)",1
"Carlo FIDANZA (ITA-ECR)","Bogdan RZOŃCA (POL-ECR)",1
"Carlo FIDANZA (ITA-ECR)","Beata SZYDŁO (POL-ECR)",1
"Carlo FIDANZA (ITA-ECR)","Grzegorz TOBISZOWSKI (POL-ECR)",1
"Carlo FIDANZA (ITA-ECR)","Witold Jan WASZCZYKOWSKI (POL-ECR)",1
"Carlo FIDANZA (ITA-ECR)","Anna ZALEWSKA (POL-ECR)",1
"Carlo FIDANZA (ITA-ECR)","Pietro FIOCCHI (ITA-ECR)",1
"Carlo FIDANZA (ITA-ECR)","Nicola PROCACCINI (ITA-ECR)",1
"Carlo FIDANZA (ITA-ECR)","Raffaele STANCANELLI (ITA-ECR)",1
"Carlo FIDANZA (ITA-ECR)","Emmanouil FRAGKOS (GRC-ECR)",1
"Carlo FIDANZA (ITA-ECR)","Vincenzo SOFO (ITA-ECR)",1
"Carlo FIDANZA (ITA-ECR)","Dominik TARCZYŃSKI (POL-ECR)",1
"Ismail ERTUG (DEU-SD)","Michal ŠIMEČKA (SVK-RENEW)",1
"Ismail ERTUG (DEU-SD)","Eric ANDRIEU (FRA-SD)",1
"Ismail ERTUG (DEU-SD)","Eleonora EVI (ITA-GREEN_EFA)",1
"Ismail ERTUG (DEU-SD)","Simona BONAFÈ (ITA-SD)",1
"Ismail ERTUG (DEU-SD)","Ernest URTASUN (ESP-GREEN_EFA)",1
"Ismail ERTUG (DEU-SD)","Jytte GUTELAND (SWE-SD)",1
"Ismail ERTUG (DEU-SD)","Erik BERGKVIST (SWE-SD)",1
"Ismail ERTUG (DEU-SD)","Bartosz ARŁUKOWICZ (POL-EPP)",1
"Ismail ERTUG (DEU-SD)","Søren GADE (DNK-RENEW)",1
"Ismail ERTUG (DEU-SD)","Pierfrancesco MAJORINO (ITA-SD)",1
"Ismail ERTUG (DEU-SD)","Véronique TRILLET-LENOIR (FRA-RENEW)",1
"Ismail ERTUG (DEU-SD)","Sira REGO (ESP-GUE_NGL)",1
"Ismail ERTUG (DEU-SD)","Adriana MALDONADO LÓPEZ (ESP-SD)",1
"Maria da Graça CARVALHO (PRT-EPP)","José Manuel FERNANDES (PRT-EPP)",1
"Paulo RANGEL (PRT-EPP)","Hildegard BENTELE (DEU-EPP)",1
"Milan ZVER (SVN-EPP)","Romana TOMC (SVN-EPP)",1
"Milan ZVER (SVN-EPP)","François-Xavier BELLAMY (FRA-EPP)",1
"Gabriel MATO (ESP-EPP)","Juan Ignacio ZOIDO ÁLVAREZ (ESP-EPP)",1
"Gabriel MATO (ESP-EPP)","Isabel BENJUMEA BENJUMEA (ESP-EPP)",1
"Nuno MELO (PRT-EPP)","Krzysztof HETMAN (POL-EPP)",1
"Nuno MELO (PRT-EPP)","Esteban GONZÁLEZ PONS (ESP-EPP)",1
"Nuno MELO (PRT-EPP)","Christophe HANSEN (LUX-EPP)",1
"Nuno MELO (PRT-EPP)","Alexander BERNHUBER (AUT-EPP)",1
"Nuno MELO (PRT-EPP)","Simone SCHMIEDTBAUER (AUT-EPP)",1
"Mara BIZZOTTO (ITA-ID)","Paolo BORCHIA (ITA-ID)",1
"Mara BIZZOTTO (ITA-ID)","Angelo CIOCCA (ITA-ID)",1
"Mara BIZZOTTO (ITA-ID)","Danilo Oscar LANCINI (ITA-ID)",1
"Mara BIZZOTTO (ITA-ID)","Silvia SARDONE (ITA-ID)",1
"Mara BIZZOTTO (ITA-ID)","Gianantonio DA RE (ITA-ID)",1
"Mara BIZZOTTO (ITA-ID)","Alessandra BASSO (ITA-ID)",1
"Mara BIZZOTTO (ITA-ID)","Elena LIZZI (ITA-ID)",1
"Mara BIZZOTTO (ITA-ID)","Rosanna CONTE (ITA-ID)",1
"Mara BIZZOTTO (ITA-ID)","Simona BALDASSARRE (ITA-ID)",1
"Mara BIZZOTTO (ITA-ID)","Luisa REGIMENTI (ITA-ID)",1
"Mara BIZZOTTO (ITA-ID)","Massimo CASANOVA (ITA-ID)",1
"Mara BIZZOTTO (ITA-ID)","Andrea CAROPPO (ITA-EPP)",1
"Mara BIZZOTTO (ITA-ID)","Valentino GRANT (ITA-ID)",1
"Mara BIZZOTTO (ITA-ID)","Annalisa TARDINO (ITA-ID)",1
"Mara BIZZOTTO (ITA-ID)","Matteo ADINOLFI (ITA-ID)",1
"Alessandro PANZA (ITA-ID)","Paolo BORCHIA (ITA-ID)",1
"Alessandro PANZA (ITA-ID)","Gilles LEBRETON (FRA-ID)",1
"Alessandro PANZA (ITA-ID)","Nicolas BAY (FRA-ID)",1
"Alessandro PANZA (ITA-ID)","Marco ZANNI (ITA-ID)",1
"Alessandro PANZA (ITA-ID)","Angelo CIOCCA (ITA-ID)",1
"Alessandro PANZA (ITA-ID)","France JAMET (FRA-ID)",1
"Alessandro PANZA (ITA-ID)","Danilo Oscar LANCINI (ITA-ID)",1
"Alessandro PANZA (ITA-ID)","Jaak MADISON (EST-ID)",1
"Alessandro PANZA (ITA-ID)","Silvia SARDONE (ITA-ID)",1
"Alessandro PANZA (ITA-ID)","Isabella TOVAGLIERI (ITA-ID)",1
"Alessandro PANZA (ITA-ID)","Gianna GANCIA (ITA-ID)",1
"Alessandro PANZA (ITA-ID)","Stefania ZAMBELLI (ITA-ID)",1
"Alessandro PANZA (ITA-ID)","Gianantonio DA RE (ITA-ID)",1
"Alessandro PANZA (ITA-ID)","Alessandra BASSO (ITA-ID)",1
"Alessandro PANZA (ITA-ID)","Elena LIZZI (ITA-ID)",1
"Alessandro PANZA (ITA-ID)","Rosanna CONTE (ITA-ID)",1
"Alessandro PANZA (ITA-ID)","Thierry MARIANI (FRA-ID)",1
"Alessandro PANZA (ITA-ID)","Hervé JUVIN (FRA-ID)",1
"Alessandro PANZA (ITA-ID)","Virginie JORON (FRA-ID)",1
"Alessandro PANZA (ITA-ID)","Jean-Paul GARRAUD (FRA-ID)",1
"Alessandro PANZA (ITA-ID)","Aurélia BEIGNEUX (FRA-ID)",1
"Alessandro PANZA (ITA-ID)","Philippe OLIVIER (FRA-ID)",1
"Alessandro PANZA (ITA-ID)","André ROUGÉ (FRA-ID)",1
"Alessandro PANZA (ITA-ID)","Mathilde ANDROUËT (FRA-ID)",1
"Alessandro PANZA (ITA-ID)","Susanna CECCARDI (ITA-ID)",1
"Alessandro PANZA (ITA-ID)","Antonio Maria RINALDI (ITA-ID)",1
"Alessandro PANZA (ITA-ID)","Anna BONFRISCO (ITA-ID)",1
"Alessandro PANZA (ITA-ID)","Massimo CASANOVA (ITA-ID)",1
"Alessandro PANZA (ITA-ID)","Valentino GRANT (ITA-ID)",1
"Alessandro PANZA (ITA-ID)","Annalisa TARDINO (ITA-ID)",1
"Alessandro PANZA (ITA-ID)","Matteo ADINOLFI (ITA-ID)",1
"Alessandro PANZA (ITA-ID)","Jean-Lin LACAPELLE (FRA-ID)",1
"Lena DÜPONT (DEU-EPP)","Emil RADEV (BGR-EPP)",1
"Paolo BORCHIA (ITA-ID)","Nicolas BAY (FRA-ID)",1
"Paolo BORCHIA (ITA-ID)","Marco ZANNI (ITA-ID)",1
"Paolo BORCHIA (ITA-ID)","Angelo CIOCCA (ITA-ID)",1
"Paolo BORCHIA (ITA-ID)","Danilo Oscar LANCINI (ITA-ID)",1
"Paolo BORCHIA (ITA-ID)","Jaak MADISON (EST-ID)",1
"Paolo BORCHIA (ITA-ID)","Silvia SARDONE (ITA-ID)",1
"Paolo BORCHIA (ITA-ID)","Isabella TOVAGLIERI (ITA-ID)",1
"Paolo BORCHIA (ITA-ID)","Gianna GANCIA (ITA-ID)",1
"Paolo BORCHIA (ITA-ID)","Stefania ZAMBELLI (ITA-ID)",1
"Paolo BORCHIA (ITA-ID)","Gianantonio DA RE (ITA-ID)",1
"Paolo BORCHIA (ITA-ID)","Alessandra BASSO (ITA-ID)",1
"Paolo BORCHIA (ITA-ID)","Elena LIZZI (ITA-ID)",1
"Paolo BORCHIA (ITA-ID)","Rosanna CONTE (ITA-ID)",1
"Paolo BORCHIA (ITA-ID)","Thierry MARIANI (FRA-ID)",1
"Paolo BORCHIA (ITA-ID)","Virginie JORON (FRA-ID)",1
"Paolo BORCHIA (ITA-ID)","Susanna CECCARDI (ITA-ID)",1
"Paolo BORCHIA (ITA-ID)","Antonio Maria RINALDI (ITA-ID)",1
"Paolo BORCHIA (ITA-ID)","Anna BONFRISCO (ITA-ID)",1
"Paolo BORCHIA (ITA-ID)","Simona BALDASSARRE (ITA-ID)",1
"Paolo BORCHIA (ITA-ID)","Massimo CASANOVA (ITA-ID)",1
"Paolo BORCHIA (ITA-ID)","Valentino GRANT (ITA-ID)",1
"Paolo BORCHIA (ITA-ID)","Annalisa TARDINO (ITA-ID)",1
"Paolo BORCHIA (ITA-ID)","Matteo ADINOLFI (ITA-ID)",1
"Paolo BORCHIA (ITA-ID)","Jean-Lin LACAPELLE (FRA-ID)",1
"Michal ŠIMEČKA (SVK-RENEW)","Eric ANDRIEU (FRA-SD)",1
"Michal ŠIMEČKA (SVK-RENEW)","Eleonora EVI (ITA-GREEN_EFA)",1
"Michal ŠIMEČKA (SVK-RENEW)","Simona BONAFÈ (ITA-SD)",1
"Michal ŠIMEČKA (SVK-RENEW)","Krzysztof HETMAN (POL-EPP)",1
"Michal ŠIMEČKA (SVK-RENEW)","Ernest URTASUN (ESP-GREEN_EFA)",1
"Michal ŠIMEČKA (SVK-RENEW)","Jytte GUTELAND (SWE-SD)",1
"Michal ŠIMEČKA (SVK-RENEW)","Christophe HANSEN (LUX-EPP)",1
"Michal ŠIMEČKA (SVK-RENEW)","Erik BERGKVIST (SWE-SD)",1
"Michal ŠIMEČKA (SVK-RENEW)","Nicola BEER (DEU-RENEW)",1
"Michal ŠIMEČKA (SVK-RENEW)","Bartosz ARŁUKOWICZ (POL-EPP)",1
"Michal ŠIMEČKA (SVK-RENEW)","Søren GADE (DNK-RENEW)",1
"Michal ŠIMEČKA (SVK-RENEW)","Pierfrancesco MAJORINO (ITA-SD)",1
"Michal ŠIMEČKA (SVK-RENEW)","Véronique TRILLET-LENOIR (FRA-RENEW)",1
"Michal ŠIMEČKA (SVK-RENEW)","Sira REGO (ESP-GUE_NGL)",1
"Michal ŠIMEČKA (SVK-RENEW)","Adriana MALDONADO LÓPEZ (ESP-SD)",1
"Michal ŠIMEČKA (SVK-RENEW)","Álvaro AMARO (PRT-EPP)",1
"Eric ANDRIEU (FRA-SD)","Eleonora EVI (ITA-GREEN_EFA)",1
"Eric ANDRIEU (FRA-SD)","Simona BONAFÈ (ITA-SD)",1
"Eric ANDRIEU (FRA-SD)","Ernest URTASUN (ESP-GREEN_EFA)",1
"Eric ANDRIEU (FRA-SD)","Jytte GUTELAND (SWE-SD)",1
"Eric ANDRIEU (FRA-SD)","Erik BERGKVIST (SWE-SD)",1
"Eric ANDRIEU (FRA-SD)","Pierfrancesco MAJORINO (ITA-SD)",1
"Eric ANDRIEU (FRA-SD)","Véronique TRILLET-LENOIR (FRA-RENEW)",1
"Eric ANDRIEU (FRA-SD)","Sira REGO (ESP-GUE_NGL)",1
"Eric ANDRIEU (FRA-SD)","Adriana MALDONADO LÓPEZ (ESP-SD)",1
"Ondřej KOVAŘÍK (CZE-RENEW)","Martin HLAVÁČEK (CZE-RENEW)",1
"Ondřej KOVAŘÍK (CZE-RENEW)","Ondřej KNOTEK (CZE-RENEW)",1
"Charlie WEIMERS (SWE-ECR)","Peter LUNDGREN (SWE-ECR)",1
"Charlie WEIMERS (SWE-ECR)","Rob ROOKEN (NLD-ECR)",1
"Stanislav POLČÁK (CZE-EPP)","Peter POLLÁK (SVK-EPP)",1
"Michaela ŠOJDROVÁ (CZE-EPP)","Tomáš ZDECHOVSKÝ (CZE-EPP)",1
"Michaela ŠOJDROVÁ (CZE-EPP)","Ivan ŠTEFANEC (SVK-EPP)",1
"Michaela ŠOJDROVÁ (CZE-EPP)","Franc BOGOVIČ (SVN-EPP)",1
"Michaela ŠOJDROVÁ (CZE-EPP)","Juan Ignacio ZOIDO ÁLVAREZ (ESP-EPP)",1
"Tomáš ZDECHOVSKÝ (CZE-EPP)","Franc BOGOVIČ (SVN-EPP)",1
"Gilles LEBRETON (FRA-ID)","Nicolas BAY (FRA-ID)",1
"Gilles LEBRETON (FRA-ID)","Jean-François JALKH (FRA-ID)",1
"Gilles LEBRETON (FRA-ID)","Dominique BILDE (FRA-ID)",1
"Gilles LEBRETON (FRA-ID)","Marco ZANNI (ITA-ID)",1
"Gilles LEBRETON (FRA-ID)","Harald VILIMSKY (AUT-ID)",1
"Gilles LEBRETON (FRA-ID)","Johan VAN OVERTVELDT (BEL-ECR)",1
"Gilles LEBRETON (FRA-ID)","Jordan BARDELLA (FRA-ID)",1
"Gilles LEBRETON (FRA-ID)","Gunnar BECK (DEU-ID)",1
"Gilles LEBRETON (FRA-ID)","Annika BRUNA (FRA-ID)",1
"Gilles LEBRETON (FRA-ID)","France JAMET (FRA-ID)",1
"Gilles LEBRETON (FRA-ID)","Danilo Oscar LANCINI (ITA-ID)",1
"Gilles LEBRETON (FRA-ID)","Sylvia LIMMER (DEU-ID)",1
"Gilles LEBRETON (FRA-ID)","Bernhard ZIMNIOK (DEU-ID)",1
"Gilles LEBRETON (FRA-ID)","Jaak MADISON (EST-ID)",1
"Gilles LEBRETON (FRA-ID)","Isabella TOVAGLIERI (ITA-ID)",1
"Gilles LEBRETON (FRA-ID)","Alessandra BASSO (ITA-ID)",1
"Gilles LEBRETON (FRA-ID)","Elena LIZZI (ITA-ID)",1
"Gilles LEBRETON (FRA-ID)","Jérôme RIVIÈRE (FRA-ID)",1
"Gilles LEBRETON (FRA-ID)","Thierry MARIANI (FRA-ID)",1
"Gilles LEBRETON (FRA-ID)","Hervé JUVIN (FRA-ID)",1
"Gilles LEBRETON (FRA-ID)","Virginie JORON (FRA-ID)",1
"Gilles LEBRETON (FRA-ID)","Jean-Paul GARRAUD (FRA-ID)",1
"Gilles LEBRETON (FRA-ID)","Aurélia BEIGNEUX (FRA-ID)",1
"Gilles LEBRETON (FRA-ID)","Philippe OLIVIER (FRA-ID)",1
"Gilles LEBRETON (FRA-ID)","André ROUGÉ (FRA-ID)",1
"Gilles LEBRETON (FRA-ID)","Mathilde ANDROUËT (FRA-ID)",1
"Gilles LEBRETON (FRA-ID)","Bert-Jan RUISSEN (NLD-ECR)",1
"Gilles LEBRETON (FRA-ID)","Susanna CECCARDI (ITA-ID)",1
"Gilles LEBRETON (FRA-ID)","Antonio Maria RINALDI (ITA-ID)",1
"Gilles LEBRETON (FRA-ID)","Anna BONFRISCO (ITA-ID)",1
"Gilles LEBRETON (FRA-ID)","Matteo ADINOLFI (ITA-ID)",1
"Gilles LEBRETON (FRA-ID)","Hermann TERTSCH (ESP-ECR)",1
"Gilles LEBRETON (FRA-ID)","Roman HAIDER (AUT-ID)",1
"Gilles LEBRETON (FRA-ID)","Jean-Lin LACAPELLE (FRA-ID)",1
"Nicolas BAY (FRA-ID)","Dominique BILDE (FRA-ID)",1
"Nicolas BAY (FRA-ID)","Marco ZANNI (ITA-ID)",1
"Nicolas BAY (FRA-ID)","Jordan BARDELLA (FRA-ID)",1
"Nicolas BAY (FRA-ID)","Annika BRUNA (FRA-ID)",1
"Nicolas BAY (FRA-ID)","France JAMET (FRA-ID)",1
"Nicolas BAY (FRA-ID)","Danilo Oscar LANCINI (ITA-ID)",1
"Nicolas BAY (FRA-ID)","Silvia SARDONE (ITA-ID)",1
"Nicolas BAY (FRA-ID)","Isabella TOVAGLIERI (ITA-ID)",1
"Nicolas BAY (FRA-ID)","Gianantonio DA RE (ITA-ID)",1
"Nicolas BAY (FRA-ID)","Alessandra BASSO (ITA-ID)",1
"Nicolas BAY (FRA-ID)","Elena LIZZI (ITA-ID)",1
"Nicolas BAY (FRA-ID)","Jérôme RIVIÈRE (FRA-ID)",1
"Nicolas BAY (FRA-ID)","Thierry MARIANI (FRA-ID)",1
"Nicolas BAY (FRA-ID)","Hervé JUVIN (FRA-ID)",1
"Nicolas BAY (FRA-ID)","Virginie JORON (FRA-ID)",1
"Nicolas BAY (FRA-ID)","Jean-Paul GARRAUD (FRA-ID)",1
"Nicolas BAY (FRA-ID)","Aurélia BEIGNEUX (FRA-ID)",1
"Nicolas BAY (FRA-ID)","Philippe OLIVIER (FRA-ID)",1
"Nicolas BAY (FRA-ID)","André ROUGÉ (FRA-ID)",1
"Nicolas BAY (FRA-ID)","Mathilde ANDROUËT (FRA-ID)",1
"Nicolas BAY (FRA-ID)","Susanna CECCARDI (ITA-ID)",1
"Nicolas BAY (FRA-ID)","Antonio Maria RINALDI (ITA-ID)",1
"Nicolas BAY (FRA-ID)","Anna BONFRISCO (ITA-ID)",1
"Nicolas BAY (FRA-ID)","Matteo ADINOLFI (ITA-ID)",1
"Nicolas BAY (FRA-ID)","Jorge BUXADÉ VILLALBA (ESP-ECR)",1
"Nicolas BAY (FRA-ID)","Jean-Lin LACAPELLE (FRA-ID)",1
"Jean-François JALKH (FRA-ID)","Dominique BILDE (FRA-ID)",1
"Jean-François JALKH (FRA-ID)","Jordan BARDELLA (FRA-ID)",1
"Jean-François JALKH (FRA-ID)","Annika BRUNA (FRA-ID)",1
"Jean-François JALKH (FRA-ID)","France JAMET (FRA-ID)",1
"Jean-François JALKH (FRA-ID)","Jérôme RIVIÈRE (FRA-ID)",1
"Jean-François JALKH (FRA-ID)","Thierry MARIANI (FRA-ID)",1
"Jean-François JALKH (FRA-ID)","Virginie JORON (FRA-ID)",1
"Jean-François JALKH (FRA-ID)","Aurélia BEIGNEUX (FRA-ID)",1
"Jean-François JALKH (FRA-ID)","André ROUGÉ (FRA-ID)",1
"Jean-François JALKH (FRA-ID)","Mathilde ANDROUËT (FRA-ID)",1
"Dominique BILDE (FRA-ID)","Jordan BARDELLA (FRA-ID)",1
"Dominique BILDE (FRA-ID)","Annika BRUNA (FRA-ID)",1
"Dominique BILDE (FRA-ID)","France JAMET (FRA-ID)",1
"Dominique BILDE (FRA-ID)","Jaak MADISON (EST-ID)",1
"Dominique BILDE (FRA-ID)","Beata SZYDŁO (POL-ECR)",1
"Dominique BILDE (FRA-ID)","Gianna GANCIA (ITA-ID)",1
"Dominique BILDE (FRA-ID)","Alessandra BASSO (ITA-ID)",1
"Dominique BILDE (FRA-ID)","Jérôme RIVIÈRE (FRA-ID)",1
"Dominique BILDE (FRA-ID)","Thierry MARIANI (FRA-ID)",1
"Dominique BILDE (FRA-ID)","Hervé JUVIN (FRA-ID)",1
"Dominique BILDE (FRA-ID)","Virginie JORON (FRA-ID)",1
"Dominique BILDE (FRA-ID)","Jean-Paul GARRAUD (FRA-ID)",1
"Dominique BILDE (FRA-ID)","Aurélia BEIGNEUX (FRA-ID)",1
"Dominique BILDE (FRA-ID)","Philippe OLIVIER (FRA-ID)",1
"Dominique BILDE (FRA-ID)","André ROUGÉ (FRA-ID)",1
"Dominique BILDE (FRA-ID)","Mathilde ANDROUËT (FRA-ID)",1
"Dominique BILDE (FRA-ID)","Robert ROOS (NLD-ECR)",1
"Dominique BILDE (FRA-ID)","Bert-Jan RUISSEN (NLD-ECR)",1
"Dominique BILDE (FRA-ID)","Hermann TERTSCH (ESP-ECR)",1
"Dominique BILDE (FRA-ID)","Jean-Lin LACAPELLE (FRA-ID)",1
"Eleonora EVI (ITA-GREEN_EFA)","Simona BONAFÈ (ITA-SD)",1
"Eleonora EVI (ITA-GREEN_EFA)","Ernest URTASUN (ESP-GREEN_EFA)",1
"Eleonora EVI (ITA-GREEN_EFA)","Jytte GUTELAND (SWE-SD)",1
"Eleonora EVI (ITA-GREEN_EFA)","Erik BERGKVIST (SWE-SD)",1
"Eleonora EVI (ITA-GREEN_EFA)","Søren GADE (DNK-RENEW)",1
"Eleonora EVI (ITA-GREEN_EFA)","Pierfrancesco MAJORINO (ITA-SD)",1
"Eleonora EVI (ITA-GREEN_EFA)","Véronique TRILLET-LENOIR (FRA-RENEW)",1
"Eleonora EVI (ITA-GREEN_EFA)","Sira REGO (ESP-GUE_NGL)",1
"Eleonora EVI (ITA-GREEN_EFA)","Adriana MALDONADO LÓPEZ (ESP-SD)",1
"Eleonora EVI (ITA-GREEN_EFA)","Andrea CAROPPO (ITA-EPP)",1
"Marco ZANNI (ITA-ID)","Angelo CIOCCA (ITA-ID)",1
"Marco ZANNI (ITA-ID)","France JAMET (FRA-ID)",1
"Marco ZANNI (ITA-ID)","Danilo Oscar LANCINI (ITA-ID)",1
"Marco ZANNI (ITA-ID)","Jaak MADISON (EST-ID)",1
"Marco ZANNI (ITA-ID)","Silvia SARDONE (ITA-ID)",1
"Marco ZANNI (ITA-ID)","Isabella TOVAGLIERI (ITA-ID)",1
"Marco ZANNI (ITA-ID)","Gianna GANCIA (ITA-ID)",1
"Marco ZANNI (ITA-ID)","Stefania ZAMBELLI (ITA-ID)",1
"Marco ZANNI (ITA-ID)","Gianantonio DA RE (ITA-ID)",1
"Marco ZANNI (ITA-ID)","Alessandra BASSO (ITA-ID)",1
"Marco ZANNI (ITA-ID)","Elena LIZZI (ITA-ID)",1
"Marco ZANNI (ITA-ID)","Rosanna CONTE (ITA-ID)",1
"Marco ZANNI (ITA-ID)","Thierry MARIANI (FRA-ID)",1
"Marco ZANNI (ITA-ID)","Hervé JUVIN (FRA-ID)",1
"Marco ZANNI (ITA-ID)","Virginie JORON (FRA-ID)",1
"Marco ZANNI (ITA-ID)","Jean-Paul GARRAUD (FRA-ID)",1
"Marco ZANNI (ITA-ID)","Aurélia BEIGNEUX (FRA-ID)",1
"Marco ZANNI (ITA-ID)","Philippe OLIVIER (FRA-ID)",1
"Marco ZANNI (ITA-ID)","André ROUGÉ (FRA-ID)",1
"Marco ZANNI (ITA-ID)","Mathilde ANDROUËT (FRA-ID)",1
"Marco ZANNI (ITA-ID)","Susanna CECCARDI (ITA-ID)",1
"Marco ZANNI (ITA-ID)","Antonio Maria RINALDI (ITA-ID)",1
"Marco ZANNI (ITA-ID)","Anna BONFRISCO (ITA-ID)",1
"Marco ZANNI (ITA-ID)","Massimo CASANOVA (ITA-ID)",1
"Marco ZANNI (ITA-ID)","Valentino GRANT (ITA-ID)",1
"Marco ZANNI (ITA-ID)","Annalisa TARDINO (ITA-ID)",1
"Marco ZANNI (ITA-ID)","Matteo ADINOLFI (ITA-ID)",1
"Marco ZANNI (ITA-ID)","Jean-Lin LACAPELLE (FRA-ID)",1
"Norbert LINS (DEU-EPP)","Aušra SEIBUTYTĖ (LTU-EPP)",1
"Norbert LINS (DEU-EPP)","Liudas MAŽYLIS (LTU-EPP)",1
"Simona BONAFÈ (ITA-SD)","Ernest URTASUN (ESP-GREEN_EFA)",1
"Simona BONAFÈ (ITA-SD)","Jytte GUTELAND (SWE-SD)",1
"Simona BONAFÈ (ITA-SD)","Søren GADE (DNK-RENEW)",1
"Simona BONAFÈ (ITA-SD)","Pierfrancesco MAJORINO (ITA-SD)",1
"Simona BONAFÈ (ITA-SD)","Véronique TRILLET-LENOIR (FRA-RENEW)",1
"Simona BONAFÈ (ITA-SD)","Sira REGO (ESP-GUE_NGL)",1
"Simona BONAFÈ (ITA-SD)","Adriana MALDONADO LÓPEZ (ESP-SD)",1
"Simona BONAFÈ (ITA-SD)","Andrea CAROPPO (ITA-EPP)",1
"Fulvio MARTUSCIELLO (ITA-EPP)","Krzysztof HETMAN (POL-EPP)",1
"Fulvio MARTUSCIELLO (ITA-EPP)","Loucas FOURLAS (CYP-EPP)",1
"Fulvio MARTUSCIELLO (ITA-EPP)","Simone SCHMIEDTBAUER (AUT-EPP)",1
"Emil RADEV (BGR-EPP)","Angelika WINZIG (AUT-EPP)",1
"Angel DZHAMBAZKI (BGR-ECR)","Jadwiga WIŚNIEWSKA (POL-ECR)",1
"Angel DZHAMBAZKI (BGR-ECR)","Kosma ZŁOTOWSKI (POL-ECR)",1
"Angel DZHAMBAZKI (BGR-ECR)","Karol KARSKI (POL-ECR)",1
"Angel DZHAMBAZKI (BGR-ECR)","Zdzisław KRASNODĘBSKI (POL-ECR)",1
"Angel DZHAMBAZKI (BGR-ECR)","Lars Patrick BERG (DEU-ECR)",1
"Angel DZHAMBAZKI (BGR-ECR)","Joachim Stanisław BRUDZIŃSKI (POL-ECR)",1
"Angel DZHAMBAZKI (BGR-ECR)","Patryk JAKI (POL-ECR)",1
"Angel DZHAMBAZKI (BGR-ECR)","Krzysztof JURGIEL (POL-ECR)",1
"Angel DZHAMBAZKI (BGR-ECR)","Beata KEMPA (POL-ECR)",1
"Angel DZHAMBAZKI (BGR-ECR)","Izabela-Helena KLOC (POL-ECR)",1
"Angel DZHAMBAZKI (BGR-ECR)","Joanna KOPCIŃSKA (POL-ECR)",1
"Angel DZHAMBAZKI (BGR-ECR)","Elżbieta KRUK (POL-ECR)",1
"Angel DZHAMBAZKI (BGR-ECR)","Beata MAZUREK (POL-ECR)",1
"Angel DZHAMBAZKI (BGR-ECR)","Andżelika Anna MOŻDŻANOWSKA (POL-ECR)",1
"Angel DZHAMBAZKI (BGR-ECR)","Elżbieta RAFALSKA (POL-ECR)",1
"Angel DZHAMBAZKI (BGR-ECR)","Bogdan RZOŃCA (POL-ECR)",1
"Angel DZHAMBAZKI (BGR-ECR)","Beata SZYDŁO (POL-ECR)",1
"Angel DZHAMBAZKI (BGR-ECR)","Grzegorz TOBISZOWSKI (POL-ECR)",1
"Angel DZHAMBAZKI (BGR-ECR)","Witold Jan WASZCZYKOWSKI (POL-ECR)",1
"Angel DZHAMBAZKI (BGR-ECR)","Anna ZALEWSKA (POL-ECR)",1
"Angel DZHAMBAZKI (BGR-ECR)","Pietro FIOCCHI (ITA-ECR)",1
"Angel DZHAMBAZKI (BGR-ECR)","Bert-Jan RUISSEN (NLD-ECR)",1
"Angel DZHAMBAZKI (BGR-ECR)","Nicola PROCACCINI (ITA-ECR)",1
"Angel DZHAMBAZKI (BGR-ECR)","Raffaele STANCANELLI (ITA-ECR)",1
"Angel DZHAMBAZKI (BGR-ECR)","Andrey SLABAKOV (BGR-ECR)",1
"Angel DZHAMBAZKI (BGR-ECR)","Emmanouil FRAGKOS (GRC-ECR)",1
"Angel DZHAMBAZKI (BGR-ECR)","Vincenzo SOFO (ITA-ECR)",1
"Angel DZHAMBAZKI (BGR-ECR)","Dominik TARCZYŃSKI (POL-ECR)",1
"Angel DZHAMBAZKI (BGR-ECR)","Ladislav ILČIĆ (HRV-ECR)",1
"Jadwiga WIŚNIEWSKA (POL-ECR)","Kosma ZŁOTOWSKI (POL-ECR)",1
"Jadwiga WIŚNIEWSKA (POL-ECR)","Karol KARSKI (POL-ECR)",1
"Jadwiga WIŚNIEWSKA (POL-ECR)","Zdzisław KRASNODĘBSKI (POL-ECR)",1
"Jadwiga WIŚNIEWSKA (POL-ECR)","Jörg MEUTHEN (DEU-ID)",1
"Jadwiga WIŚNIEWSKA (POL-ECR)","Assita KANKO (BEL-ECR)",1
"Jadwiga WIŚNIEWSKA (POL-ECR)","Joachim Stanisław BRUDZIŃSKI (POL-ECR)",1
"Jadwiga WIŚNIEWSKA (POL-ECR)","Patryk JAKI (POL-ECR)",1
"Jadwiga WIŚNIEWSKA (POL-ECR)","Krzysztof JURGIEL (POL-ECR)",1
"Jadwiga WIŚNIEWSKA (POL-ECR)","Beata KEMPA (POL-ECR)",1
"Jadwiga WIŚNIEWSKA (POL-ECR)","Izabela-Helena KLOC (POL-ECR)",1
"Jadwiga WIŚNIEWSKA (POL-ECR)","Joanna KOPCIŃSKA (POL-ECR)",1
"Jadwiga WIŚNIEWSKA (POL-ECR)","Elżbieta KRUK (POL-ECR)",1
"Jadwiga WIŚNIEWSKA (POL-ECR)","Alexandr VONDRA (CZE-ECR)",1
"Jadwiga WIŚNIEWSKA (POL-ECR)","Beata MAZUREK (POL-ECR)",1
"Jadwiga WIŚNIEWSKA (POL-ECR)","Andżelika Anna MOŻDŻANOWSKA (POL-ECR)",1
"Jadwiga WIŚNIEWSKA (POL-ECR)","Elżbieta RAFALSKA (POL-ECR)",1
"Jadwiga WIŚNIEWSKA (POL-ECR)","Bogdan RZOŃCA (POL-ECR)",1
"Jadwiga WIŚNIEWSKA (POL-ECR)","Beata SZYDŁO (POL-ECR)",1
"Jadwiga WIŚNIEWSKA (POL-ECR)","Grzegorz TOBISZOWSKI (POL-ECR)",1
"Jadwiga WIŚNIEWSKA (POL-ECR)","Witold Jan WASZCZYKOWSKI (POL-ECR)",1
"Jadwiga WIŚNIEWSKA (POL-ECR)","Anna ZALEWSKA (POL-ECR)",1
"Jadwiga WIŚNIEWSKA (POL-ECR)","Pietro FIOCCHI (ITA-ECR)",1
"Jadwiga WIŚNIEWSKA (POL-ECR)","Bert-Jan RUISSEN (NLD-ECR)",1
"Jadwiga WIŚNIEWSKA (POL-ECR)","Nicola PROCACCINI (ITA-ECR)",1
"Jadwiga WIŚNIEWSKA (POL-ECR)","Raffaele STANCANELLI (ITA-ECR)",1
"Jadwiga WIŚNIEWSKA (POL-ECR)","Hermann TERTSCH (ESP-ECR)",1
"Jadwiga WIŚNIEWSKA (POL-ECR)","Andrey SLABAKOV (BGR-ECR)",1
"Jadwiga WIŚNIEWSKA (POL-ECR)","Vincenzo SOFO (ITA-ECR)",1
"Jadwiga WIŚNIEWSKA (POL-ECR)","Dominik TARCZYŃSKI (POL-ECR)",1
"Jadwiga WIŚNIEWSKA (POL-ECR)","Margarita DE LA PISA CARRIÓN (ESP-ECR)",1
"Jadwiga WIŚNIEWSKA (POL-ECR)","Ladislav ILČIĆ (HRV-ECR)",1
"Kosma ZŁOTOWSKI (POL-ECR)","Karol KARSKI (POL-ECR)",1
"Kosma ZŁOTOWSKI (POL-ECR)","Zdzisław KRASNODĘBSKI (POL-ECR)",1
"Kosma ZŁOTOWSKI (POL-ECR)","Jörg MEUTHEN (DEU-ID)",1
"Kosma ZŁOTOWSKI (POL-ECR)","Assita KANKO (BEL-ECR)",1
"Kosma ZŁOTOWSKI (POL-ECR)","Joachim Stanisław BRUDZIŃSKI (POL-ECR)",1
"Kosma ZŁOTOWSKI (POL-ECR)","Patryk JAKI (POL-ECR)",1
"Kosma ZŁOTOWSKI (POL-ECR)","Krzysztof JURGIEL (POL-ECR)",1
"Kosma ZŁOTOWSKI (POL-ECR)","Beata KEMPA (POL-ECR)",1
"Kosma ZŁOTOWSKI (POL-ECR)","Izabela-Helena KLOC (POL-ECR)",1
"Kosma ZŁOTOWSKI (POL-ECR)","Joanna KOPCIŃSKA (POL-ECR)",1
"Kosma ZŁOTOWSKI (POL-ECR)","Elżbieta KRUK (POL-ECR)",1
"Kosma ZŁOTOWSKI (POL-ECR)","Alexandr VONDRA (CZE-ECR)",1
"Kosma ZŁOTOWSKI (POL-ECR)","Beata MAZUREK (POL-ECR)",1
"Kosma ZŁOTOWSKI (POL-ECR)","Andżelika Anna MOŻDŻANOWSKA (POL-ECR)",1
"Kosma ZŁOTOWSKI (POL-ECR)","Elżbieta RAFALSKA (POL-ECR)",1
"Kosma ZŁOTOWSKI (POL-ECR)","Bogdan RZOŃCA (POL-ECR)",1
"Kosma ZŁOTOWSKI (POL-ECR)","Veronika VRECIONOVÁ (CZE-ECR)",1
"Kosma ZŁOTOWSKI (POL-ECR)","Beata SZYDŁO (POL-ECR)",1
"Kosma ZŁOTOWSKI (POL-ECR)","Grzegorz TOBISZOWSKI (POL-ECR)",1
"Kosma ZŁOTOWSKI (POL-ECR)","Witold Jan WASZCZYKOWSKI (POL-ECR)",1
"Kosma ZŁOTOWSKI (POL-ECR)","Anna ZALEWSKA (POL-ECR)",1
"Kosma ZŁOTOWSKI (POL-ECR)","Pietro FIOCCHI (ITA-ECR)",1
"Kosma ZŁOTOWSKI (POL-ECR)","Bert-Jan RUISSEN (NLD-ECR)",1
"Kosma ZŁOTOWSKI (POL-ECR)","Nicola PROCACCINI (ITA-ECR)",1
"Kosma ZŁOTOWSKI (POL-ECR)","Raffaele STANCANELLI (ITA-ECR)",1
"Kosma ZŁOTOWSKI (POL-ECR)","Jorge BUXADÉ VILLALBA (ESP-ECR)",1
"Kosma ZŁOTOWSKI (POL-ECR)","Hermann TERTSCH (ESP-ECR)",1
"Kosma ZŁOTOWSKI (POL-ECR)","Andrey SLABAKOV (BGR-ECR)",1
"Kosma ZŁOTOWSKI (POL-ECR)","Mazaly AGUILAR (ESP-ECR)",1
"Kosma ZŁOTOWSKI (POL-ECR)","Vincenzo SOFO (ITA-ECR)",1
"Kosma ZŁOTOWSKI (POL-ECR)","Dominik TARCZYŃSKI (POL-ECR)",1
"Kosma ZŁOTOWSKI (POL-ECR)","Margarita DE LA PISA CARRIÓN (ESP-ECR)",1
"Kosma ZŁOTOWSKI (POL-ECR)","Ladislav ILČIĆ (HRV-ECR)",1
"Karol KARSKI (POL-ECR)","Zdzisław KRASNODĘBSKI (POL-ECR)",1
"Karol KARSKI (POL-ECR)","Danilo Oscar LANCINI (ITA-ID)",1
"Karol KARSKI (POL-ECR)","Joachim Stanisław BRUDZIŃSKI (POL-ECR)",1
"Karol KARSKI (POL-ECR)","Patryk JAKI (POL-ECR)",1
"Karol KARSKI (POL-ECR)","Beata KEMPA (POL-ECR)",1
"Karol KARSKI (POL-ECR)","Izabela-Helena KLOC (POL-ECR)",1
"Karol KARSKI (POL-ECR)","Joanna KOPCIŃSKA (POL-ECR)",1
"Karol KARSKI (POL-ECR)","Elżbieta KRUK (POL-ECR)",1
"Karol KARSKI (POL-ECR)","Beata MAZUREK (POL-ECR)",1
"Karol KARSKI (POL-ECR)","Andżelika Anna MOŻDŻANOWSKA (POL-ECR)",1
"Karol KARSKI (POL-ECR)","Elżbieta RAFALSKA (POL-ECR)",1
"Karol KARSKI (POL-ECR)","Bogdan RZOŃCA (POL-ECR)",1
"Karol KARSKI (POL-ECR)","Beata SZYDŁO (POL-ECR)",1
"Karol KARSKI (POL-ECR)","Grzegorz TOBISZOWSKI (POL-ECR)",1
"Karol KARSKI (POL-ECR)","Witold Jan WASZCZYKOWSKI (POL-ECR)",1
"Karol KARSKI (POL-ECR)","Anna ZALEWSKA (POL-ECR)",1
"Karol KARSKI (POL-ECR)","Pietro FIOCCHI (ITA-ECR)",1
"Karol KARSKI (POL-ECR)","Bert-Jan RUISSEN (NLD-ECR)",1
"Karol KARSKI (POL-ECR)","Nicola PROCACCINI (ITA-ECR)",1
"Karol KARSKI (POL-ECR)","Raffaele STANCANELLI (ITA-ECR)",1
"Karol KARSKI (POL-ECR)","Hermann TERTSCH (ESP-ECR)",1
"Karol KARSKI (POL-ECR)","Vincenzo SOFO (ITA-ECR)",1
"Karol KARSKI (POL-ECR)","Dominik TARCZYŃSKI (POL-ECR)",1
"Zdzisław KRASNODĘBSKI (POL-ECR)","Jörg MEUTHEN (DEU-ID)",1
"Zdzisław KRASNODĘBSKI (POL-ECR)","Assita KANKO (BEL-ECR)",1
"Zdzisław KRASNODĘBSKI (POL-ECR)","Joachim Stanisław BRUDZIŃSKI (POL-ECR)",1
"Zdzisław KRASNODĘBSKI (POL-ECR)","Patryk JAKI (POL-ECR)",1
"Zdzisław KRASNODĘBSKI (POL-ECR)","Krzysztof JURGIEL (POL-ECR)",1
"Zdzisław KRASNODĘBSKI (POL-ECR)","Beata KEMPA (POL-ECR)",1
"Zdzisław KRASNODĘBSKI (POL-ECR)","Izabela-Helena KLOC (POL-ECR)",1
"Zdzisław KRASNODĘBSKI (POL-ECR)","Joanna KOPCIŃSKA (POL-ECR)",1
"Zdzisław KRASNODĘBSKI (POL-ECR)","Elżbieta KRUK (POL-ECR)",1
"Zdzisław KRASNODĘBSKI (POL-ECR)","Alexandr VONDRA (CZE-ECR)",1
"Zdzisław KRASNODĘBSKI (POL-ECR)","Beata MAZUREK (POL-ECR)",1
"Zdzisław KRASNODĘBSKI (POL-ECR)","Andżelika Anna MOŻDŻANOWSKA (POL-ECR)",1
"Zdzisław KRASNODĘBSKI (POL-ECR)","Elżbieta RAFALSKA (POL-ECR)",1
"Zdzisław KRASNODĘBSKI (POL-ECR)","Bogdan RZOŃCA (POL-ECR)",1
"Zdzisław KRASNODĘBSKI (POL-ECR)","Veronika VRECIONOVÁ (CZE-ECR)",1
"Zdzisław KRASNODĘBSKI (POL-ECR)","Beata SZYDŁO (POL-ECR)",1
"Zdzisław KRASNODĘBSKI (POL-ECR)","Grzegorz TOBISZOWSKI (POL-ECR)",1
"Zdzisław KRASNODĘBSKI (POL-ECR)","Witold Jan WASZCZYKOWSKI (POL-ECR)",1
"Zdzisław KRASNODĘBSKI (POL-ECR)","Anna ZALEWSKA (POL-ECR)",1
"Zdzisław KRASNODĘBSKI (POL-ECR)","Pietro FIOCCHI (ITA-ECR)",1
"Zdzisław KRASNODĘBSKI (POL-ECR)","Bert-Jan RUISSEN (NLD-ECR)",1
"Zdzisław KRASNODĘBSKI (POL-ECR)","Nicola PROCACCINI (ITA-ECR)",1
"Zdzisław KRASNODĘBSKI (POL-ECR)","Raffaele STANCANELLI (ITA-ECR)",1
"Zdzisław KRASNODĘBSKI (POL-ECR)","Jorge BUXADÉ VILLALBA (ESP-ECR)",1
"Zdzisław KRASNODĘBSKI (POL-ECR)","Hermann TERTSCH (ESP-ECR)",1
"Zdzisław KRASNODĘBSKI (POL-ECR)","Andrey SLABAKOV (BGR-ECR)",1
"Zdzisław KRASNODĘBSKI (POL-ECR)","Mazaly AGUILAR (ESP-ECR)",1
"Zdzisław KRASNODĘBSKI (POL-ECR)","Vincenzo SOFO (ITA-ECR)",1
"Zdzisław KRASNODĘBSKI (POL-ECR)","Dominik TARCZYŃSKI (POL-ECR)",1
"Zdzisław KRASNODĘBSKI (POL-ECR)","Margarita DE LA PISA CARRIÓN (ESP-ECR)",1
"Zdzisław KRASNODĘBSKI (POL-ECR)","Ladislav ILČIĆ (HRV-ECR)",1
"Krzysztof HETMAN (POL-EPP)","Esteban GONZÁLEZ PONS (ESP-EPP)",1
"Krzysztof HETMAN (POL-EPP)","Christophe HANSEN (LUX-EPP)",1
"Krzysztof HETMAN (POL-EPP)","Erik BERGKVIST (SWE-SD)",1
"Krzysztof HETMAN (POL-EPP)","Stefan BERGER (DEU-EPP)",1
"Krzysztof HETMAN (POL-EPP)","Loucas FOURLAS (CYP-EPP)",1
"Krzysztof HETMAN (POL-EPP)","Bartosz ARŁUKOWICZ (POL-EPP)",1
"Krzysztof HETMAN (POL-EPP)","Agnès EVREN (FRA-EPP)",1
"Krzysztof HETMAN (POL-EPP)","Radosław SIKORSKI (POL-EPP)",1
"Krzysztof HETMAN (POL-EPP)","Véronique TRILLET-LENOIR (FRA-RENEW)",1
"Krzysztof HETMAN (POL-EPP)","Alexander BERNHUBER (AUT-EPP)",1
"Krzysztof HETMAN (POL-EPP)","Angelika WINZIG (AUT-EPP)",1
"Krzysztof HETMAN (POL-EPP)","Simone SCHMIEDTBAUER (AUT-EPP)",1
"Krzysztof HETMAN (POL-EPP)","Adriana MALDONADO LÓPEZ (ESP-SD)",1
"Krzysztof HETMAN (POL-EPP)","Álvaro AMARO (PRT-EPP)",1
"Krzysztof HETMAN (POL-EPP)","Luisa REGIMENTI (ITA-ID)",1
"Krzysztof HETMAN (POL-EPP)","Andrea CAROPPO (ITA-EPP)",1
"Ernest URTASUN (ESP-GREEN_EFA)","Erik BERGKVIST (SWE-SD)",1
"Ernest URTASUN (ESP-GREEN_EFA)","Stéphane SÉJOURNÉ (FRA-RENEW)",1
"Ernest URTASUN (ESP-GREEN_EFA)","Pierfrancesco MAJORINO (ITA-SD)",1
"Ernest URTASUN (ESP-GREEN_EFA)","Véronique TRILLET-LENOIR (FRA-RENEW)",1
"Ernest URTASUN (ESP-GREEN_EFA)","Sira REGO (ESP-GUE_NGL)",1
"Ernest URTASUN (ESP-GREEN_EFA)","Adriana MALDONADO LÓPEZ (ESP-SD)",1
"Gerolf ANNEMANS (BEL-ID)","Harald VILIMSKY (AUT-ID)",1
"Gerolf ANNEMANS (BEL-ID)","Markus BUCHHEIT (DEU-ID)",1
"Gerolf ANNEMANS (BEL-ID)","Tom VANDENDRIESSCHE (BEL-ID)",1
"Gerolf ANNEMANS (BEL-ID)","Jörg MEUTHEN (DEU-ID)",1
"Gerolf ANNEMANS (BEL-ID)","Filip DE MAN (BEL-ID)",1
"Gerolf ANNEMANS (BEL-ID)","Guido REIL (DEU-ID)",1
"Gerolf ANNEMANS (BEL-ID)","Jaak MADISON (EST-ID)",1
"Gerolf ANNEMANS (BEL-ID)","Ivan DAVID (CZE-ID)",1
"Gerolf ANNEMANS (BEL-ID)","Teuvo HAKKARAINEN (FIN-ID)",1
"Gerolf ANNEMANS (BEL-ID)","Gianantonio DA RE (ITA-ID)",1
"Gerolf ANNEMANS (BEL-ID)","Alessandra BASSO (ITA-ID)",1
"Gerolf ANNEMANS (BEL-ID)","Elena LIZZI (ITA-ID)",1
"Gerolf ANNEMANS (BEL-ID)","Hervé JUVIN (FRA-ID)",1
"Gerolf ANNEMANS (BEL-ID)","Robert ROOS (NLD-ECR)",1
"Gerolf ANNEMANS (BEL-ID)","Susanna CECCARDI (ITA-ID)",1
"Gerolf ANNEMANS (BEL-ID)","Antonio Maria RINALDI (ITA-ID)",1
"Gerolf ANNEMANS (BEL-ID)","Roman HAIDER (AUT-ID)",1
"Gerolf ANNEMANS (BEL-ID)","Jean-Lin LACAPELLE (FRA-ID)",1
"Jytte GUTELAND (SWE-SD)","Erik BERGKVIST (SWE-SD)",1
"Jytte GUTELAND (SWE-SD)","Søren GADE (DNK-RENEW)",1
"Jytte GUTELAND (SWE-SD)","Pierfrancesco MAJORINO (ITA-SD)",1
"Jytte GUTELAND (SWE-SD)","Véronique TRILLET-LENOIR (FRA-RENEW)",1
"Jytte GUTELAND (SWE-SD)","Sira REGO (ESP-GUE_NGL)",1
"Jytte GUTELAND (SWE-SD)","Adriana MALDONADO LÓPEZ (ESP-SD)",1
"Jytte GUTELAND (SWE-SD)","Andrea CAROPPO (ITA-EPP)",1
"Peter LUNDGREN (SWE-ECR)","Jörg MEUTHEN (DEU-ID)",1
"Peter LUNDGREN (SWE-ECR)","Hervé JUVIN (FRA-ID)",1
"Harald VILIMSKY (AUT-ID)","Tom VANDENDRIESSCHE (BEL-ID)",1
"Harald VILIMSKY (AUT-ID)","Filip DE MAN (BEL-ID)",1
"Harald VILIMSKY (AUT-ID)","Jaak MADISON (EST-ID)",1
"Harald VILIMSKY (AUT-ID)","Ivan DAVID (CZE-ID)",1
"Harald VILIMSKY (AUT-ID)","Alessandra BASSO (ITA-ID)",1
"Harald VILIMSKY (AUT-ID)","Virginie JORON (FRA-ID)",1
"Harald VILIMSKY (AUT-ID)","Susanna CECCARDI (ITA-ID)",1
"Harald VILIMSKY (AUT-ID)","Anna BONFRISCO (ITA-ID)",1
"Harald VILIMSKY (AUT-ID)","Roman HAIDER (AUT-ID)",1
"Harald VILIMSKY (AUT-ID)","Jean-Lin LACAPELLE (FRA-ID)",1
"Franc BOGOVIČ (SVN-EPP)","Tomislav SOKOL (HRV-EPP)",1
"Daniel BUDA (ROU-EPP)","Vasile BLAGA (ROU-EPP)",1
"Esteban GONZÁLEZ PONS (ESP-EPP)","Christophe HANSEN (LUX-EPP)",1
"Esteban GONZÁLEZ PONS (ESP-EPP)","Erik BERGKVIST (SWE-SD)",1
"Esteban GONZÁLEZ PONS (ESP-EPP)","Agnès EVREN (FRA-EPP)",1
"Esteban GONZÁLEZ PONS (ESP-EPP)","Simone SCHMIEDTBAUER (AUT-EPP)",1
"Esteban GONZÁLEZ PONS (ESP-EPP)","Álvaro AMARO (PRT-EPP)",1
"Maria SPYRAKI (GRC-EPP)","Helmut GEUKING (DEU-EPP)",1
"Manolis KEFALOGIANNIS (GRC-EPP)","Vangelis MEIMARAKIS (GRC-EPP)",1
"Romana TOMC (SVN-EPP)","François-Xavier BELLAMY (FRA-EPP)",1
"Johan VAN OVERTVELDT (BEL-ECR)","France JAMET (FRA-ID)",1
"Johan VAN OVERTVELDT (BEL-ECR)","Geert BOURGEOIS (BEL-ECR)",1
"Johan VAN OVERTVELDT (BEL-ECR)","Assita KANKO (BEL-ECR)",1
"Johan VAN OVERTVELDT (BEL-ECR)","Alexandr VONDRA (CZE-ECR)",1
"Johan VAN OVERTVELDT (BEL-ECR)","Veronika VRECIONOVÁ (CZE-ECR)",1
"Johan VAN OVERTVELDT (BEL-ECR)","Aurélia BEIGNEUX (FRA-ID)",1
"Johan VAN OVERTVELDT (BEL-ECR)","Mathilde ANDROUËT (FRA-ID)",1
"Johan VAN OVERTVELDT (BEL-ECR)","Bert-Jan RUISSEN (NLD-ECR)",1
"Johan VAN OVERTVELDT (BEL-ECR)","Jorge BUXADÉ VILLALBA (ESP-ECR)",1
"Johan VAN OVERTVELDT (BEL-ECR)","Jean-Lin LACAPELLE (FRA-ID)",1
"Massimiliano SALINI (ITA-EPP)","Stefan BERGER (DEU-EPP)",1
"Massimiliano SALINI (ITA-EPP)","Alexander BERNHUBER (AUT-EPP)",1
"Massimiliano SALINI (ITA-EPP)","Angelika WINZIG (AUT-EPP)",1
"Massimiliano SALINI (ITA-EPP)","Sunčana GLAVAK (HRV-EPP)",1
"Markus BUCHHEIT (DEU-ID)","Gunnar BECK (DEU-ID)",1
"Markus BUCHHEIT (DEU-ID)","Tom VANDENDRIESSCHE (BEL-ID)",1
"Markus BUCHHEIT (DEU-ID)","Jörg MEUTHEN (DEU-ID)",1
"Markus BUCHHEIT (DEU-ID)","Christine ANDERSON (DEU-ID)",1
"Markus BUCHHEIT (DEU-ID)","Lars Patrick BERG (DEU-ECR)",1
"Markus BUCHHEIT (DEU-ID)","Nicolaus FEST (DEU-ID)",1
"Markus BUCHHEIT (DEU-ID)","Maximilian KRAH (DEU-ID)",1
"Markus BUCHHEIT (DEU-ID)","Joachim KUHS (DEU-ID)",1
"Markus BUCHHEIT (DEU-ID)","Sylvia LIMMER (DEU-ID)",1
"Markus BUCHHEIT (DEU-ID)","Guido REIL (DEU-ID)",1
"Markus BUCHHEIT (DEU-ID)","Bernhard ZIMNIOK (DEU-ID)",1
"Markus BUCHHEIT (DEU-ID)","Jaak MADISON (EST-ID)",1
"Markus BUCHHEIT (DEU-ID)","Rob ROOKEN (NLD-ECR)",1
"Markus BUCHHEIT (DEU-ID)","Michiel HOOGEVEEN (NLD-ECR)",1
"Stelios KOULOGLOU (GRC-GUE_NGL)","Konstantinos ARVANITIS (GRC-GUE_NGL)",1
"Jordan BARDELLA (FRA-ID)","Annika BRUNA (FRA-ID)",1
"Jordan BARDELLA (FRA-ID)","France JAMET (FRA-ID)",1
"Jordan BARDELLA (FRA-ID)","Joachim Stanisław BRUDZIŃSKI (POL-ECR)",1
"Jordan BARDELLA (FRA-ID)","Thierry MARIANI (FRA-ID)",1
"Jordan BARDELLA (FRA-ID)","Hervé JUVIN (FRA-ID)",1
"Jordan BARDELLA (FRA-ID)","Virginie JORON (FRA-ID)",1
"Jordan BARDELLA (FRA-ID)","Jean-Paul GARRAUD (FRA-ID)",1
"Jordan BARDELLA (FRA-ID)","Aurélia BEIGNEUX (FRA-ID)",1
"Jordan BARDELLA (FRA-ID)","Philippe OLIVIER (FRA-ID)",1
"Jordan BARDELLA (FRA-ID)","André ROUGÉ (FRA-ID)",1
"Jordan BARDELLA (FRA-ID)","Mathilde ANDROUËT (FRA-ID)",1
"Jordan BARDELLA (FRA-ID)","Robert ROOS (NLD-ECR)",1
"Jordan BARDELLA (FRA-ID)","Bert-Jan RUISSEN (NLD-ECR)",1
"Jordan BARDELLA (FRA-ID)","Jean-Lin LACAPELLE (FRA-ID)",1
"Gunnar BECK (DEU-ID)","Jörg MEUTHEN (DEU-ID)",1
"Gunnar BECK (DEU-ID)","Christine ANDERSON (DEU-ID)",1
"Gunnar BECK (DEU-ID)","Nicolaus FEST (DEU-ID)",1
"Gunnar BECK (DEU-ID)","Maximilian KRAH (DEU-ID)",1
"Gunnar BECK (DEU-ID)","Joachim KUHS (DEU-ID)",1
"Gunnar BECK (DEU-ID)","Sylvia LIMMER (DEU-ID)",1
"Gunnar BECK (DEU-ID)","Guido REIL (DEU-ID)",1
"Gunnar BECK (DEU-ID)","Bernhard ZIMNIOK (DEU-ID)",1
"Gunnar BECK (DEU-ID)","Jaak MADISON (EST-ID)",1
"Gunnar BECK (DEU-ID)","Virginie JORON (FRA-ID)",1
"Gunnar BECK (DEU-ID)","Aurélia BEIGNEUX (FRA-ID)",1
"Gunnar BECK (DEU-ID)","Robert ROOS (NLD-ECR)",1
"Gunnar BECK (DEU-ID)","Rob ROOKEN (NLD-ECR)",1
"Gunnar BECK (DEU-ID)","Michiel HOOGEVEEN (NLD-ECR)",1
"João PIMENTA LOPES (PRT-GUE_NGL)","Sandra PEREIRA (PRT-GUE_NGL)",1
"Annika BRUNA (FRA-ID)","France JAMET (FRA-ID)",1
"Annika BRUNA (FRA-ID)","Jaak MADISON (EST-ID)",1
"Annika BRUNA (FRA-ID)","Joachim Stanisław BRUDZIŃSKI (POL-ECR)",1
"Annika BRUNA (FRA-ID)","Beata SZYDŁO (POL-ECR)",1
"Annika BRUNA (FRA-ID)","Jérôme RIVIÈRE (FRA-ID)",1
"Annika BRUNA (FRA-ID)","Thierry MARIANI (FRA-ID)",1
"Annika BRUNA (FRA-ID)","Hervé JUVIN (FRA-ID)",1
"Annika BRUNA (FRA-ID)","Virginie JORON (FRA-ID)",1
"Annika BRUNA (FRA-ID)","Jean-Paul GARRAUD (FRA-ID)",1
"Annika BRUNA (FRA-ID)","Aurélia BEIGNEUX (FRA-ID)",1
"Annika BRUNA (FRA-ID)","Philippe OLIVIER (FRA-ID)",1
"Annika BRUNA (FRA-ID)","André ROUGÉ (FRA-ID)",1
"Annika BRUNA (FRA-ID)","Mathilde ANDROUËT (FRA-ID)",1
"Annika BRUNA (FRA-ID)","Jean-Lin LACAPELLE (FRA-ID)",1
"Angelo CIOCCA (ITA-ID)","Danilo Oscar LANCINI (ITA-ID)",1
"Angelo CIOCCA (ITA-ID)","Silvia SARDONE (ITA-ID)",1
"Angelo CIOCCA (ITA-ID)","Isabella TOVAGLIERI (ITA-ID)",1
"Angelo CIOCCA (ITA-ID)","Gianna GANCIA (ITA-ID)",1
"Angelo CIOCCA (ITA-ID)","Gianantonio DA RE (ITA-ID)",1
"Angelo CIOCCA (ITA-ID)","Alessandra BASSO (ITA-ID)",1
"Angelo CIOCCA (ITA-ID)","Elena LIZZI (ITA-ID)",1
"Angelo CIOCCA (ITA-ID)","Rosanna CONTE (ITA-ID)",1
"Angelo CIOCCA (ITA-ID)","Susanna CECCARDI (ITA-ID)",1
"Angelo CIOCCA (ITA-ID)","Antonio Maria RINALDI (ITA-ID)",1
"Angelo CIOCCA (ITA-ID)","Simona BALDASSARRE (ITA-ID)",1
"Angelo CIOCCA (ITA-ID)","Massimo CASANOVA (ITA-ID)",1
"Angelo CIOCCA (ITA-ID)","Valentino GRANT (ITA-ID)",1
"Angelo CIOCCA (ITA-ID)","Annalisa TARDINO (ITA-ID)",1
"Angelo CIOCCA (ITA-ID)","Matteo ADINOLFI (ITA-ID)",1
"Angelo CIOCCA (ITA-ID)","Vincenzo SOFO (ITA-ECR)",1
"Željana ZOVKO (HRV-EPP)","Sunčana GLAVAK (HRV-EPP)",1
"Tom VANDENDRIESSCHE (BEL-ID)","Jörg MEUTHEN (DEU-ID)",1
"Tom VANDENDRIESSCHE (BEL-ID)","Filip DE MAN (BEL-ID)",1
"Tom VANDENDRIESSCHE (BEL-ID)","Guido REIL (DEU-ID)",1
"Tom VANDENDRIESSCHE (BEL-ID)","Jaak MADISON (EST-ID)",1
"Tom VANDENDRIESSCHE (BEL-ID)","Ivan DAVID (CZE-ID)",1
"Tom VANDENDRIESSCHE (BEL-ID)","Teuvo HAKKARAINEN (FIN-ID)",1
"Tom VANDENDRIESSCHE (BEL-ID)","Gianantonio DA RE (ITA-ID)",1
"Tom VANDENDRIESSCHE (BEL-ID)","Alessandra BASSO (ITA-ID)",1
"Tom VANDENDRIESSCHE (BEL-ID)","Elena LIZZI (ITA-ID)",1
"Tom VANDENDRIESSCHE (BEL-ID)","Hervé JUVIN (FRA-ID)",1
"Tom VANDENDRIESSCHE (BEL-ID)","Robert ROOS (NLD-ECR)",1
"Tom VANDENDRIESSCHE (BEL-ID)","Susanna CECCARDI (ITA-ID)",1
"Tom VANDENDRIESSCHE (BEL-ID)","Antonio Maria RINALDI (ITA-ID)",1
"Tom VANDENDRIESSCHE (BEL-ID)","Roman HAIDER (AUT-ID)",1
"Tom VANDENDRIESSCHE (BEL-ID)","Jean-Lin LACAPELLE (FRA-ID)",1
"France JAMET (FRA-ID)","Danilo Oscar LANCINI (ITA-ID)",1
"France JAMET (FRA-ID)","Jaak MADISON (EST-ID)",1
"France JAMET (FRA-ID)","Patryk JAKI (POL-ECR)",1
"France JAMET (FRA-ID)","Isabella TOVAGLIERI (ITA-ID)",1
"France JAMET (FRA-ID)","Teuvo HAKKARAINEN (FIN-ID)",1
"France JAMET (FRA-ID)","Alessandra BASSO (ITA-ID)",1
"France JAMET (FRA-ID)","Elena LIZZI (ITA-ID)",1
"France JAMET (FRA-ID)","Jérôme RIVIÈRE (FRA-ID)",1
"France JAMET (FRA-ID)","Thierry MARIANI (FRA-ID)",1
"France JAMET (FRA-ID)","Hervé JUVIN (FRA-ID)",1
"France JAMET (FRA-ID)","Virginie JORON (FRA-ID)",1
"France JAMET (FRA-ID)","Jean-Paul GARRAUD (FRA-ID)",1
"France JAMET (FRA-ID)","Aurélia BEIGNEUX (FRA-ID)",1
"France JAMET (FRA-ID)","Philippe OLIVIER (FRA-ID)",1
"France JAMET (FRA-ID)","André ROUGÉ (FRA-ID)",1
"France JAMET (FRA-ID)","Mathilde ANDROUËT (FRA-ID)",1
"France JAMET (FRA-ID)","Bert-Jan RUISSEN (NLD-ECR)",1
"France JAMET (FRA-ID)","Susanna CECCARDI (ITA-ID)",1
"France JAMET (FRA-ID)","Antonio Maria RINALDI (ITA-ID)",1
"France JAMET (FRA-ID)","Anna BONFRISCO (ITA-ID)",1
"France JAMET (FRA-ID)","Matteo ADINOLFI (ITA-ID)",1
"France JAMET (FRA-ID)","Jorge BUXADÉ VILLALBA (ESP-ECR)",1
"France JAMET (FRA-ID)","Hermann TERTSCH (ESP-ECR)",1
"France JAMET (FRA-ID)","Jean-Lin LACAPELLE (FRA-ID)",1
"Asim ADEMOV (BGR-EPP)","Alexander ALEXANDROV YORDANOV (BGR-EPP)",1
"Jörg MEUTHEN (DEU-ID)","Assita KANKO (BEL-ECR)",1
"Jörg MEUTHEN (DEU-ID)","Lars Patrick BERG (DEU-ECR)",1
"Jörg MEUTHEN (DEU-ID)","Joachim KUHS (DEU-ID)",1
"Jörg MEUTHEN (DEU-ID)","Guido REIL (DEU-ID)",1
"Jörg MEUTHEN (DEU-ID)","Jaak MADISON (EST-ID)",1
"Jörg MEUTHEN (DEU-ID)","Patryk JAKI (POL-ECR)",1
"Jörg MEUTHEN (DEU-ID)","Joanna KOPCIŃSKA (POL-ECR)",1
"Jörg MEUTHEN (DEU-ID)","Elżbieta KRUK (POL-ECR)",1
"Jörg MEUTHEN (DEU-ID)","Alexandr VONDRA (CZE-ECR)",1
"Jörg MEUTHEN (DEU-ID)","Beata MAZUREK (POL-ECR)",1
"Jörg MEUTHEN (DEU-ID)","Elżbieta RAFALSKA (POL-ECR)",1
"Jörg MEUTHEN (DEU-ID)","Witold Jan WASZCZYKOWSKI (POL-ECR)",1
"Jörg MEUTHEN (DEU-ID)","Anna ZALEWSKA (POL-ECR)",1
"Jörg MEUTHEN (DEU-ID)","Teuvo HAKKARAINEN (FIN-ID)",1
"Jörg MEUTHEN (DEU-ID)","Bert-Jan RUISSEN (NLD-ECR)",1
"Jörg MEUTHEN (DEU-ID)","Jorge BUXADÉ VILLALBA (ESP-ECR)",1
"Jörg MEUTHEN (DEU-ID)","Hermann TERTSCH (ESP-ECR)",1
"Jörg MEUTHEN (DEU-ID)","Mazaly AGUILAR (ESP-ECR)",1
"Jörg MEUTHEN (DEU-ID)","Vincenzo SOFO (ITA-ECR)",1
"Jörg MEUTHEN (DEU-ID)","Dominik TARCZYŃSKI (POL-ECR)",1
"Jörg MEUTHEN (DEU-ID)","Margarita DE LA PISA CARRIÓN (ESP-ECR)",1
"Jörg MEUTHEN (DEU-ID)","Michiel HOOGEVEEN (NLD-ECR)",1
"Jörg MEUTHEN (DEU-ID)","Ladislav ILČIĆ (HRV-ECR)",1
"Lukas MANDL (AUT-EPP)","Marlene MORTLER (DEU-EPP)",1
"Lukas MANDL (AUT-EPP)","Salvatore DE MEO (ITA-EPP)",1
"Danilo Oscar LANCINI (ITA-ID)","Jaak MADISON (EST-ID)",1
"Danilo Oscar LANCINI (ITA-ID)","Ivan DAVID (CZE-ID)",1
"Danilo Oscar LANCINI (ITA-ID)","Silvia SARDONE (ITA-ID)",1
"Danilo Oscar LANCINI (ITA-ID)","Isabella TOVAGLIERI (ITA-ID)",1
"Danilo Oscar LANCINI (ITA-ID)","Gianna GANCIA (ITA-ID)",1
"Danilo Oscar LANCINI (ITA-ID)","Gianantonio DA RE (ITA-ID)",1
"Danilo Oscar LANCINI (ITA-ID)","Alessandra BASSO (ITA-ID)",1
"Danilo Oscar LANCINI (ITA-ID)","Elena LIZZI (ITA-ID)",1
"Danilo Oscar LANCINI (ITA-ID)","Rosanna CONTE (ITA-ID)",1
"Danilo Oscar LANCINI (ITA-ID)","Thierry MARIANI (FRA-ID)",1
"Danilo Oscar LANCINI (ITA-ID)","Hervé JUVIN (FRA-ID)",1
"Danilo Oscar LANCINI (ITA-ID)","Virginie JORON (FRA-ID)",1
"Danilo Oscar LANCINI (ITA-ID)","Jean-Paul GARRAUD (FRA-ID)",1
"Danilo Oscar LANCINI (ITA-ID)","Aurélia BEIGNEUX (FRA-ID)",1
"Danilo Oscar LANCINI (ITA-ID)","Philippe OLIVIER (FRA-ID)",1
"Danilo Oscar LANCINI (ITA-ID)","André ROUGÉ (FRA-ID)",1
"Danilo Oscar LANCINI (ITA-ID)","Mathilde ANDROUËT (FRA-ID)",1
"Danilo Oscar LANCINI (ITA-ID)","Susanna CECCARDI (ITA-ID)",1
"Danilo Oscar LANCINI (ITA-ID)","Antonio Maria RINALDI (ITA-ID)",1
"Danilo Oscar LANCINI (ITA-ID)","Anna BONFRISCO (ITA-ID)",1
"Danilo Oscar LANCINI (ITA-ID)","Simona BALDASSARRE (ITA-ID)",1
"Danilo Oscar LANCINI (ITA-ID)","Massimo CASANOVA (ITA-ID)",1
"Danilo Oscar LANCINI (ITA-ID)","Valentino GRANT (ITA-ID)",1
"Danilo Oscar LANCINI (ITA-ID)","Annalisa TARDINO (ITA-ID)",1
"Danilo Oscar LANCINI (ITA-ID)","Matteo ADINOLFI (ITA-ID)",1
"Danilo Oscar LANCINI (ITA-ID)","Vincenzo SOFO (ITA-ECR)",1
"Danilo Oscar LANCINI (ITA-ID)","Jean-Lin LACAPELLE (FRA-ID)",1
"Christophe HANSEN (LUX-EPP)","Erik BERGKVIST (SWE-SD)",1
"Christophe HANSEN (LUX-EPP)","Bartosz ARŁUKOWICZ (POL-EPP)",1
"Christophe HANSEN (LUX-EPP)","Agnès EVREN (FRA-EPP)",1
"Christophe HANSEN (LUX-EPP)","Radosław SIKORSKI (POL-EPP)",1
"Christophe HANSEN (LUX-EPP)","Véronique TRILLET-LENOIR (FRA-RENEW)",1
"Christophe HANSEN (LUX-EPP)","Simone SCHMIEDTBAUER (AUT-EPP)",1
"Christophe HANSEN (LUX-EPP)","Adriana MALDONADO LÓPEZ (ESP-SD)",1
"Christophe HANSEN (LUX-EPP)","Álvaro AMARO (PRT-EPP)",1
"Erik BERGKVIST (SWE-SD)","Nicola BEER (DEU-RENEW)",1
"Erik BERGKVIST (SWE-SD)","Bartosz ARŁUKOWICZ (POL-EPP)",1
"Erik BERGKVIST (SWE-SD)","Agnès EVREN (FRA-EPP)",1
"Erik BERGKVIST (SWE-SD)","Véronique TRILLET-LENOIR (FRA-RENEW)",1
"Erik BERGKVIST (SWE-SD)","Simone SCHMIEDTBAUER (AUT-EPP)",1
"Erik BERGKVIST (SWE-SD)","Sira REGO (ESP-GUE_NGL)",1
"Erik BERGKVIST (SWE-SD)","Adriana MALDONADO LÓPEZ (ESP-SD)",1
"Erik BERGKVIST (SWE-SD)","Álvaro AMARO (PRT-EPP)",1
"Tomas TOBÉ (SWE-EPP)","Jessica POLFJÄRD (SWE-EPP)",1
"Tomas TOBÉ (SWE-EPP)","Jörgen WARBORN (SWE-EPP)",1
"Tomas TOBÉ (SWE-EPP)","Arba KOKALARI (SWE-EPP)",1
"Jessica POLFJÄRD (SWE-EPP)","Jörgen WARBORN (SWE-EPP)",1
"Stefan BERGER (DEU-EPP)","Alexander BERNHUBER (AUT-EPP)",1
"Stefan BERGER (DEU-EPP)","Angelika WINZIG (AUT-EPP)",1
"Stefan BERGER (DEU-EPP)","Barbara THALER (AUT-EPP)",1
"Karlo RESSLER (HRV-EPP)","Tomislav SOKOL (HRV-EPP)",1
"Karlo RESSLER (HRV-EPP)","Adam JARUBAS (POL-EPP)",1
"Loucas FOURLAS (CYP-EPP)","Álvaro AMARO (PRT-EPP)",1
"Niyazi KIZILYÜREK (CYP-GUE_NGL)","Giorgos GEORGIOU (CYP-GUE_NGL)",1
"Giorgos GEORGIOU (CYP-GUE_NGL)","Alexis GEORGOULIS (GRC-GUE_NGL)",1
"Tomislav SOKOL (HRV-EPP)","Sunčana GLAVAK (HRV-EPP)",1
"Christine SCHNEIDER (DEU-EPP)","Adam JARUBAS (POL-EPP)",1
"Christine SCHNEIDER (DEU-EPP)","Christian SAGARTZ (AUT-EPP)",1
"Sven SIMON (DEU-EPP)","Alexander ALEXANDROV YORDANOV (BGR-EPP)",1
"Marlene MORTLER (DEU-EPP)","Alexander ALEXANDROV YORDANOV (BGR-EPP)",1
"Marion WALSMANN (DEU-EPP)","Aušra SEIBUTYTĖ (LTU-EPP)",1
"Marion WALSMANN (DEU-EPP)","Liudas MAŽYLIS (LTU-EPP)",1
"Nicola BEER (DEU-RENEW)","Stéphane SÉJOURNÉ (FRA-RENEW)",1
"Nicola BEER (DEU-RENEW)","Véronique TRILLET-LENOIR (FRA-RENEW)",1
"Nicola BEER (DEU-RENEW)","Adriana MALDONADO LÓPEZ (ESP-SD)",1
"Geert BOURGEOIS (BEL-ECR)","Assita KANKO (BEL-ECR)",1
"Geert BOURGEOIS (BEL-ECR)","Alexandr VONDRA (CZE-ECR)",1
"Geert BOURGEOIS (BEL-ECR)","Veronika VRECIONOVÁ (CZE-ECR)",1
"Geert BOURGEOIS (BEL-ECR)","Bert-Jan RUISSEN (NLD-ECR)",1
"Assita KANKO (BEL-ECR)","Joanna KOPCIŃSKA (POL-ECR)",1
"Assita KANKO (BEL-ECR)","Elżbieta KRUK (POL-ECR)",1
"Assita KANKO (BEL-ECR)","François-Xavier BELLAMY (FRA-EPP)",1
"Assita KANKO (BEL-ECR)","Alexandr VONDRA (CZE-ECR)",1
"Assita KANKO (BEL-ECR)","Beata MAZUREK (POL-ECR)",1
"Assita KANKO (BEL-ECR)","Elżbieta RAFALSKA (POL-ECR)",1
"Assita KANKO (BEL-ECR)","Bogdan RZOŃCA (POL-ECR)",1
"Assita KANKO (BEL-ECR)","Veronika VRECIONOVÁ (CZE-ECR)",1
"Assita KANKO (BEL-ECR)","Beata SZYDŁO (POL-ECR)",1
"Assita KANKO (BEL-ECR)","Grzegorz TOBISZOWSKI (POL-ECR)",1
"Assita KANKO (BEL-ECR)","Witold Jan WASZCZYKOWSKI (POL-ECR)",1
"Assita KANKO (BEL-ECR)","Anna ZALEWSKA (POL-ECR)",1
"Assita KANKO (BEL-ECR)","Bert-Jan RUISSEN (NLD-ECR)",1
"Assita KANKO (BEL-ECR)","Dominik TARCZYŃSKI (POL-ECR)",1
"Filip DE MAN (BEL-ID)","Jaak MADISON (EST-ID)",1
"Filip DE MAN (BEL-ID)","Roman HAIDER (AUT-ID)",1
"Christian DOLESCHAL (DEU-EPP)","Liudas MAŽYLIS (LTU-EPP)",1
"Christine ANDERSON (DEU-ID)","Nicolaus FEST (DEU-ID)",1
"Christine ANDERSON (DEU-ID)","Maximilian KRAH (DEU-ID)",1
"Christine ANDERSON (DEU-ID)","Joachim KUHS (DEU-ID)",1
"Christine ANDERSON (DEU-ID)","Sylvia LIMMER (DEU-ID)",1
"Christine ANDERSON (DEU-ID)","Guido REIL (DEU-ID)",1
"Christine ANDERSON (DEU-ID)","Bernhard ZIMNIOK (DEU-ID)",1
"Christine ANDERSON (DEU-ID)","Hynek BLAŠKO (CZE-ID)",1
"Christine ANDERSON (DEU-ID)","Rob ROOKEN (NLD-ECR)",1
"Lars Patrick BERG (DEU-ECR)","Beata KEMPA (POL-ECR)",1
"Lars Patrick BERG (DEU-ECR)","Joanna KOPCIŃSKA (POL-ECR)",1
"Lars Patrick BERG (DEU-ECR)","Elżbieta KRUK (POL-ECR)",1
"Lars Patrick BERG (DEU-ECR)","Elżbieta RAFALSKA (POL-ECR)",1
"Lars Patrick BERG (DEU-ECR)","Witold Jan WASZCZYKOWSKI (POL-ECR)",1
"Lars Patrick BERG (DEU-ECR)","Anna ZALEWSKA (POL-ECR)",1
"Lars Patrick BERG (DEU-ECR)","Bert-Jan RUISSEN (NLD-ECR)",1
"Lars Patrick BERG (DEU-ECR)","Jorge BUXADÉ VILLALBA (ESP-ECR)",1
"Lars Patrick BERG (DEU-ECR)","Hermann TERTSCH (ESP-ECR)",1
"Lars Patrick BERG (DEU-ECR)","Mazaly AGUILAR (ESP-ECR)",1
"Lars Patrick BERG (DEU-ECR)","Vincenzo SOFO (ITA-ECR)",1
"Lars Patrick BERG (DEU-ECR)","Dominik TARCZYŃSKI (POL-ECR)",1
"Lars Patrick BERG (DEU-ECR)","Margarita DE LA PISA CARRIÓN (ESP-ECR)",1
"Lars Patrick BERG (DEU-ECR)","Michiel HOOGEVEEN (NLD-ECR)",1
"Lars Patrick BERG (DEU-ECR)","Ladislav ILČIĆ (HRV-ECR)",1
"Nicolaus FEST (DEU-ID)","Maximilian KRAH (DEU-ID)",1
"Nicolaus FEST (DEU-ID)","Joachim KUHS (DEU-ID)",1
"Nicolaus FEST (DEU-ID)","Sylvia LIMMER (DEU-ID)",1
"Nicolaus FEST (DEU-ID)","Guido REIL (DEU-ID)",1
"Nicolaus FEST (DEU-ID)","Bernhard ZIMNIOK (DEU-ID)",1
"Nicolaus FEST (DEU-ID)","Robert ROOS (NLD-ECR)",1
"Nicolaus FEST (DEU-ID)","Rob ROOKEN (NLD-ECR)",1
"Nicolaus FEST (DEU-ID)","Michiel HOOGEVEEN (NLD-ECR)",1
"Maximilian KRAH (DEU-ID)","Joachim KUHS (DEU-ID)",1
"Maximilian KRAH (DEU-ID)","Sylvia LIMMER (DEU-ID)",1
"Maximilian KRAH (DEU-ID)","Guido REIL (DEU-ID)",1
"Maximilian KRAH (DEU-ID)","Bernhard ZIMNIOK (DEU-ID)",1
"Joachim KUHS (DEU-ID)","Sylvia LIMMER (DEU-ID)",1
"Joachim KUHS (DEU-ID)","Guido REIL (DEU-ID)",1
"Joachim KUHS (DEU-ID)","Bernhard ZIMNIOK (DEU-ID)",1
"Joachim KUHS (DEU-ID)","Jaak MADISON (EST-ID)",1
"Joachim KUHS (DEU-ID)","Robert ROOS (NLD-ECR)",1
"Joachim KUHS (DEU-ID)","Rob ROOKEN (NLD-ECR)",1
"Joachim KUHS (DEU-ID)","Michiel HOOGEVEEN (NLD-ECR)",1
"Sylvia LIMMER (DEU-ID)","Guido REIL (DEU-ID)",1
"Sylvia LIMMER (DEU-ID)","Bernhard ZIMNIOK (DEU-ID)",1
"Sylvia LIMMER (DEU-ID)","Hynek BLAŠKO (CZE-ID)",1
"Sylvia LIMMER (DEU-ID)","Virginie JORON (FRA-ID)",1
"Sylvia LIMMER (DEU-ID)","Jean-Paul GARRAUD (FRA-ID)",1
"Sylvia LIMMER (DEU-ID)","Aurélia BEIGNEUX (FRA-ID)",1
"Sylvia LIMMER (DEU-ID)","Robert ROOS (NLD-ECR)",1
"Sylvia LIMMER (DEU-ID)","Rob ROOKEN (NLD-ECR)",1
"Sylvia LIMMER (DEU-ID)","Michiel HOOGEVEEN (NLD-ECR)",1
"Guido REIL (DEU-ID)","Bernhard ZIMNIOK (DEU-ID)",1
"Guido REIL (DEU-ID)","Hynek BLAŠKO (CZE-ID)",1
"Guido REIL (DEU-ID)","Jean-Paul GARRAUD (FRA-ID)",1
"Guido REIL (DEU-ID)","Aurélia BEIGNEUX (FRA-ID)",1
"Guido REIL (DEU-ID)","Robert ROOS (NLD-ECR)",1
"Guido REIL (DEU-ID)","Rob ROOKEN (NLD-ECR)",1
"Guido REIL (DEU-ID)","Michiel HOOGEVEEN (NLD-ECR)",1
"Bernhard ZIMNIOK (DEU-ID)","Hynek BLAŠKO (CZE-ID)",1
"Bernhard ZIMNIOK (DEU-ID)","Virginie JORON (FRA-ID)",1
"Bernhard ZIMNIOK (DEU-ID)","Jean-Paul GARRAUD (FRA-ID)",1
"Bernhard ZIMNIOK (DEU-ID)","Aurélia BEIGNEUX (FRA-ID)",1
"Bernhard ZIMNIOK (DEU-ID)","Robert ROOS (NLD-ECR)",1
"Bernhard ZIMNIOK (DEU-ID)","Rob ROOKEN (NLD-ECR)",1
"Bernhard ZIMNIOK (DEU-ID)","Michiel HOOGEVEEN (NLD-ECR)",1
"Bartosz ARŁUKOWICZ (POL-EPP)","Agnès EVREN (FRA-EPP)",1
"Bartosz ARŁUKOWICZ (POL-EPP)","Simone SCHMIEDTBAUER (AUT-EPP)",1
"Bartosz ARŁUKOWICZ (POL-EPP)","Adriana MALDONADO LÓPEZ (ESP-SD)",1
"Bartosz ARŁUKOWICZ (POL-EPP)","Álvaro AMARO (PRT-EPP)",1
"Jaak MADISON (EST-ID)","Joanna KOPCIŃSKA (POL-ECR)",1
"Jaak MADISON (EST-ID)","Ivan DAVID (CZE-ID)",1
"Jaak MADISON (EST-ID)","Teuvo HAKKARAINEN (FIN-ID)",1
"Jaak MADISON (EST-ID)","Gianantonio DA RE (ITA-ID)",1
"Jaak MADISON (EST-ID)","Alessandra BASSO (ITA-ID)",1
"Jaak MADISON (EST-ID)","Elena LIZZI (ITA-ID)",1
"Jaak MADISON (EST-ID)","Rosanna CONTE (ITA-ID)",1
"Jaak MADISON (EST-ID)","Thierry MARIANI (FRA-ID)",1
"Jaak MADISON (EST-ID)","Hervé JUVIN (FRA-ID)",1
"Jaak MADISON (EST-ID)","Virginie JORON (FRA-ID)",1
"Jaak MADISON (EST-ID)","Jean-Paul GARRAUD (FRA-ID)",1
"Jaak MADISON (EST-ID)","Aurélia BEIGNEUX (FRA-ID)",1
"Jaak MADISON (EST-ID)","André ROUGÉ (FRA-ID)",1
"Jaak MADISON (EST-ID)","Mathilde ANDROUËT (FRA-ID)",1
"Jaak MADISON (EST-ID)","Robert ROOS (NLD-ECR)",1
"Jaak MADISON (EST-ID)","Bert-Jan RUISSEN (NLD-ECR)",1
"Jaak MADISON (EST-ID)","Susanna CECCARDI (ITA-ID)",1
"Jaak MADISON (EST-ID)","Antonio Maria RINALDI (ITA-ID)",1
"Jaak MADISON (EST-ID)","Anna BONFRISCO (ITA-ID)",1
"Jaak MADISON (EST-ID)","Roman HAIDER (AUT-ID)",1
"Jaak MADISON (EST-ID)","Margarita DE LA PISA CARRIÓN (ESP-ECR)",1
"Jaak MADISON (EST-ID)","Jean-Lin LACAPELLE (FRA-ID)",1
"Joachim Stanisław BRUDZIŃSKI (POL-ECR)","Patryk JAKI (POL-ECR)",1
"Joachim Stanisław BRUDZIŃSKI (POL-ECR)","Krzysztof JURGIEL (POL-ECR)",1
"Joachim Stanisław BRUDZIŃSKI (POL-ECR)","Beata KEMPA (POL-ECR)",1
"Joachim Stanisław BRUDZIŃSKI (POL-ECR)","Izabela-Helena KLOC (POL-ECR)",1
"Joachim Stanisław BRUDZIŃSKI (POL-ECR)","Joanna KOPCIŃSKA (POL-ECR)",1
"Joachim Stanisław BRUDZIŃSKI (POL-ECR)","Elżbieta KRUK (POL-ECR)",1
"Joachim Stanisław BRUDZIŃSKI (POL-ECR)","Beata MAZUREK (POL-ECR)",1
"Joachim Stanisław BRUDZIŃSKI (POL-ECR)","Andżelika Anna MOŻDŻANOWSKA (POL-ECR)",1
"Joachim Stanisław BRUDZIŃSKI (POL-ECR)","Elżbieta RAFALSKA (POL-ECR)",1
"Joachim Stanisław BRUDZIŃSKI (POL-ECR)","Bogdan RZOŃCA (POL-ECR)",1
"Joachim Stanisław BRUDZIŃSKI (POL-ECR)","Beata SZYDŁO (POL-ECR)",1
"Joachim Stanisław BRUDZIŃSKI (POL-ECR)","Grzegorz TOBISZOWSKI (POL-ECR)",1
"Joachim Stanisław BRUDZIŃSKI (POL-ECR)","Witold Jan WASZCZYKOWSKI (POL-ECR)",1
"Joachim Stanisław BRUDZIŃSKI (POL-ECR)","Anna ZALEWSKA (POL-ECR)",1
"Joachim Stanisław BRUDZIŃSKI (POL-ECR)","Pietro FIOCCHI (ITA-ECR)",1
"Joachim Stanisław BRUDZIŃSKI (POL-ECR)","Bert-Jan RUISSEN (NLD-ECR)",1
"Joachim Stanisław BRUDZIŃSKI (POL-ECR)","Raffaele STANCANELLI (ITA-ECR)",1
"Joachim Stanisław BRUDZIŃSKI (POL-ECR)","Andrey SLABAKOV (BGR-ECR)",1
"Joachim Stanisław BRUDZIŃSKI (POL-ECR)","Vincenzo SOFO (ITA-ECR)",1
"Joachim Stanisław BRUDZIŃSKI (POL-ECR)","Dominik TARCZYŃSKI (POL-ECR)",1
"Jarosław DUDA (POL-EPP)","Tomasz FRANKOWSKI (POL-EPP)",1
"Jarosław DUDA (POL-EPP)","Aušra SEIBUTYTĖ (LTU-EPP)",1
"Jarosław DUDA (POL-EPP)","Liudas MAŽYLIS (LTU-EPP)",1
"Patryk JAKI (POL-ECR)","Krzysztof JURGIEL (POL-ECR)",1
"Patryk JAKI (POL-ECR)","Beata KEMPA (POL-ECR)",1
"Patryk JAKI (POL-ECR)","Izabela-Helena KLOC (POL-ECR)",1
"Patryk JAKI (POL-ECR)","Joanna KOPCIŃSKA (POL-ECR)",1
"Patryk JAKI (POL-ECR)","Elżbieta KRUK (POL-ECR)",1
"Patryk JAKI (POL-ECR)","Alexandr VONDRA (CZE-ECR)",1
"Patryk JAKI (POL-ECR)","Beata MAZUREK (POL-ECR)",1
"Patryk JAKI (POL-ECR)","Andżelika Anna MOŻDŻANOWSKA (POL-ECR)",1
"Patryk JAKI (POL-ECR)","Elżbieta RAFALSKA (POL-ECR)",1
"Patryk JAKI (POL-ECR)","Bogdan RZOŃCA (POL-ECR)",1
"Patryk JAKI (POL-ECR)","Beata SZYDŁO (POL-ECR)",1
"Patryk JAKI (POL-ECR)","Grzegorz TOBISZOWSKI (POL-ECR)",1
"Patryk JAKI (POL-ECR)","Witold Jan WASZCZYKOWSKI (POL-ECR)",1
"Patryk JAKI (POL-ECR)","Anna ZALEWSKA (POL-ECR)",1
"Patryk JAKI (POL-ECR)","Pietro FIOCCHI (ITA-ECR)",1
"Patryk JAKI (POL-ECR)","Cristian TERHEŞ (ROU-ECR)",1
"Patryk JAKI (POL-ECR)","Mathilde ANDROUËT (FRA-ID)",1
"Patryk JAKI (POL-ECR)","Bert-Jan RUISSEN (NLD-ECR)",1
"Patryk JAKI (POL-ECR)","Nicola PROCACCINI (ITA-ECR)",1
"Patryk JAKI (POL-ECR)","Jorge BUXADÉ VILLALBA (ESP-ECR)",1
"Patryk JAKI (POL-ECR)","Hermann TERTSCH (ESP-ECR)",1
"Patryk JAKI (POL-ECR)","Andrey SLABAKOV (BGR-ECR)",1
"Patryk JAKI (POL-ECR)","Mazaly AGUILAR (ESP-ECR)",1
"Patryk JAKI (POL-ECR)","Emmanouil FRAGKOS (GRC-ECR)",1
"Patryk JAKI (POL-ECR)","Vincenzo SOFO (ITA-ECR)",1
"Patryk JAKI (POL-ECR)","Dominik TARCZYŃSKI (POL-ECR)",1
"Patryk JAKI (POL-ECR)","Margarita DE LA PISA CARRIÓN (ESP-ECR)",1
"Patryk JAKI (POL-ECR)","Ladislav ILČIĆ (HRV-ECR)",1
"Adam JARUBAS (POL-EPP)","Angelika WINZIG (AUT-EPP)",1
"Adam JARUBAS (POL-EPP)","Barbara THALER (AUT-EPP)",1
"Krzysztof JURGIEL (POL-ECR)","Beata KEMPA (POL-ECR)",1
"Krzysztof JURGIEL (POL-ECR)","Izabela-Helena KLOC (POL-ECR)",1
"Krzysztof JURGIEL (POL-ECR)","Joanna KOPCIŃSKA (POL-ECR)",1
"Krzysztof JURGIEL (POL-ECR)","Elżbieta KRUK (POL-ECR)",1
"Krzysztof JURGIEL (POL-ECR)","Beata MAZUREK (POL-ECR)",1
"Krzysztof JURGIEL (POL-ECR)","Andżelika Anna MOŻDŻANOWSKA (POL-ECR)",1
"Krzysztof JURGIEL (POL-ECR)","Elżbieta RAFALSKA (POL-ECR)",1
"Krzysztof JURGIEL (POL-ECR)","Bogdan RZOŃCA (POL-ECR)",1
"Krzysztof JURGIEL (POL-ECR)","Beata SZYDŁO (POL-ECR)",1
"Krzysztof JURGIEL (POL-ECR)","Grzegorz TOBISZOWSKI (POL-ECR)",1
"Krzysztof JURGIEL (POL-ECR)","Witold Jan WASZCZYKOWSKI (POL-ECR)",1
"Krzysztof JURGIEL (POL-ECR)","Anna ZALEWSKA (POL-ECR)",1
"Krzysztof JURGIEL (POL-ECR)","Pietro FIOCCHI (ITA-ECR)",1
"Krzysztof JURGIEL (POL-ECR)","Bert-Jan RUISSEN (NLD-ECR)",1
"Krzysztof JURGIEL (POL-ECR)","Andrey SLABAKOV (BGR-ECR)",1
"Krzysztof JURGIEL (POL-ECR)","Dominik TARCZYŃSKI (POL-ECR)",1
"Beata KEMPA (POL-ECR)","Izabela-Helena KLOC (POL-ECR)",1
"Beata KEMPA (POL-ECR)","Joanna KOPCIŃSKA (POL-ECR)",1
"Beata KEMPA (POL-ECR)","Elżbieta KRUK (POL-ECR)",1
"Beata KEMPA (POL-ECR)","Alexandr VONDRA (CZE-ECR)",1
"Beata KEMPA (POL-ECR)","Beata MAZUREK (POL-ECR)",1
"Beata KEMPA (POL-ECR)","Andżelika Anna MOŻDŻANOWSKA (POL-ECR)",1
"Beata KEMPA (POL-ECR)","Elżbieta RAFALSKA (POL-ECR)",1
"Beata KEMPA (POL-ECR)","Bogdan RZOŃCA (POL-ECR)",1
"Beata KEMPA (POL-ECR)","Beata SZYDŁO (POL-ECR)",1
"Beata KEMPA (POL-ECR)","Grzegorz TOBISZOWSKI (POL-ECR)",1
"Beata KEMPA (POL-ECR)","Witold Jan WASZCZYKOWSKI (POL-ECR)",1
"Beata KEMPA (POL-ECR)","Anna ZALEWSKA (POL-ECR)",1
"Beata KEMPA (POL-ECR)","Pietro FIOCCHI (ITA-ECR)",1
"Beata KEMPA (POL-ECR)","Bert-Jan RUISSEN (NLD-ECR)",1
"Beata KEMPA (POL-ECR)","Nicola PROCACCINI (ITA-ECR)",1
"Beata KEMPA (POL-ECR)","Raffaele STANCANELLI (ITA-ECR)",1
"Beata KEMPA (POL-ECR)","Jorge BUXADÉ VILLALBA (ESP-ECR)",1
"Beata KEMPA (POL-ECR)","Hermann TERTSCH (ESP-ECR)",1
"Beata KEMPA (POL-ECR)","Andrey SLABAKOV (BGR-ECR)",1
"Beata KEMPA (POL-ECR)","Mazaly AGUILAR (ESP-ECR)",1
"Beata KEMPA (POL-ECR)","Vincenzo SOFO (ITA-ECR)",1
"Beata KEMPA (POL-ECR)","Dominik TARCZYŃSKI (POL-ECR)",1
"Beata KEMPA (POL-ECR)","Margarita DE LA PISA CARRIÓN (ESP-ECR)",1
"Beata KEMPA (POL-ECR)","Ladislav ILČIĆ (HRV-ECR)",1
"Izabela-Helena KLOC (POL-ECR)","Joanna KOPCIŃSKA (POL-ECR)",1
"Izabela-Helena KLOC (POL-ECR)","Elżbieta KRUK (POL-ECR)",1
"Izabela-Helena KLOC (POL-ECR)","Beata MAZUREK (POL-ECR)",1
"Izabela-Helena KLOC (POL-ECR)","Andżelika Anna MOŻDŻANOWSKA (POL-ECR)",1
"Izabela-Helena KLOC (POL-ECR)","Elżbieta RAFALSKA (POL-ECR)",1
"Izabela-Helena KLOC (POL-ECR)","Bogdan RZOŃCA (POL-ECR)",1
"Izabela-Helena KLOC (POL-ECR)","Beata SZYDŁO (POL-ECR)",1
"Izabela-Helena KLOC (POL-ECR)","Grzegorz TOBISZOWSKI (POL-ECR)",1
"Izabela-Helena KLOC (POL-ECR)","Witold Jan WASZCZYKOWSKI (POL-ECR)",1
"Izabela-Helena KLOC (POL-ECR)","Anna ZALEWSKA (POL-ECR)",1
"Izabela-Helena KLOC (POL-ECR)","Pietro FIOCCHI (ITA-ECR)",1
"Izabela-Helena KLOC (POL-ECR)","Bert-Jan RUISSEN (NLD-ECR)",1
"Izabela-Helena KLOC (POL-ECR)","Raffaele STANCANELLI (ITA-ECR)",1
"Izabela-Helena KLOC (POL-ECR)","Jorge BUXADÉ VILLALBA (ESP-ECR)",1
"Izabela-Helena KLOC (POL-ECR)","Vincenzo SOFO (ITA-ECR)",1
"Izabela-Helena KLOC (POL-ECR)","Dominik TARCZYŃSKI (POL-ECR)",1
"Martin HLAVÁČEK (CZE-RENEW)","Ondřej KNOTEK (CZE-RENEW)",1
"Joanna KOPCIŃSKA (POL-ECR)","Elżbieta KRUK (POL-ECR)",1
"Joanna KOPCIŃSKA (POL-ECR)","Alexandr VONDRA (CZE-ECR)",1
"Joanna KOPCIŃSKA (POL-ECR)","Beata MAZUREK (POL-ECR)",1
"Joanna KOPCIŃSKA (POL-ECR)","Andżelika Anna MOŻDŻANOWSKA (POL-ECR)",1
"Joanna KOPCIŃSKA (POL-ECR)","Elżbieta RAFALSKA (POL-ECR)",1
"Joanna KOPCIŃSKA (POL-ECR)","Bogdan RZOŃCA (POL-ECR)",1
"Joanna KOPCIŃSKA (POL-ECR)","Veronika VRECIONOVÁ (CZE-ECR)",1
"Joanna KOPCIŃSKA (POL-ECR)","Beata SZYDŁO (POL-ECR)",1
"Joanna KOPCIŃSKA (POL-ECR)","Grzegorz TOBISZOWSKI (POL-ECR)",1
"Joanna KOPCIŃSKA (POL-ECR)","Witold Jan WASZCZYKOWSKI (POL-ECR)",1
"Joanna KOPCIŃSKA (POL-ECR)","Anna ZALEWSKA (POL-ECR)",1
"Joanna KOPCIŃSKA (POL-ECR)","Pietro FIOCCHI (ITA-ECR)",1
"Joanna KOPCIŃSKA (POL-ECR)","Bert-Jan RUISSEN (NLD-ECR)",1
"Joanna KOPCIŃSKA (POL-ECR)","Nicola PROCACCINI (ITA-ECR)",1
"Joanna KOPCIŃSKA (POL-ECR)","Raffaele STANCANELLI (ITA-ECR)",1
"Joanna KOPCIŃSKA (POL-ECR)","Jorge BUXADÉ VILLALBA (ESP-ECR)",1
"Joanna KOPCIŃSKA (POL-ECR)","Hermann TERTSCH (ESP-ECR)",1
"Joanna KOPCIŃSKA (POL-ECR)","Andrey SLABAKOV (BGR-ECR)",1
"Joanna KOPCIŃSKA (POL-ECR)","Mazaly AGUILAR (ESP-ECR)",1
"Joanna KOPCIŃSKA (POL-ECR)","Vincenzo SOFO (ITA-ECR)",1
"Joanna KOPCIŃSKA (POL-ECR)","Dominik TARCZYŃSKI (POL-ECR)",1
"Joanna KOPCIŃSKA (POL-ECR)","Margarita DE LA PISA CARRIÓN (ESP-ECR)",1
"Joanna KOPCIŃSKA (POL-ECR)","Ladislav ILČIĆ (HRV-ECR)",1
"Elżbieta KRUK (POL-ECR)","Alexandr VONDRA (CZE-ECR)",1
"Elżbieta KRUK (POL-ECR)","Beata MAZUREK (POL-ECR)",1
"Elżbieta KRUK (POL-ECR)","Andżelika Anna MOŻDŻANOWSKA (POL-ECR)",1
"Elżbieta KRUK (POL-ECR)","Elżbieta RAFALSKA (POL-ECR)",1
"Elżbieta KRUK (POL-ECR)","Bogdan RZOŃCA (POL-ECR)",1
"Elżbieta KRUK (POL-ECR)","Veronika VRECIONOVÁ (CZE-ECR)",1
"Elżbieta KRUK (POL-ECR)","Beata SZYDŁO (POL-ECR)",1
"Elżbieta KRUK (POL-ECR)","Grzegorz TOBISZOWSKI (POL-ECR)",1
"Elżbieta KRUK (POL-ECR)","Witold Jan WASZCZYKOWSKI (POL-ECR)",1
"Elżbieta KRUK (POL-ECR)","Anna ZALEWSKA (POL-ECR)",1
"Elżbieta KRUK (POL-ECR)","Pietro FIOCCHI (ITA-ECR)",1
"Elżbieta KRUK (POL-ECR)","Bert-Jan RUISSEN (NLD-ECR)",1
"Elżbieta KRUK (POL-ECR)","Nicola PROCACCINI (ITA-ECR)",1
"Elżbieta KRUK (POL-ECR)","Raffaele STANCANELLI (ITA-ECR)",1
"Elżbieta KRUK (POL-ECR)","Jorge BUXADÉ VILLALBA (ESP-ECR)",1
"Elżbieta KRUK (POL-ECR)","Hermann TERTSCH (ESP-ECR)",1
"Elżbieta KRUK (POL-ECR)","Andrey SLABAKOV (BGR-ECR)",1
"Elżbieta KRUK (POL-ECR)","Mazaly AGUILAR (ESP-ECR)",1
"Elżbieta KRUK (POL-ECR)","Vincenzo SOFO (ITA-ECR)",1
"Elżbieta KRUK (POL-ECR)","Dominik TARCZYŃSKI (POL-ECR)",1
"Elżbieta KRUK (POL-ECR)","Margarita DE LA PISA CARRIÓN (ESP-ECR)",1
"Elżbieta KRUK (POL-ECR)","Ladislav ILČIĆ (HRV-ECR)",1
"François-Xavier BELLAMY (FRA-EPP)","Alexandr VONDRA (CZE-ECR)",1
"François-Xavier BELLAMY (FRA-EPP)","Veronika VRECIONOVÁ (CZE-ECR)",1
"Agnès EVREN (FRA-EPP)","Simone SCHMIEDTBAUER (AUT-EPP)",1
"Agnès EVREN (FRA-EPP)","Álvaro AMARO (PRT-EPP)",1
"Agnès EVREN (FRA-EPP)","Luisa REGIMENTI (ITA-ID)",1
"Alexandr VONDRA (CZE-ECR)","Beata MAZUREK (POL-ECR)",1
"Alexandr VONDRA (CZE-ECR)","Andżelika Anna MOŻDŻANOWSKA (POL-ECR)",1
"Alexandr VONDRA (CZE-ECR)","Elżbieta RAFALSKA (POL-ECR)",1
"Alexandr VONDRA (CZE-ECR)","Bogdan RZOŃCA (POL-ECR)",1
"Alexandr VONDRA (CZE-ECR)","Veronika VRECIONOVÁ (CZE-ECR)",1
"Alexandr VONDRA (CZE-ECR)","Grzegorz TOBISZOWSKI (POL-ECR)",1
"Alexandr VONDRA (CZE-ECR)","Witold Jan WASZCZYKOWSKI (POL-ECR)",1
"Alexandr VONDRA (CZE-ECR)","Anna ZALEWSKA (POL-ECR)",1
"Alexandr VONDRA (CZE-ECR)","Silvia SARDONE (ITA-ID)",1
"Alexandr VONDRA (CZE-ECR)","Gianantonio DA RE (ITA-ID)",1
"Alexandr VONDRA (CZE-ECR)","Rosanna CONTE (ITA-ID)",1
"Alexandr VONDRA (CZE-ECR)","Bert-Jan RUISSEN (NLD-ECR)",1
"Alexandr VONDRA (CZE-ECR)","Nicola PROCACCINI (ITA-ECR)",1
"Alexandr VONDRA (CZE-ECR)","Dominik TARCZYŃSKI (POL-ECR)",1
"Beata MAZUREK (POL-ECR)","Andżelika Anna MOŻDŻANOWSKA (POL-ECR)",1
"Beata MAZUREK (POL-ECR)","Elżbieta RAFALSKA (POL-ECR)",1
"Beata MAZUREK (POL-ECR)","Bogdan RZOŃCA (POL-ECR)",1
"Beata MAZUREK (POL-ECR)","Beata SZYDŁO (POL-ECR)",1
"Beata MAZUREK (POL-ECR)","Grzegorz TOBISZOWSKI (POL-ECR)",1
"Beata MAZUREK (POL-ECR)","Witold Jan WASZCZYKOWSKI (POL-ECR)",1
"Beata MAZUREK (POL-ECR)","Anna ZALEWSKA (POL-ECR)",1
"Beata MAZUREK (POL-ECR)","Pietro FIOCCHI (ITA-ECR)",1
"Beata MAZUREK (POL-ECR)","Bert-Jan RUISSEN (NLD-ECR)",1
"Beata MAZUREK (POL-ECR)","Nicola PROCACCINI (ITA-ECR)",1
"Beata MAZUREK (POL-ECR)","Raffaele STANCANELLI (ITA-ECR)",1
"Beata MAZUREK (POL-ECR)","Jorge BUXADÉ VILLALBA (ESP-ECR)",1
"Beata MAZUREK (POL-ECR)","Hermann TERTSCH (ESP-ECR)",1
"Beata MAZUREK (POL-ECR)","Andrey SLABAKOV (BGR-ECR)",1
"Beata MAZUREK (POL-ECR)","Mazaly AGUILAR (ESP-ECR)",1
"Beata MAZUREK (POL-ECR)","Vincenzo SOFO (ITA-ECR)",1
"Beata MAZUREK (POL-ECR)","Dominik TARCZYŃSKI (POL-ECR)",1
"Beata MAZUREK (POL-ECR)","Ladislav ILČIĆ (HRV-ECR)",1
"Andżelika Anna MOŻDŻANOWSKA (POL-ECR)","Elżbieta RAFALSKA (POL-ECR)",1
"Andżelika Anna MOŻDŻANOWSKA (POL-ECR)","Bogdan RZOŃCA (POL-ECR)",1
"Andżelika Anna MOŻDŻANOWSKA (POL-ECR)","Beata SZYDŁO (POL-ECR)",1
"Andżelika Anna MOŻDŻANOWSKA (POL-ECR)","Grzegorz TOBISZOWSKI (POL-ECR)",1
"Andżelika Anna MOŻDŻANOWSKA (POL-ECR)","Witold Jan WASZCZYKOWSKI (POL-ECR)",1
"Andżelika Anna MOŻDŻANOWSKA (POL-ECR)","Anna ZALEWSKA (POL-ECR)",1
"Andżelika Anna MOŻDŻANOWSKA (POL-ECR)","Pietro FIOCCHI (ITA-ECR)",1
"Andżelika Anna MOŻDŻANOWSKA (POL-ECR)","Bert-Jan RUISSEN (NLD-ECR)",1
"Andżelika Anna MOŻDŻANOWSKA (POL-ECR)","Nicola PROCACCINI (ITA-ECR)",1
"Andżelika Anna MOŻDŻANOWSKA (POL-ECR)","Andrey SLABAKOV (BGR-ECR)",1
"Andżelika Anna MOŻDŻANOWSKA (POL-ECR)","Dominik TARCZYŃSKI (POL-ECR)",1
"Elżbieta RAFALSKA (POL-ECR)","Bogdan RZOŃCA (POL-ECR)",1
"Elżbieta RAFALSKA (POL-ECR)","Veronika VRECIONOVÁ (CZE-ECR)",1
"Elżbieta RAFALSKA (POL-ECR)","Beata SZYDŁO (POL-ECR)",1
"Elżbieta RAFALSKA (POL-ECR)","Grzegorz TOBISZOWSKI (POL-ECR)",1
"Elżbieta RAFALSKA (POL-ECR)","Witold Jan WASZCZYKOWSKI (POL-ECR)",1
"Elżbieta RAFALSKA (POL-ECR)","Anna ZALEWSKA (POL-ECR)",1
"Elżbieta RAFALSKA (POL-ECR)","Pietro FIOCCHI (ITA-ECR)",1
"Elżbieta RAFALSKA (POL-ECR)","Bert-Jan RUISSEN (NLD-ECR)",1
"Elżbieta RAFALSKA (POL-ECR)","Nicola PROCACCINI (ITA-ECR)",1
"Elżbieta RAFALSKA (POL-ECR)","Raffaele STANCANELLI (ITA-ECR)",1
"Elżbieta RAFALSKA (POL-ECR)","Jorge BUXADÉ VILLALBA (ESP-ECR)",1
"Elżbieta RAFALSKA (POL-ECR)","Hermann TERTSCH (ESP-ECR)",1
"Elżbieta RAFALSKA (POL-ECR)","Andrey SLABAKOV (BGR-ECR)",1
"Elżbieta RAFALSKA (POL-ECR)","Mazaly AGUILAR (ESP-ECR)",1
"Elżbieta RAFALSKA (POL-ECR)","Vincenzo SOFO (ITA-ECR)",1
"Elżbieta RAFALSKA (POL-ECR)","Dominik TARCZYŃSKI (POL-ECR)",1
"Elżbieta RAFALSKA (POL-ECR)","Margarita DE LA PISA CARRIÓN (ESP-ECR)",1
"Elżbieta RAFALSKA (POL-ECR)","Ladislav ILČIĆ (HRV-ECR)",1
"Bogdan RZOŃCA (POL-ECR)","Veronika VRECIONOVÁ (CZE-ECR)",1
"Bogdan RZOŃCA (POL-ECR)","Beata SZYDŁO (POL-ECR)",1
"Bogdan RZOŃCA (POL-ECR)","Grzegorz TOBISZOWSKI (POL-ECR)",1
"Bogdan RZOŃCA (POL-ECR)","Witold Jan WASZCZYKOWSKI (POL-ECR)",1
"Bogdan RZOŃCA (POL-ECR)","Anna ZALEWSKA (POL-ECR)",1
"Bogdan RZOŃCA (POL-ECR)","Pietro FIOCCHI (ITA-ECR)",1
"Bogdan RZOŃCA (POL-ECR)","Bert-Jan RUISSEN (NLD-ECR)",1
"Bogdan RZOŃCA (POL-ECR)","Nicola PROCACCINI (ITA-ECR)",1
"Bogdan RZOŃCA (POL-ECR)","Raffaele STANCANELLI (ITA-ECR)",1
"Bogdan RZOŃCA (POL-ECR)","Hermann TERTSCH (ESP-ECR)",1
"Bogdan RZOŃCA (POL-ECR)","Andrey SLABAKOV (BGR-ECR)",1
"Bogdan RZOŃCA (POL-ECR)","Vincenzo SOFO (ITA-ECR)",1
"Bogdan RZOŃCA (POL-ECR)","Dominik TARCZYŃSKI (POL-ECR)",1
"Bogdan RZOŃCA (POL-ECR)","Ladislav ILČIĆ (HRV-ECR)",1
"Radosław SIKORSKI (POL-EPP)","Alexander BERNHUBER (AUT-EPP)",1
"Radosław SIKORSKI (POL-EPP)","Simone SCHMIEDTBAUER (AUT-EPP)",1
"Veronika VRECIONOVÁ (CZE-ECR)","Grzegorz TOBISZOWSKI (POL-ECR)",1
"Veronika VRECIONOVÁ (CZE-ECR)","Witold Jan WASZCZYKOWSKI (POL-ECR)",1
"Veronika VRECIONOVÁ (CZE-ECR)","Anna ZALEWSKA (POL-ECR)",1
"Veronika VRECIONOVÁ (CZE-ECR)","Bert-Jan RUISSEN (NLD-ECR)",1
"Beata SZYDŁO (POL-ECR)","Grzegorz TOBISZOWSKI (POL-ECR)",1
"Beata SZYDŁO (POL-ECR)","Witold Jan WASZCZYKOWSKI (POL-ECR)",1
"Beata SZYDŁO (POL-ECR)","Anna ZALEWSKA (POL-ECR)",1
"Beata SZYDŁO (POL-ECR)","Pietro FIOCCHI (ITA-ECR)",1
"Beata SZYDŁO (POL-ECR)","Virginie JORON (FRA-ID)",1
"Beata SZYDŁO (POL-ECR)","André ROUGÉ (FRA-ID)",1
"Beata SZYDŁO (POL-ECR)","Bert-Jan RUISSEN (NLD-ECR)",1
"Beata SZYDŁO (POL-ECR)","Nicola PROCACCINI (ITA-ECR)",1
"Beata SZYDŁO (POL-ECR)","Raffaele STANCANELLI (ITA-ECR)",1
"Beata SZYDŁO (POL-ECR)","Jorge BUXADÉ VILLALBA (ESP-ECR)",1
"Beata SZYDŁO (POL-ECR)","Hermann TERTSCH (ESP-ECR)",1
"Beata SZYDŁO (POL-ECR)","Andrey SLABAKOV (BGR-ECR)",1
"Beata SZYDŁO (POL-ECR)","Vincenzo SOFO (ITA-ECR)",1
"Beata SZYDŁO (POL-ECR)","Dominik TARCZYŃSKI (POL-ECR)",1
"Beata SZYDŁO (POL-ECR)","Margarita DE LA PISA CARRIÓN (ESP-ECR)",1
"Beata SZYDŁO (POL-ECR)","Ladislav ILČIĆ (HRV-ECR)",1
"Søren GADE (DNK-RENEW)","Pierfrancesco MAJORINO (ITA-SD)",1
"Søren GADE (DNK-RENEW)","Adriana MALDONADO LÓPEZ (ESP-SD)",1
"Søren GADE (DNK-RENEW)","Álvaro AMARO (PRT-EPP)",1
"Søren GADE (DNK-RENEW)","Andrea CAROPPO (ITA-EPP)",1
"Ivan DAVID (CZE-ID)","Silvia SARDONE (ITA-ID)",1
"Ivan DAVID (CZE-ID)","Gianantonio DA RE (ITA-ID)",1
"Ivan DAVID (CZE-ID)","Alessandra BASSO (ITA-ID)",1
"Ivan DAVID (CZE-ID)","Elena LIZZI (ITA-ID)",1
"Ivan DAVID (CZE-ID)","Rosanna CONTE (ITA-ID)",1
"Ivan DAVID (CZE-ID)","Roman HAIDER (AUT-ID)",1
"Grzegorz TOBISZOWSKI (POL-ECR)","Witold Jan WASZCZYKOWSKI (POL-ECR)",1
"Grzegorz TOBISZOWSKI (POL-ECR)","Anna ZALEWSKA (POL-ECR)",1
"Grzegorz TOBISZOWSKI (POL-ECR)","Pietro FIOCCHI (ITA-ECR)",1
"Grzegorz TOBISZOWSKI (POL-ECR)","Bert-Jan RUISSEN (NLD-ECR)",1
"Grzegorz TOBISZOWSKI (POL-ECR)","Nicola PROCACCINI (ITA-ECR)",1
"Grzegorz TOBISZOWSKI (POL-ECR)","Raffaele STANCANELLI (ITA-ECR)",1
"Grzegorz TOBISZOWSKI (POL-ECR)","Jorge BUXADÉ VILLALBA (ESP-ECR)",1
"Grzegorz TOBISZOWSKI (POL-ECR)","Hermann TERTSCH (ESP-ECR)",1
"Grzegorz TOBISZOWSKI (POL-ECR)","Andrey SLABAKOV (BGR-ECR)",1
"Grzegorz TOBISZOWSKI (POL-ECR)","Mazaly AGUILAR (ESP-ECR)",1
"Grzegorz TOBISZOWSKI (POL-ECR)","Vincenzo SOFO (ITA-ECR)",1
"Grzegorz TOBISZOWSKI (POL-ECR)","Dominik TARCZYŃSKI (POL-ECR)",1
"Grzegorz TOBISZOWSKI (POL-ECR)","Margarita DE LA PISA CARRIÓN (ESP-ECR)",1
"Grzegorz TOBISZOWSKI (POL-ECR)","Ladislav ILČIĆ (HRV-ECR)",1
"Witold Jan WASZCZYKOWSKI (POL-ECR)","Anna ZALEWSKA (POL-ECR)",1
"Witold Jan WASZCZYKOWSKI (POL-ECR)","Pietro FIOCCHI (ITA-ECR)",1
"Witold Jan WASZCZYKOWSKI (POL-ECR)","Bert-Jan RUISSEN (NLD-ECR)",1
"Witold Jan WASZCZYKOWSKI (POL-ECR)","Nicola PROCACCINI (ITA-ECR)",1
"Witold Jan WASZCZYKOWSKI (POL-ECR)","Raffaele STANCANELLI (ITA-ECR)",1
"Witold Jan WASZCZYKOWSKI (POL-ECR)","Jorge BUXADÉ VILLALBA (ESP-ECR)",1
"Witold Jan WASZCZYKOWSKI (POL-ECR)","Hermann TERTSCH (ESP-ECR)",1
"Witold Jan WASZCZYKOWSKI (POL-ECR)","Andrey SLABAKOV (BGR-ECR)",1
"Witold Jan WASZCZYKOWSKI (POL-ECR)","Mazaly AGUILAR (ESP-ECR)",1
"Witold Jan WASZCZYKOWSKI (POL-ECR)","Vincenzo SOFO (ITA-ECR)",1
"Witold Jan WASZCZYKOWSKI (POL-ECR)","Dominik TARCZYŃSKI (POL-ECR)",1
"Witold Jan WASZCZYKOWSKI (POL-ECR)","Margarita DE LA PISA CARRIÓN (ESP-ECR)",1
"Witold Jan WASZCZYKOWSKI (POL-ECR)","Ladislav ILČIĆ (HRV-ECR)",1
"Peter KOFOD (DNK-ID)","Laura HUHTASAARI (FIN-ID)",1
"Peter KOFOD (DNK-ID)","Andrea CAROPPO (ITA-EPP)",1
"Anna ZALEWSKA (POL-ECR)","Pietro FIOCCHI (ITA-ECR)",1
"Anna ZALEWSKA (POL-ECR)","Bert-Jan RUISSEN (NLD-ECR)",1
"Anna ZALEWSKA (POL-ECR)","Nicola PROCACCINI (ITA-ECR)",1
"Anna ZALEWSKA (POL-ECR)","Raffaele STANCANELLI (ITA-ECR)",1
"Anna ZALEWSKA (POL-ECR)","Jorge BUXADÉ VILLALBA (ESP-ECR)",1
"Anna ZALEWSKA (POL-ECR)","Hermann TERTSCH (ESP-ECR)",1
"Anna ZALEWSKA (POL-ECR)","Andrey SLABAKOV (BGR-ECR)",1
"Anna ZALEWSKA (POL-ECR)","Mazaly AGUILAR (ESP-ECR)",1
"Anna ZALEWSKA (POL-ECR)","Vincenzo SOFO (ITA-ECR)",1
"Anna ZALEWSKA (POL-ECR)","Dominik TARCZYŃSKI (POL-ECR)",1
"Anna ZALEWSKA (POL-ECR)","Margarita DE LA PISA CARRIÓN (ESP-ECR)",1
"Anna ZALEWSKA (POL-ECR)","Ladislav ILČIĆ (HRV-ECR)",1
"Silvia SARDONE (ITA-ID)","Isabella TOVAGLIERI (ITA-ID)",1
"Silvia SARDONE (ITA-ID)","Gianna GANCIA (ITA-ID)",1
"Silvia SARDONE (ITA-ID)","Stefania ZAMBELLI (ITA-ID)",1
"Silvia SARDONE (ITA-ID)","Gianantonio DA RE (ITA-ID)",1
"Silvia SARDONE (ITA-ID)","Alessandra BASSO (ITA-ID)",1
"Silvia SARDONE (ITA-ID)","Elena LIZZI (ITA-ID)",1
"Silvia SARDONE (ITA-ID)","Rosanna CONTE (ITA-ID)",1
"Silvia SARDONE (ITA-ID)","Susanna CECCARDI (ITA-ID)",1
"Silvia SARDONE (ITA-ID)","Antonio Maria RINALDI (ITA-ID)",1
"Silvia SARDONE (ITA-ID)","Anna BONFRISCO (ITA-ID)",1
"Silvia SARDONE (ITA-ID)","Simona BALDASSARRE (ITA-ID)",1
"Silvia SARDONE (ITA-ID)","Massimo CASANOVA (ITA-ID)",1
"Silvia SARDONE (ITA-ID)","Valentino GRANT (ITA-ID)",1
"Silvia SARDONE (ITA-ID)","Annalisa TARDINO (ITA-ID)",1
"Silvia SARDONE (ITA-ID)","Matteo ADINOLFI (ITA-ID)",1
"Silvia SARDONE (ITA-ID)","Jean-Lin LACAPELLE (FRA-ID)",1
"Isabella TOVAGLIERI (ITA-ID)","Teuvo HAKKARAINEN (FIN-ID)",1
"Isabella TOVAGLIERI (ITA-ID)","Gianantonio DA RE (ITA-ID)",1
"Isabella TOVAGLIERI (ITA-ID)","Alessandra BASSO (ITA-ID)",1
"Isabella TOVAGLIERI (ITA-ID)","Elena LIZZI (ITA-ID)",1
"Isabella TOVAGLIERI (ITA-ID)","Rosanna CONTE (ITA-ID)",1
"Isabella TOVAGLIERI (ITA-ID)","Thierry MARIANI (FRA-ID)",1
"Isabella TOVAGLIERI (ITA-ID)","Hervé JUVIN (FRA-ID)",1
"Isabella TOVAGLIERI (ITA-ID)","Virginie JORON (FRA-ID)",1
"Isabella TOVAGLIERI (ITA-ID)","Jean-Paul GARRAUD (FRA-ID)",1
"Isabella TOVAGLIERI (ITA-ID)","Aurélia BEIGNEUX (FRA-ID)",1
"Isabella TOVAGLIERI (ITA-ID)","Philippe OLIVIER (FRA-ID)",1
"Isabella TOVAGLIERI (ITA-ID)","André ROUGÉ (FRA-ID)",1
"Isabella TOVAGLIERI (ITA-ID)","Mathilde ANDROUËT (FRA-ID)",1
"Isabella TOVAGLIERI (ITA-ID)","Susanna CECCARDI (ITA-ID)",1
"Isabella TOVAGLIERI (ITA-ID)","Antonio Maria RINALDI (ITA-ID)",1
"Isabella TOVAGLIERI (ITA-ID)","Anna BONFRISCO (ITA-ID)",1
"Isabella TOVAGLIERI (ITA-ID)","Massimo CASANOVA (ITA-ID)",1
"Isabella TOVAGLIERI (ITA-ID)","Valentino GRANT (ITA-ID)",1
"Isabella TOVAGLIERI (ITA-ID)","Annalisa TARDINO (ITA-ID)",1
"Isabella TOVAGLIERI (ITA-ID)","Matteo ADINOLFI (ITA-ID)",1
"Isabella TOVAGLIERI (ITA-ID)","Jean-Lin LACAPELLE (FRA-ID)",1
"Gianna GANCIA (ITA-ID)","Gianantonio DA RE (ITA-ID)",1
"Gianna GANCIA (ITA-ID)","Alessandra BASSO (ITA-ID)",1
"Gianna GANCIA (ITA-ID)","Elena LIZZI (ITA-ID)",1
"Gianna GANCIA (ITA-ID)","Rosanna CONTE (ITA-ID)",1
"Gianna GANCIA (ITA-ID)","Susanna CECCARDI (ITA-ID)",1
"Gianna GANCIA (ITA-ID)","Antonio Maria RINALDI (ITA-ID)",1
"Gianna GANCIA (ITA-ID)","Valentino GRANT (ITA-ID)",1
"Gianna GANCIA (ITA-ID)","Annalisa TARDINO (ITA-ID)",1
"Gianna GANCIA (ITA-ID)","Matteo ADINOLFI (ITA-ID)",1
"Stefania ZAMBELLI (ITA-ID)","Gianantonio DA RE (ITA-ID)",1
"Stefania ZAMBELLI (ITA-ID)","Alessandra BASSO (ITA-ID)",1
"Stefania ZAMBELLI (ITA-ID)","Elena LIZZI (ITA-ID)",1
"Stefania ZAMBELLI (ITA-ID)","Rosanna CONTE (ITA-ID)",1
"Stefania ZAMBELLI (ITA-ID)","Susanna CECCARDI (ITA-ID)",1
"Stefania ZAMBELLI (ITA-ID)","Antonio Maria RINALDI (ITA-ID)",1
"Pierfrancesco MAJORINO (ITA-SD)","Véronique TRILLET-LENOIR (FRA-RENEW)",1
"Pierfrancesco MAJORINO (ITA-SD)","Sira REGO (ESP-GUE_NGL)",1
"Pierfrancesco MAJORINO (ITA-SD)","Adriana MALDONADO LÓPEZ (ESP-SD)",1
"Véronique TRILLET-LENOIR (FRA-RENEW)","Sira REGO (ESP-GUE_NGL)",1
"Véronique TRILLET-LENOIR (FRA-RENEW)","Adriana MALDONADO LÓPEZ (ESP-SD)",1
"Véronique TRILLET-LENOIR (FRA-RENEW)","Álvaro AMARO (PRT-EPP)",1
"Laura HUHTASAARI (FIN-ID)","Teuvo HAKKARAINEN (FIN-ID)",1
"Teuvo HAKKARAINEN (FIN-ID)","Hervé JUVIN (FRA-ID)",1
"Teuvo HAKKARAINEN (FIN-ID)","Virginie JORON (FRA-ID)",1
"Teuvo HAKKARAINEN (FIN-ID)","Mathilde ANDROUËT (FRA-ID)",1
"Teuvo HAKKARAINEN (FIN-ID)","Robert ROOS (NLD-ECR)",1
"Teuvo HAKKARAINEN (FIN-ID)","Bert-Jan RUISSEN (NLD-ECR)",1
"Teuvo HAKKARAINEN (FIN-ID)","Valentino GRANT (ITA-ID)",1
"Teuvo HAKKARAINEN (FIN-ID)","Roman HAIDER (AUT-ID)",1
"Teuvo HAKKARAINEN (FIN-ID)","Jean-Lin LACAPELLE (FRA-ID)",1
"Javier ZARZALEJOS (ESP-EPP)","Isabel BENJUMEA BENJUMEA (ESP-EPP)",1
"Pietro FIOCCHI (ITA-ECR)","Bert-Jan RUISSEN (NLD-ECR)",1
"Pietro FIOCCHI (ITA-ECR)","Nicola PROCACCINI (ITA-ECR)",1
"Pietro FIOCCHI (ITA-ECR)","Raffaele STANCANELLI (ITA-ECR)",1
"Pietro FIOCCHI (ITA-ECR)","Jorge BUXADÉ VILLALBA (ESP-ECR)",1
"Pietro FIOCCHI (ITA-ECR)","Hermann TERTSCH (ESP-ECR)",1
"Pietro FIOCCHI (ITA-ECR)","Andrey SLABAKOV (BGR-ECR)",1
"Pietro FIOCCHI (ITA-ECR)","Mazaly AGUILAR (ESP-ECR)",1
"Pietro FIOCCHI (ITA-ECR)","Vincenzo SOFO (ITA-ECR)",1
"Pietro FIOCCHI (ITA-ECR)","Dominik TARCZYŃSKI (POL-ECR)",1
"Gianantonio DA RE (ITA-ID)","Alessandra BASSO (ITA-ID)",1
"Gianantonio DA RE (ITA-ID)","Elena LIZZI (ITA-ID)",1
"Gianantonio DA RE (ITA-ID)","Rosanna CONTE (ITA-ID)",1
"Gianantonio DA RE (ITA-ID)","Susanna CECCARDI (ITA-ID)",1
"Gianantonio DA RE (ITA-ID)","Antonio Maria RINALDI (ITA-ID)",1
"Gianantonio DA RE (ITA-ID)","Anna BONFRISCO (ITA-ID)",1
"Gianantonio DA RE (ITA-ID)","Simona BALDASSARRE (ITA-ID)",1
"Gianantonio DA RE (ITA-ID)","Valentino GRANT (ITA-ID)",1
"Gianantonio DA RE (ITA-ID)","Annalisa TARDINO (ITA-ID)",1
"Gianantonio DA RE (ITA-ID)","Matteo ADINOLFI (ITA-ID)",1
"Gianantonio DA RE (ITA-ID)","Jean-Lin LACAPELLE (FRA-ID)",1
"Alessandra BASSO (ITA-ID)","Elena LIZZI (ITA-ID)",1
"Alessandra BASSO (ITA-ID)","Rosanna CONTE (ITA-ID)",1
"Alessandra BASSO (ITA-ID)","Thierry MARIANI (FRA-ID)",1
"Alessandra BASSO (ITA-ID)","Hervé JUVIN (FRA-ID)",1
"Alessandra BASSO (ITA-ID)","Virginie JORON (FRA-ID)",1
"Alessandra BASSO (ITA-ID)","Jean-Paul GARRAUD (FRA-ID)",1
"Alessandra BASSO (ITA-ID)","Aurélia BEIGNEUX (FRA-ID)",1
"Alessandra BASSO (ITA-ID)","Philippe OLIVIER (FRA-ID)",1
"Alessandra BASSO (ITA-ID)","André ROUGÉ (FRA-ID)",1
"Alessandra BASSO (ITA-ID)","Mathilde ANDROUËT (FRA-ID)",1
"Alessandra BASSO (ITA-ID)","Susanna CECCARDI (ITA-ID)",1
"Alessandra BASSO (ITA-ID)","Antonio Maria RINALDI (ITA-ID)",1
"Alessandra BASSO (ITA-ID)","Anna BONFRISCO (ITA-ID)",1
"Alessandra BASSO (ITA-ID)","Simona BALDASSARRE (ITA-ID)",1
"Alessandra BASSO (ITA-ID)","Massimo CASANOVA (ITA-ID)",1
"Alessandra BASSO (ITA-ID)","Valentino GRANT (ITA-ID)",1
"Alessandra BASSO (ITA-ID)","Annalisa TARDINO (ITA-ID)",1
"Alessandra BASSO (ITA-ID)","Matteo ADINOLFI (ITA-ID)",1
"Alessandra BASSO (ITA-ID)","Roman HAIDER (AUT-ID)",1
"Alessandra BASSO (ITA-ID)","Jean-Lin LACAPELLE (FRA-ID)",1
"Elena LIZZI (ITA-ID)","Rosanna CONTE (ITA-ID)",1
"Elena LIZZI (ITA-ID)","Thierry MARIANI (FRA-ID)",1
"Elena LIZZI (ITA-ID)","Hervé JUVIN (FRA-ID)",1
"Elena LIZZI (ITA-ID)","Virginie JORON (FRA-ID)",1
"Elena LIZZI (ITA-ID)","Jean-Paul GARRAUD (FRA-ID)",1
"Elena LIZZI (ITA-ID)","Aurélia BEIGNEUX (FRA-ID)",1
"Elena LIZZI (ITA-ID)","Philippe OLIVIER (FRA-ID)",1
"Elena LIZZI (ITA-ID)","André ROUGÉ (FRA-ID)",1
"Elena LIZZI (ITA-ID)","Mathilde ANDROUËT (FRA-ID)",1
"Elena LIZZI (ITA-ID)","Susanna CECCARDI (ITA-ID)",1
"Elena LIZZI (ITA-ID)","Antonio Maria RINALDI (ITA-ID)",1
"Elena LIZZI (ITA-ID)","Anna BONFRISCO (ITA-ID)",1
"Elena LIZZI (ITA-ID)","Simona BALDASSARRE (ITA-ID)",1
"Elena LIZZI (ITA-ID)","Massimo CASANOVA (ITA-ID)",1
"Elena LIZZI (ITA-ID)","Valentino GRANT (ITA-ID)",1
"Elena LIZZI (ITA-ID)","Annalisa TARDINO (ITA-ID)",1
"Elena LIZZI (ITA-ID)","Matteo ADINOLFI (ITA-ID)",1
"Elena LIZZI (ITA-ID)","Jean-Lin LACAPELLE (FRA-ID)",1
"Jérôme RIVIÈRE (FRA-ID)","Thierry MARIANI (FRA-ID)",1
"Jérôme RIVIÈRE (FRA-ID)","Virginie JORON (FRA-ID)",1
"Jérôme RIVIÈRE (FRA-ID)","Philippe OLIVIER (FRA-ID)",1
"Jérôme RIVIÈRE (FRA-ID)","Mathilde ANDROUËT (FRA-ID)",1
"Jérôme RIVIÈRE (FRA-ID)","Jean-Lin LACAPELLE (FRA-ID)",1
"Rosanna CONTE (ITA-ID)","Susanna CECCARDI (ITA-ID)",1
"Rosanna CONTE (ITA-ID)","Antonio Maria RINALDI (ITA-ID)",1
"Rosanna CONTE (ITA-ID)","Anna BONFRISCO (ITA-ID)",1
"Rosanna CONTE (ITA-ID)","Simona BALDASSARRE (ITA-ID)",1
"Rosanna CONTE (ITA-ID)","Massimo CASANOVA (ITA-ID)",1
"Rosanna CONTE (ITA-ID)","Valentino GRANT (ITA-ID)",1
"Rosanna CONTE (ITA-ID)","Annalisa TARDINO (ITA-ID)",1
"Rosanna CONTE (ITA-ID)","Matteo ADINOLFI (ITA-ID)",1
"Rosanna CONTE (ITA-ID)","Jean-Lin LACAPELLE (FRA-ID)",1
"Juan Ignacio ZOIDO ÁLVAREZ (ESP-EPP)","Isabel BENJUMEA BENJUMEA (ESP-EPP)",1
"Thierry MARIANI (FRA-ID)","Hervé JUVIN (FRA-ID)",1
"Thierry MARIANI (FRA-ID)","Virginie JORON (FRA-ID)",1
"Thierry MARIANI (FRA-ID)","Jean-Paul GARRAUD (FRA-ID)",1
"Thierry MARIANI (FRA-ID)","Aurélia BEIGNEUX (FRA-ID)",1
"Thierry MARIANI (FRA-ID)","Philippe OLIVIER (FRA-ID)",1
"Thierry MARIANI (FRA-ID)","André ROUGÉ (FRA-ID)",1
"Thierry MARIANI (FRA-ID)","Mathilde ANDROUËT (FRA-ID)",1
"Thierry MARIANI (FRA-ID)","Bert-Jan RUISSEN (NLD-ECR)",1
"Thierry MARIANI (FRA-ID)","Susanna CECCARDI (ITA-ID)",1
"Thierry MARIANI (FRA-ID)","Antonio Maria RINALDI (ITA-ID)",1
"Thierry MARIANI (FRA-ID)","Anna BONFRISCO (ITA-ID)",1
"Thierry MARIANI (FRA-ID)","Matteo ADINOLFI (ITA-ID)",1
"Thierry MARIANI (FRA-ID)","Jorge BUXADÉ VILLALBA (ESP-ECR)",1
"Thierry MARIANI (FRA-ID)","Hermann TERTSCH (ESP-ECR)",1
"Thierry MARIANI (FRA-ID)","Margarita DE LA PISA CARRIÓN (ESP-ECR)",1
"Thierry MARIANI (FRA-ID)","Jean-Lin LACAPELLE (FRA-ID)",1
"Hervé JUVIN (FRA-ID)","Virginie JORON (FRA-ID)",1
"Hervé JUVIN (FRA-ID)","Jean-Paul GARRAUD (FRA-ID)",1
"Hervé JUVIN (FRA-ID)","Aurélia BEIGNEUX (FRA-ID)",1
"Hervé JUVIN (FRA-ID)","Philippe OLIVIER (FRA-ID)",1
"Hervé JUVIN (FRA-ID)","André ROUGÉ (FRA-ID)",1
"Hervé JUVIN (FRA-ID)","Mathilde ANDROUËT (FRA-ID)",1
"Hervé JUVIN (FRA-ID)","Susanna CECCARDI (ITA-ID)",1
"Hervé JUVIN (FRA-ID)","Antonio Maria RINALDI (ITA-ID)",1
"Hervé JUVIN (FRA-ID)","Anna BONFRISCO (ITA-ID)",1
"Hervé JUVIN (FRA-ID)","Matteo ADINOLFI (ITA-ID)",1
"Hervé JUVIN (FRA-ID)","Jorge BUXADÉ VILLALBA (ESP-ECR)",1
"Hervé JUVIN (FRA-ID)","Roman HAIDER (AUT-ID)",1
"Hervé JUVIN (FRA-ID)","Jean-Lin LACAPELLE (FRA-ID)",1
"Virginie JORON (FRA-ID)","Jean-Paul GARRAUD (FRA-ID)",1
"Virginie JORON (FRA-ID)","Aurélia BEIGNEUX (FRA-ID)",1
"Virginie JORON (FRA-ID)","Philippe OLIVIER (FRA-ID)",1
"Virginie JORON (FRA-ID)","André ROUGÉ (FRA-ID)",1
"Virginie JORON (FRA-ID)","Mathilde ANDROUËT (FRA-ID)",1
"Virginie JORON (FRA-ID)","Robert ROOS (NLD-ECR)",1
"Virginie JORON (FRA-ID)","Bert-Jan RUISSEN (NLD-ECR)",1
"Virginie JORON (FRA-ID)","Susanna CECCARDI (ITA-ID)",1
"Virginie JORON (FRA-ID)","Antonio Maria RINALDI (ITA-ID)",1
"Virginie JORON (FRA-ID)","Anna BONFRISCO (ITA-ID)",1
"Virginie JORON (FRA-ID)","Matteo ADINOLFI (ITA-ID)",1
"Virginie JORON (FRA-ID)","Jorge BUXADÉ VILLALBA (ESP-ECR)",1
"Virginie JORON (FRA-ID)","Hermann TERTSCH (ESP-ECR)",1
"Virginie JORON (FRA-ID)","Roman HAIDER (AUT-ID)",1
"Virginie JORON (FRA-ID)","Jean-Lin LACAPELLE (FRA-ID)",1
"Jean-Paul GARRAUD (FRA-ID)","Aurélia BEIGNEUX (FRA-ID)",1
"Jean-Paul GARRAUD (FRA-ID)","Philippe OLIVIER (FRA-ID)",1
"Jean-Paul GARRAUD (FRA-ID)","André ROUGÉ (FRA-ID)",1
"Jean-Paul GARRAUD (FRA-ID)","Mathilde ANDROUËT (FRA-ID)",1
"Jean-Paul GARRAUD (FRA-ID)","Susanna CECCARDI (ITA-ID)",1
"Jean-Paul GARRAUD (FRA-ID)","Matteo ADINOLFI (ITA-ID)",1
"Jean-Paul GARRAUD (FRA-ID)","Jean-Lin LACAPELLE (FRA-ID)",1
"Vasile BLAGA (ROU-EPP)","Barbara THALER (AUT-EPP)",1
"Dan-Ştefan MOTREANU (ROU-EPP)","Gheorghe-Vlad NISTOR (ROU-EPP)",1
"Alexander BERNHUBER (AUT-EPP)","Simone SCHMIEDTBAUER (AUT-EPP)",1
"Gheorghe FALCĂ (ROU-EPP)","Peter POLLÁK (SVK-EPP)",1
"Angelika WINZIG (AUT-EPP)","Christian SAGARTZ (AUT-EPP)",1
"Cristian TERHEŞ (ROU-ECR)","Robert ROOS (NLD-ECR)",1
"Cristian TERHEŞ (ROU-ECR)","Bert-Jan RUISSEN (NLD-ECR)",1
"Cristian TERHEŞ (ROU-ECR)","Hermann TERTSCH (ESP-ECR)",1
"Simone SCHMIEDTBAUER (AUT-EPP)","Álvaro AMARO (PRT-EPP)",1
"Simone SCHMIEDTBAUER (AUT-EPP)","Andrea CAROPPO (ITA-EPP)",1
"Isabel BENJUMEA BENJUMEA (ESP-EPP)","Dolors MONTSERRAT (ESP-EPP)",1
"Aurélia BEIGNEUX (FRA-ID)","Philippe OLIVIER (FRA-ID)",1
"Aurélia BEIGNEUX (FRA-ID)","André ROUGÉ (FRA-ID)",1
"Aurélia BEIGNEUX (FRA-ID)","Mathilde ANDROUËT (FRA-ID)",1
"Aurélia BEIGNEUX (FRA-ID)","Bert-Jan RUISSEN (NLD-ECR)",1
"Aurélia BEIGNEUX (FRA-ID)","Susanna CECCARDI (ITA-ID)",1
"Aurélia BEIGNEUX (FRA-ID)","Antonio Maria RINALDI (ITA-ID)",1
"Aurélia BEIGNEUX (FRA-ID)","Anna BONFRISCO (ITA-ID)",1
"Aurélia BEIGNEUX (FRA-ID)","Matteo ADINOLFI (ITA-ID)",1
"Aurélia BEIGNEUX (FRA-ID)","Jorge BUXADÉ VILLALBA (ESP-ECR)",1
"Aurélia BEIGNEUX (FRA-ID)","Hermann TERTSCH (ESP-ECR)",1
"Aurélia BEIGNEUX (FRA-ID)","Margarita DE LA PISA CARRIÓN (ESP-ECR)",1
"Aurélia BEIGNEUX (FRA-ID)","Jean-Lin LACAPELLE (FRA-ID)",1
"Sira REGO (ESP-GUE_NGL)","Adriana MALDONADO LÓPEZ (ESP-SD)",1
"Sira REGO (ESP-GUE_NGL)","Manu PINEDA (ESP-GUE_NGL)",1
"Philippe OLIVIER (FRA-ID)","André ROUGÉ (FRA-ID)",1
"Philippe OLIVIER (FRA-ID)","Mathilde ANDROUËT (FRA-ID)",1
"Philippe OLIVIER (FRA-ID)","Susanna CECCARDI (ITA-ID)",1
"Philippe OLIVIER (FRA-ID)","Antonio Maria RINALDI (ITA-ID)",1
"Philippe OLIVIER (FRA-ID)","Anna BONFRISCO (ITA-ID)",1
"Philippe OLIVIER (FRA-ID)","Matteo ADINOLFI (ITA-ID)",1
"Philippe OLIVIER (FRA-ID)","Jean-Lin LACAPELLE (FRA-ID)",1
"André ROUGÉ (FRA-ID)","Mathilde ANDROUËT (FRA-ID)",1
"André ROUGÉ (FRA-ID)","Robert ROOS (NLD-ECR)",1
"André ROUGÉ (FRA-ID)","Bert-Jan RUISSEN (NLD-ECR)",1
"André ROUGÉ (FRA-ID)","Susanna CECCARDI (ITA-ID)",1
"André ROUGÉ (FRA-ID)","Anna BONFRISCO (ITA-ID)",1
"André ROUGÉ (FRA-ID)","Hermann TERTSCH (ESP-ECR)",1
"André ROUGÉ (FRA-ID)","Jean-Lin LACAPELLE (FRA-ID)",1
"Mathilde ANDROUËT (FRA-ID)","Bert-Jan RUISSEN (NLD-ECR)",1
"Mathilde ANDROUËT (FRA-ID)","Susanna CECCARDI (ITA-ID)",1
"Mathilde ANDROUËT (FRA-ID)","Antonio Maria RINALDI (ITA-ID)",1
"Mathilde ANDROUËT (FRA-ID)","Anna BONFRISCO (ITA-ID)",1
"Mathilde ANDROUËT (FRA-ID)","Matteo ADINOLFI (ITA-ID)",1
"Mathilde ANDROUËT (FRA-ID)","Jorge BUXADÉ VILLALBA (ESP-ECR)",1
"Mathilde ANDROUËT (FRA-ID)","Hermann TERTSCH (ESP-ECR)",1
"Mathilde ANDROUËT (FRA-ID)","Jean-Lin LACAPELLE (FRA-ID)",1
"Robert ROOS (NLD-ECR)","Bert-Jan RUISSEN (NLD-ECR)",1
"Robert ROOS (NLD-ECR)","Rob ROOKEN (NLD-ECR)",1
"Robert ROOS (NLD-ECR)","Michiel HOOGEVEEN (NLD-ECR)",1
"Clare DALY (IRL-GUE_NGL)","Mick WALLACE (IRL-GUE_NGL)",1
"Adriana MALDONADO LÓPEZ (ESP-SD)","Álvaro AMARO (PRT-EPP)",1
"Lídia PEREIRA (PRT-EPP)","Liudas MAŽYLIS (LTU-EPP)",1
"Álvaro AMARO (PRT-EPP)","Luisa REGIMENTI (ITA-ID)",1
"Álvaro AMARO (PRT-EPP)","Andrea CAROPPO (ITA-EPP)",1
"Bert-Jan RUISSEN (NLD-ECR)","Nicola PROCACCINI (ITA-ECR)",1
"Bert-Jan RUISSEN (NLD-ECR)","Jorge BUXADÉ VILLALBA (ESP-ECR)",1
"Bert-Jan RUISSEN (NLD-ECR)","Hermann TERTSCH (ESP-ECR)",1
"Bert-Jan RUISSEN (NLD-ECR)","Andrey SLABAKOV (BGR-ECR)",1
"Bert-Jan RUISSEN (NLD-ECR)","Mazaly AGUILAR (ESP-ECR)",1
"Bert-Jan RUISSEN (NLD-ECR)","Vincenzo SOFO (ITA-ECR)",1
"Bert-Jan RUISSEN (NLD-ECR)","Dominik TARCZYŃSKI (POL-ECR)",1
"Bert-Jan RUISSEN (NLD-ECR)","Margarita DE LA PISA CARRIÓN (ESP-ECR)",1
"Bert-Jan RUISSEN (NLD-ECR)","Jean-Lin LACAPELLE (FRA-ID)",1
"Bert-Jan RUISSEN (NLD-ECR)","Michiel HOOGEVEEN (NLD-ECR)",1
"Bert-Jan RUISSEN (NLD-ECR)","Ladislav ILČIĆ (HRV-ECR)",1
"Rob ROOKEN (NLD-ECR)","Michiel HOOGEVEEN (NLD-ECR)",1
"Susanna CECCARDI (ITA-ID)","Antonio Maria RINALDI (ITA-ID)",1
"Susanna CECCARDI (ITA-ID)","Anna BONFRISCO (ITA-ID)",1
"Susanna CECCARDI (ITA-ID)","Simona BALDASSARRE (ITA-ID)",1
"Susanna CECCARDI (ITA-ID)","Massimo CASANOVA (ITA-ID)",1
"Susanna CECCARDI (ITA-ID)","Valentino GRANT (ITA-ID)",1
"Susanna CECCARDI (ITA-ID)","Annalisa TARDINO (ITA-ID)",1
"Susanna CECCARDI (ITA-ID)","Matteo ADINOLFI (ITA-ID)",1
"Susanna CECCARDI (ITA-ID)","Roman HAIDER (AUT-ID)",1
"Susanna CECCARDI (ITA-ID)","Jean-Lin LACAPELLE (FRA-ID)",1
"Antonio Maria RINALDI (ITA-ID)","Anna BONFRISCO (ITA-ID)",1
"Antonio Maria RINALDI (ITA-ID)","Massimo CASANOVA (ITA-ID)",1
"Antonio Maria RINALDI (ITA-ID)","Valentino GRANT (ITA-ID)",1
"Antonio Maria RINALDI (ITA-ID)","Annalisa TARDINO (ITA-ID)",1
"Antonio Maria RINALDI (ITA-ID)","Matteo ADINOLFI (ITA-ID)",1
"Antonio Maria RINALDI (ITA-ID)","Roman HAIDER (AUT-ID)",1
"Antonio Maria RINALDI (ITA-ID)","Jean-Lin LACAPELLE (FRA-ID)",1
"Anna BONFRISCO (ITA-ID)","Massimo CASANOVA (ITA-ID)",1
"Anna BONFRISCO (ITA-ID)","Valentino GRANT (ITA-ID)",1
"Anna BONFRISCO (ITA-ID)","Matteo ADINOLFI (ITA-ID)",1
"Anna BONFRISCO (ITA-ID)","Roman HAIDER (AUT-ID)",1
"Anna BONFRISCO (ITA-ID)","Jean-Lin LACAPELLE (FRA-ID)",1
"Simona BALDASSARRE (ITA-ID)","Luisa REGIMENTI (ITA-ID)",1
"Simona BALDASSARRE (ITA-ID)","Massimo CASANOVA (ITA-ID)",1
"Simona BALDASSARRE (ITA-ID)","Andrea CAROPPO (ITA-EPP)",1
"Simona BALDASSARRE (ITA-ID)","Valentino GRANT (ITA-ID)",1
"Simona BALDASSARRE (ITA-ID)","Matteo ADINOLFI (ITA-ID)",1
"Luisa REGIMENTI (ITA-ID)","Andrea CAROPPO (ITA-EPP)",1
"Massimo CASANOVA (ITA-ID)","Valentino GRANT (ITA-ID)",1
"Massimo CASANOVA (ITA-ID)","Matteo ADINOLFI (ITA-ID)",1
"Valentino GRANT (ITA-ID)","Matteo ADINOLFI (ITA-ID)",1
"Annalisa TARDINO (ITA-ID)","Matteo ADINOLFI (ITA-ID)",1
"Nicola PROCACCINI (ITA-ECR)","Raffaele STANCANELLI (ITA-ECR)",1
"Nicola PROCACCINI (ITA-ECR)","Jorge BUXADÉ VILLALBA (ESP-ECR)",1
"Nicola PROCACCINI (ITA-ECR)","Hermann TERTSCH (ESP-ECR)",1
"Nicola PROCACCINI (ITA-ECR)","Andrey SLABAKOV (BGR-ECR)",1
"Nicola PROCACCINI (ITA-ECR)","Mazaly AGUILAR (ESP-ECR)",1
"Nicola PROCACCINI (ITA-ECR)","Vincenzo SOFO (ITA-ECR)",1
"Nicola PROCACCINI (ITA-ECR)","Dominik TARCZYŃSKI (POL-ECR)",1
"Raffaele STANCANELLI (ITA-ECR)","Vincenzo SOFO (ITA-ECR)",1
"Raffaele STANCANELLI (ITA-ECR)","Dominik TARCZYŃSKI (POL-ECR)",1
"Matteo ADINOLFI (ITA-ID)","Jean-Lin LACAPELLE (FRA-ID)",1
"Jorge BUXADÉ VILLALBA (ESP-ECR)","Hermann TERTSCH (ESP-ECR)",1
"Jorge BUXADÉ VILLALBA (ESP-ECR)","Andrey SLABAKOV (BGR-ECR)",1
"Jorge BUXADÉ VILLALBA (ESP-ECR)","Mazaly AGUILAR (ESP-ECR)",1
"Jorge BUXADÉ VILLALBA (ESP-ECR)","Vincenzo SOFO (ITA-ECR)",1
"Jorge BUXADÉ VILLALBA (ESP-ECR)","Dominik TARCZYŃSKI (POL-ECR)",1
"Jorge BUXADÉ VILLALBA (ESP-ECR)","Margarita DE LA PISA CARRIÓN (ESP-ECR)",1
"Jorge BUXADÉ VILLALBA (ESP-ECR)","Jean-Lin LACAPELLE (FRA-ID)",1
"Hermann TERTSCH (ESP-ECR)","Mazaly AGUILAR (ESP-ECR)",1
"Hermann TERTSCH (ESP-ECR)","Vincenzo SOFO (ITA-ECR)",1
"Hermann TERTSCH (ESP-ECR)","Dominik TARCZYŃSKI (POL-ECR)",1
"Hermann TERTSCH (ESP-ECR)","Margarita DE LA PISA CARRIÓN (ESP-ECR)",1
"Hermann TERTSCH (ESP-ECR)","Jean-Lin LACAPELLE (FRA-ID)",1
"Hermann TERTSCH (ESP-ECR)","Ladislav ILČIĆ (HRV-ECR)",1
"Aušra SEIBUTYTĖ (LTU-EPP)","Liudas MAŽYLIS (LTU-EPP)",1
"Aušra SEIBUTYTĖ (LTU-EPP)","Andrius KUBILIUS (LTU-EPP)",1
"Alexander ALEXANDROV YORDANOV (BGR-EPP)","Salvatore DE MEO (ITA-EPP)",1
"Liudas MAŽYLIS (LTU-EPP)","Andrius KUBILIUS (LTU-EPP)",1
"Andrey SLABAKOV (BGR-ECR)","Mazaly AGUILAR (ESP-ECR)",1
"Andrey SLABAKOV (BGR-ECR)","Dominik TARCZYŃSKI (POL-ECR)",1
"Mazaly AGUILAR (ESP-ECR)","Vincenzo SOFO (ITA-ECR)",1
"Mazaly AGUILAR (ESP-ECR)","Dominik TARCZYŃSKI (POL-ECR)",1
"Mazaly AGUILAR (ESP-ECR)","Margarita DE LA PISA CARRIÓN (ESP-ECR)",1
"Roman HAIDER (AUT-ID)","Jean-Lin LACAPELLE (FRA-ID)",1
"Emmanouil FRAGKOS (GRC-ECR)","Vincenzo SOFO (ITA-ECR)",1
"Vincenzo SOFO (ITA-ECR)","Dominik TARCZYŃSKI (POL-ECR)",1
"Vincenzo SOFO (ITA-ECR)","Margarita DE LA PISA CARRIÓN (ESP-ECR)",1
"Dominik TARCZYŃSKI (POL-ECR)","Margarita DE LA PISA CARRIÓN (ESP-ECR)",1
"Dominik TARCZYŃSKI (POL-ECR)","Ladislav ILČIĆ (HRV-ECR)",1
"Margarita DE LA PISA CARRIÓN (ESP-ECR)","Jean-Lin LACAPELLE (FRA-ID)",1
"Margarita DE LA PISA CARRIÓN (ESP-ECR)","Ladislav ILČIĆ (HRV-ECR)",1
"Karolin BRAUNSBERGER-REINHOLD (DEU-EPP)","Max ORVILLE (FRA-RENEW)",1
"Karsten LUCKE (DEU-SD)","René REPASI (DEU-SD)",1
"Catharina RINZEMA (NLD-RENEW)","Camilla LAURETI (ITA-SD)",1
"René REPASI (DEU-SD)","Camilla LAURETI (ITA-SD)",1
"Camilla LAURETI (ITA-SD)","Max ORVILLE (FRA-RENEW)",1
